sale_key,order_id,product_key,customer_key,location_key,order_date,ship_mode,ship_date,sales
1,CA-2017-152156,1,1,1,2017-11-08,Second Class,2017-11-11,261.96
2,CA-2017-152156,2,1,1,2017-11-08,Second Class,2017-11-11,731.94
3,CA-2017-138688,3,2,2,2017-06-12,Second Class,2017-06-16,14.62
4,US-2016-108966,4,3,3,2016-10-11,Standard Class,2016-10-18,957.5775
5,US-2016-108966,5,3,3,2016-10-11,Standard Class,2016-10-18,22.368
6,CA-2015-115812,6,4,4,2015-06-09,Standard Class,2015-06-14,48.86
7,CA-2015-115812,7,4,4,2015-06-09,Standard Class,2015-06-14,7.28
8,CA-2015-115812,8,4,4,2015-06-09,Standard Class,2015-06-14,907.152
9,CA-2015-115812,9,4,4,2015-06-09,Standard Class,2015-06-14,18.504
10,CA-2015-115812,10,4,4,2015-06-09,Standard Class,2015-06-14,114.9
11,CA-2015-115812,11,4,4,2015-06-09,Standard Class,2015-06-14,1706.184
12,CA-2015-115812,12,4,4,2015-06-09,Standard Class,2015-06-14,911.424
13,CA-2018-114412,13,5,5,2018-04-15,Standard Class,2018-04-20,15.552
14,CA-2017-161389,14,6,6,2017-12-05,Standard Class,2017-12-10,407.976
15,US-2016-118983,15,7,7,2016-11-22,Standard Class,2016-11-26,68.81
16,US-2016-118983,16,7,7,2016-11-22,Standard Class,2016-11-26,2.544
17,CA-2015-105893,17,8,8,2015-11-11,Standard Class,2015-11-18,665.88
18,CA-2015-167164,18,9,9,2015-05-13,Second Class,2015-05-15,55.5
19,CA-2015-143336,19,10,10,2015-08-27,Second Class,2015-09-01,8.56
20,CA-2015-143336,20,10,10,2015-08-27,Second Class,2015-09-01,213.48
21,CA-2015-143336,21,10,10,2015-08-27,Second Class,2015-09-01,22.72
22,CA-2017-137330,22,11,11,2017-12-09,Standard Class,2017-12-13,19.46
23,CA-2017-137330,23,11,11,2017-12-09,Standard Class,2017-12-13,60.34
24,US-2018-156909,24,12,12,2018-07-16,Second Class,2018-07-18,71.372
25,CA-2016-106320,4,13,13,2016-09-25,Standard Class,2016-09-30,1044.63
26,CA-2017-121755,25,14,14,2017-01-16,Second Class,2017-01-20,11.648
27,CA-2017-121755,26,14,14,2017-01-16,Second Class,2017-01-20,90.57
28,US-2016-150630,27,15,12,2016-09-17,Standard Class,2016-09-21,3083.43
29,US-2016-150630,28,15,12,2016-09-17,Standard Class,2016-09-21,9.618
30,US-2016-150630,29,15,12,2016-09-17,Standard Class,2016-09-21,124.2
31,US-2016-150630,30,15,12,2016-09-17,Standard Class,2016-09-21,3.264
32,US-2016-150630,31,15,12,2016-09-17,Standard Class,2016-09-21,86.304
33,US-2016-150630,32,15,12,2016-09-17,Standard Class,2016-09-21,6.858
34,US-2016-150630,33,15,12,2016-09-17,Standard Class,2016-09-21,15.76
35,CA-2018-107727,34,16,15,2018-10-19,Second Class,2018-10-23,29.472
36,CA-2017-117590,35,17,16,2017-12-08,First Class,2017-12-10,1097.544
37,CA-2017-117590,36,17,16,2017-12-08,First Class,2017-12-10,190.92
38,CA-2016-117415,37,18,17,2016-12-27,Standard Class,2016-12-31,113.328
39,CA-2016-117415,38,18,17,2016-12-27,Standard Class,2016-12-31,532.3992
40,CA-2016-117415,39,18,17,2016-12-27,Standard Class,2016-12-31,212.058
41,CA-2016-117415,40,18,17,2016-12-27,Standard Class,2016-12-31,371.168
42,CA-2018-120999,41,19,18,2018-09-10,Standard Class,2018-09-15,147.168
43,CA-2017-101343,42,20,14,2017-07-17,Standard Class,2017-07-22,77.88
44,CA-2018-139619,43,21,19,2018-09-19,Standard Class,2018-09-23,95.616
45,CA-2017-118255,44,22,20,2017-03-11,First Class,2017-03-13,45.98
46,CA-2017-118255,45,22,20,2017-03-11,First Class,2017-03-13,17.46
47,CA-2015-146703,46,23,21,2015-10-20,Second Class,2015-10-25,211.96
48,CA-2017-169194,47,24,22,2017-06-20,Standard Class,2017-06-25,45.0
49,CA-2017-169194,48,24,22,2017-06-20,Standard Class,2017-06-25,21.8
50,CA-2016-115742,49,25,23,2016-04-18,Standard Class,2016-04-22,38.22
51,CA-2016-115742,50,25,23,2016-04-18,Standard Class,2016-04-22,75.18
52,CA-2016-115742,51,25,23,2016-04-18,Standard Class,2016-04-22,6.16
53,CA-2016-115742,52,25,23,2016-04-18,Standard Class,2016-04-22,89.99
54,CA-2017-105816,53,26,24,2017-12-11,Standard Class,2017-12-17,15.26
55,CA-2017-105816,54,26,24,2017-12-11,Standard Class,2017-12-17,1029.95
56,CA-2017-111682,55,27,25,2017-06-17,First Class,2017-06-18,208.56
57,CA-2017-111682,56,27,25,2017-06-17,First Class,2017-06-18,32.4
58,CA-2017-111682,57,27,25,2017-06-17,First Class,2017-06-18,319.41
59,CA-2017-111682,58,27,25,2017-06-17,First Class,2017-06-18,14.56
60,CA-2017-111682,47,27,25,2017-06-17,First Class,2017-06-18,30.0
61,CA-2017-111682,59,27,25,2017-06-17,First Class,2017-06-18,48.48
62,CA-2017-111682,60,27,25,2017-06-17,First Class,2017-06-18,1.68
63,CA-2016-135545,61,28,26,2016-11-24,Standard Class,2016-11-30,13.98
64,CA-2016-135545,62,28,26,2016-11-24,Standard Class,2016-11-30,25.824
65,CA-2016-135545,63,28,26,2016-11-24,Standard Class,2016-11-30,146.73
66,CA-2016-135545,64,28,26,2016-11-24,Standard Class,2016-11-30,79.76
67,US-2016-164175,65,29,27,2016-04-30,Standard Class,2016-05-05,213.115
68,CA-2015-106376,66,30,28,2015-12-05,Standard Class,2015-12-10,1113.024
69,CA-2015-106376,67,30,28,2015-12-05,Standard Class,2015-12-10,167.968
70,CA-2017-119823,68,31,29,2017-06-04,First Class,2017-06-06,75.88
71,CA-2017-106075,69,32,30,2017-09-18,Standard Class,2017-09-23,4.616
72,CA-2018-114440,70,15,31,2018-09-14,Second Class,2018-09-17,19.05
73,US-2016-134026,71,33,32,2016-04-26,Standard Class,2016-05-02,831.936
74,US-2016-134026,72,33,32,2016-04-26,Standard Class,2016-05-02,97.04
75,US-2016-134026,73,33,32,2016-04-26,Standard Class,2016-05-02,72.784
76,US-2018-118038,74,34,17,2018-12-09,First Class,2018-12-11,1.248
77,US-2018-118038,75,34,17,2018-12-09,First Class,2018-12-11,9.708
78,US-2018-118038,76,34,17,2018-12-09,First Class,2018-12-11,27.24
79,US-2015-147606,77,33,33,2015-11-26,Second Class,2015-12-01,19.3
80,CA-2017-127208,78,35,34,2017-06-12,First Class,2017-06-15,208.16
81,CA-2017-127208,79,35,34,2017-06-12,First Class,2017-06-15,16.74
82,CA-2015-139451,80,36,35,2015-10-12,Standard Class,2015-10-16,14.9
83,CA-2015-139451,81,36,35,2015-10-12,Standard Class,2015-10-16,21.39
84,CA-2016-149734,82,37,36,2016-09-03,Standard Class,2016-09-08,200.984
85,US-2018-119662,83,38,37,2018-11-13,First Class,2018-11-16,230.376
86,CA-2018-140088,84,23,38,2018-05-28,Second Class,2018-05-30,301.96
87,CA-2018-155558,85,39,39,2018-10-26,Standard Class,2018-11-02,19.99
88,CA-2018-155558,86,39,39,2018-10-26,Standard Class,2018-11-02,6.16
89,CA-2017-159695,87,40,15,2017-04-05,Second Class,2017-04-10,158.368
90,CA-2017-109806,88,41,2,2017-09-17,Standard Class,2017-09-22,20.1
91,CA-2017-109806,41,41,2,2017-09-17,Standard Class,2017-09-22,73.584
92,CA-2017-109806,89,41,2,2017-09-17,Standard Class,2017-09-22,6.48
93,CA-2016-149587,90,42,40,2016-01-31,Second Class,2016-02-05,12.96
94,CA-2016-149587,91,42,40,2016-01-31,Second Class,2016-02-05,53.34
95,CA-2016-149587,92,42,40,2016-01-31,Second Class,2016-02-05,32.96
96,US-2018-109484,93,43,41,2018-11-06,Standard Class,2018-11-12,5.682
97,CA-2018-161018,94,44,30,2018-11-09,Second Class,2018-11-11,96.53
98,CA-2018-157833,95,45,35,2018-06-17,First Class,2018-06-20,51.312
99,CA-2017-149223,96,46,42,2017-09-06,Standard Class,2017-09-11,77.88
100,CA-2017-158568,97,47,27,2017-08-29,Standard Class,2017-09-02,64.624
101,CA-2017-158568,98,47,27,2017-08-29,Standard Class,2017-09-02,95.976
102,CA-2017-158568,99,47,27,2017-08-29,Standard Class,2017-09-02,1.788
103,CA-2017-129903,100,48,39,2017-12-01,Second Class,2017-12-04,23.92
104,US-2016-156867,101,49,43,2016-11-13,Standard Class,2016-11-17,238.896
105,US-2016-156867,102,49,43,2016-11-13,Standard Class,2016-11-17,102.36
106,US-2016-156867,103,49,43,2016-11-13,Standard Class,2016-11-17,36.882
107,CA-2018-119004,104,50,44,2018-11-23,Standard Class,2018-11-28,74.112
108,CA-2018-119004,105,50,44,2018-11-23,Standard Class,2018-11-28,27.992
109,CA-2018-119004,106,50,44,2018-11-23,Standard Class,2018-11-28,3.304
110,CA-2016-129476,107,51,45,2016-10-15,Standard Class,2016-10-20,339.96
111,CA-2018-146780,108,52,46,2018-12-25,Standard Class,2018-12-30,41.96
112,CA-2017-128867,109,53,47,2017-11-03,Standard Class,2017-11-10,75.96
113,CA-2017-128867,110,53,47,2017-11-03,Standard Class,2017-11-10,27.24
114,CA-2015-115259,111,54,48,2015-08-25,Second Class,2015-08-27,40.096
115,CA-2015-115259,112,54,48,2015-08-25,Second Class,2015-08-27,4.72
116,CA-2015-115259,113,54,48,2015-08-25,Second Class,2015-08-27,23.976
117,CA-2015-115259,114,54,48,2015-08-25,Second Class,2015-08-27,130.464
118,CA-2016-110457,115,55,6,2016-03-02,Standard Class,2016-03-06,787.53
119,US-2016-136476,116,56,49,2016-04-05,Standard Class,2016-04-10,157.794
120,CA-2017-103730,117,57,50,2017-06-12,First Class,2017-06-15,47.04
121,CA-2017-103730,9,57,50,2017-06-12,First Class,2017-06-15,30.84
122,CA-2017-103730,118,57,50,2017-06-12,First Class,2017-06-15,226.56
123,CA-2017-103730,119,57,50,2017-06-12,First Class,2017-06-15,115.02
124,CA-2017-103730,120,57,50,2017-06-12,First Class,2017-06-15,68.04
125,US-2015-152030,121,58,17,2015-12-26,Second Class,2015-12-28,600.558
126,US-2015-134614,122,59,51,2015-09-20,Standard Class,2015-09-25,617.7
127,US-2018-107272,123,60,52,2018-11-05,Standard Class,2018-11-12,2.388
128,US-2018-107272,124,60,52,2018-11-05,Standard Class,2018-11-12,243.992
129,US-2017-125969,65,61,26,2017-11-06,Second Class,2017-11-10,81.424
130,US-2017-125969,125,61,26,2017-11-06,Second Class,2017-11-10,238.56
131,US-2018-164147,126,62,48,2018-02-02,First Class,2018-02-05,59.97
132,US-2018-164147,127,62,48,2018-02-02,First Class,2018-02-05,78.304
133,US-2018-164147,128,62,48,2018-02-02,First Class,2018-02-05,21.456
134,CA-2017-145583,129,63,53,2017-10-13,Standard Class,2017-10-19,20.04
135,CA-2017-145583,130,63,53,2017-10-13,Standard Class,2017-10-19,35.44
136,CA-2017-145583,131,63,53,2017-10-13,Standard Class,2017-10-19,11.52
137,CA-2017-145583,132,63,53,2017-10-13,Standard Class,2017-10-19,4.02
138,CA-2017-145583,133,63,53,2017-10-13,Standard Class,2017-10-19,76.176
139,CA-2017-145583,134,63,53,2017-10-13,Standard Class,2017-10-19,65.88
140,CA-2017-145583,51,63,53,2017-10-13,Standard Class,2017-10-19,43.12
141,CA-2017-110366,29,64,12,2017-09-05,Second Class,2017-09-07,82.8
142,CA-2018-106180,135,65,35,2018-09-18,Standard Class,2018-09-23,8.82
143,CA-2018-106180,136,65,35,2018-09-18,Standard Class,2018-09-23,10.86
144,CA-2018-106180,137,65,35,2018-09-18,Standard Class,2018-09-23,143.7
145,CA-2018-155376,138,66,54,2018-12-22,Standard Class,2018-12-27,839.43
146,CA-2016-110744,83,67,55,2016-09-07,Standard Class,2016-09-12,671.93
147,CA-2015-110072,139,68,56,2015-10-22,Standard Class,2015-10-28,93.888
148,CA-2017-114489,140,69,57,2017-12-05,Standard Class,2017-12-09,384.45
149,CA-2017-114489,141,69,57,2017-12-05,Standard Class,2017-12-09,149.97
150,CA-2017-114489,2,69,57,2017-12-05,Standard Class,2017-12-09,1951.84
151,CA-2017-114489,142,69,57,2017-12-05,Standard Class,2017-12-09,171.55
152,CA-2017-158834,143,70,58,2017-03-13,First Class,2017-03-16,157.92
153,CA-2017-158834,144,70,58,2017-03-13,First Class,2017-03-16,203.184
154,CA-2016-124919,145,71,59,2016-05-31,First Class,2016-06-02,58.38
155,CA-2016-124919,146,71,59,2016-05-31,First Class,2016-06-02,105.52
156,CA-2016-124919,147,71,59,2016-05-31,First Class,2016-06-02,80.88
157,CA-2016-118948,148,72,60,2016-05-28,Standard Class,2016-06-03,6.63
158,CA-2015-104269,121,73,61,2015-03-01,Second Class,2015-03-06,457.568
159,CA-2017-114104,149,74,62,2017-11-20,Standard Class,2017-11-24,14.62
160,CA-2017-114104,150,74,62,2017-11-20,Standard Class,2017-11-24,944.93
161,CA-2017-162733,151,75,63,2017-05-11,First Class,2017-05-12,5.98
162,CA-2016-119697,152,76,64,2016-12-28,Second Class,2016-12-31,54.384
163,CA-2017-154508,153,77,65,2017-11-16,Standard Class,2017-11-20,28.4
164,CA-2017-113817,154,78,61,2017-11-07,Standard Class,2017-11-11,27.68
165,CA-2015-139892,155,79,66,2015-09-08,Standard Class,2015-09-12,9.936
166,CA-2015-139892,156,79,66,2015-09-08,Standard Class,2015-09-12,8159.952
167,CA-2015-139892,157,79,66,2015-09-08,Standard Class,2015-09-12,275.928
168,CA-2015-139892,158,79,66,2015-09-08,Standard Class,2015-09-12,1740.06
169,CA-2015-139892,159,79,66,2015-09-08,Standard Class,2015-09-12,32.064
170,CA-2015-139892,160,79,66,2015-09-08,Standard Class,2015-09-12,177.98
171,CA-2015-139892,161,79,66,2015-09-08,Standard Class,2015-09-12,143.976
172,CA-2015-118962,162,80,26,2015-08-05,Standard Class,2015-08-09,20.94
173,CA-2015-118962,163,80,26,2015-08-05,Standard Class,2015-08-09,110.96
174,CA-2015-118962,164,80,26,2015-08-05,Standard Class,2015-08-09,340.144
175,US-2015-100853,165,81,37,2015-09-14,Standard Class,2015-09-19,52.448
176,US-2015-100853,166,81,37,2015-09-14,Standard Class,2015-09-19,20.16
177,US-2018-152366,167,82,67,2018-04-21,Second Class,2018-04-25,97.264
178,US-2016-101511,168,33,56,2016-11-21,Second Class,2016-11-23,396.802
179,US-2016-101511,169,33,56,2016-11-21,Second Class,2016-11-23,15.88
180,CA-2016-137225,170,83,30,2016-12-15,Standard Class,2016-12-19,3.28
181,CA-2015-166191,171,84,68,2015-12-05,Second Class,2015-12-09,24.816
182,CA-2015-166191,172,84,68,2015-12-05,Second Class,2015-12-09,408.744
183,CA-2015-158274,173,85,69,2015-11-19,Second Class,2015-11-24,503.96
184,CA-2015-158274,174,85,69,2015-11-19,Second Class,2015-11-24,149.95
185,CA-2015-158274,175,85,69,2015-11-19,Second Class,2015-11-24,29.0
186,CA-2017-105018,176,86,70,2017-11-28,Standard Class,2017-12-02,7.16
187,CA-2015-123260,177,87,4,2015-08-26,Standard Class,2015-08-30,176.8
188,CA-2017-157000,178,88,71,2017-07-16,Standard Class,2017-07-22,37.224
189,CA-2017-157000,145,88,71,2017-07-16,Standard Class,2017-07-22,20.016
190,CA-2016-102281,179,89,46,2016-10-12,First Class,2016-10-14,899.136
191,CA-2016-102281,180,89,46,2016-10-12,First Class,2016-10-14,71.76
192,CA-2016-102281,181,89,46,2016-10-12,First Class,2016-10-14,51.84
193,CA-2016-102281,38,89,46,2016-10-12,First Class,2016-10-14,626.352
194,CA-2016-102281,182,89,46,2016-10-12,First Class,2016-10-14,19.9
195,CA-2016-131457,30,90,72,2016-10-31,Standard Class,2016-11-06,14.28
196,CA-2015-140004,183,91,73,2015-03-21,Standard Class,2015-03-25,7.408
197,CA-2015-140004,184,91,73,2015-03-21,Standard Class,2015-03-25,6.048
198,CA-2018-107720,185,92,74,2018-11-06,Standard Class,2018-11-13,46.26
199,US-2018-124303,186,93,75,2018-07-06,Standard Class,2018-07-13,2.946
200,US-2018-124303,187,93,75,2018-07-06,Standard Class,2018-07-13,16.056
201,CA-2018-105074,188,94,76,2018-06-24,Standard Class,2018-06-29,21.744
202,CA-2015-133690,189,95,77,2015-08-03,First Class,2015-08-05,218.75
203,CA-2015-133690,190,95,77,2015-08-03,First Class,2015-08-05,2.6
204,US-2018-116701,191,96,78,2018-12-17,Second Class,2018-12-21,66.284
205,CA-2018-126382,192,97,79,2018-06-03,Standard Class,2018-06-07,35.168
206,CA-2018-108329,193,98,80,2018-12-09,Standard Class,2018-12-14,444.768
207,CA-2018-135860,194,99,81,2018-12-01,Standard Class,2018-12-07,83.92
208,CA-2018-135860,195,99,81,2018-12-01,Standard Class,2018-12-07,131.98
209,CA-2018-135860,123,99,81,2018-12-01,Standard Class,2018-12-07,15.92
210,CA-2018-135860,196,99,81,2018-12-01,Standard Class,2018-12-07,52.29
211,CA-2018-135860,197,99,81,2018-12-01,Standard Class,2018-12-07,91.99
212,CA-2016-101007,198,100,78,2016-02-09,Second Class,2016-02-13,20.8
213,CA-2016-146262,199,101,82,2016-01-02,Standard Class,2016-01-09,23.68
214,CA-2016-146262,200,101,82,2016-01-02,Standard Class,2016-01-09,452.45
215,CA-2016-146262,105,101,82,2016-01-02,Standard Class,2016-01-09,62.982
216,CA-2016-146262,201,101,82,2016-01-02,Standard Class,2016-01-09,1188.0
217,CA-2016-146262,202,101,82,2016-01-02,Standard Class,2016-01-09,89.584
218,CA-2017-130162,178,102,4,2017-10-28,Standard Class,2017-11-01,93.06
219,CA-2017-130162,203,102,4,2017-10-28,Standard Class,2017-11-01,302.376
220,CA-2016-169397,204,103,83,2016-12-24,First Class,2016-12-27,5.584
221,CA-2016-169397,205,103,83,2016-12-24,First Class,2016-12-27,22.704
222,CA-2016-169397,92,103,83,2016-12-24,First Class,2016-12-27,19.776
223,CA-2016-169397,206,103,83,2016-12-24,First Class,2016-12-27,72.704
224,CA-2016-169397,207,103,83,2016-12-24,First Class,2016-12-27,479.988
225,CA-2016-169397,208,103,83,2016-12-24,First Class,2016-12-27,27.168
226,CA-2016-163055,209,104,84,2016-08-09,Standard Class,2016-08-16,2.2
227,CA-2016-163055,210,104,84,2016-08-09,Standard Class,2016-08-16,622.45
228,CA-2016-163055,211,104,84,2016-08-09,Standard Class,2016-08-16,21.98
229,US-2016-145436,212,105,85,2016-02-28,Standard Class,2016-03-04,161.568
230,US-2016-145436,213,105,85,2016-02-28,Standard Class,2016-03-04,389.696
231,US-2015-156216,214,106,44,2015-09-13,Standard Class,2015-09-17,18.648
232,US-2018-100930,215,38,86,2018-04-07,Standard Class,2018-04-12,233.86
233,US-2018-100930,216,38,86,2018-04-07,Standard Class,2018-04-12,620.6145
234,US-2018-100930,214,38,86,2018-04-07,Standard Class,2018-04-12,5.328
235,US-2018-100930,217,38,86,2018-04-07,Standard Class,2018-04-12,258.072
236,US-2018-100930,218,38,86,2018-04-07,Standard Class,2018-04-12,617.976
237,CA-2018-160514,219,107,87,2018-11-12,Standard Class,2018-11-16,10.56
238,CA-2017-157749,220,108,27,2017-06-04,Second Class,2017-06-09,25.92
239,CA-2017-157749,221,108,27,2017-06-04,Second Class,2017-06-09,419.68
240,CA-2017-157749,222,108,27,2017-06-04,Second Class,2017-06-09,11.688
241,CA-2017-157749,223,108,27,2017-06-04,Second Class,2017-06-09,31.984
242,CA-2017-157749,224,108,27,2017-06-04,Second Class,2017-06-09,177.225
243,CA-2017-157749,225,108,27,2017-06-04,Second Class,2017-06-09,4.044
244,CA-2017-157749,183,108,27,2017-06-04,Second Class,2017-06-09,7.408
245,CA-2015-131926,121,109,88,2015-06-01,Second Class,2015-06-06,2001.86
246,CA-2015-131926,226,109,88,2015-06-01,Second Class,2015-06-06,166.72
247,CA-2015-131926,227,109,88,2015-06-01,Second Class,2015-06-06,47.88
248,CA-2015-131926,228,109,88,2015-06-01,Second Class,2015-06-06,1503.25
249,CA-2015-131926,181,109,88,2015-06-01,Second Class,2015-06-06,25.92
250,CA-2017-154739,229,110,10,2017-12-10,Second Class,2017-12-15,321.568
251,CA-2017-145625,230,111,89,2017-09-11,Standard Class,2017-09-17,7.61
252,CA-2017-145625,218,111,89,2017-09-11,Standard Class,2017-09-17,3347.37
253,CA-2017-146941,231,112,24,2017-12-10,First Class,2017-12-13,80.58
254,CA-2017-146941,232,112,24,2017-12-10,First Class,2017-12-13,361.92
255,US-2016-159982,225,113,37,2016-11-28,Standard Class,2016-12-04,12.132
256,US-2016-159982,233,113,37,2016-11-28,Standard Class,2016-12-04,82.368
257,US-2016-159982,147,113,37,2016-11-28,Standard Class,2016-12-04,53.92
258,US-2016-159982,234,113,37,2016-11-28,Standard Class,2016-12-04,647.904
259,CA-2018-163139,235,114,30,2018-12-01,Second Class,2018-12-03,20.37
260,CA-2018-163139,236,114,30,2018-12-01,Second Class,2018-12-03,221.55
261,CA-2018-163139,237,114,30,2018-12-01,Second Class,2018-12-03,17.52
262,US-2018-155299,238,115,90,2018-06-08,Standard Class,2018-06-12,1.624
263,US-2015-106992,156,116,67,2015-09-19,Second Class,2015-09-21,3059.982
264,US-2015-106992,239,116,67,2015-09-19,Second Class,2015-09-21,2519.958
265,CA-2017-125318,240,117,27,2017-06-06,Standard Class,2017-06-13,328.224
266,CA-2016-155040,241,118,91,2016-11-10,Standard Class,2016-11-15,79.9
267,CA-2018-136826,242,119,92,2018-06-16,Standard Class,2018-06-20,14.016
268,CA-2017-111010,243,39,93,2017-01-22,Standard Class,2017-01-28,7.56
269,US-2018-145366,244,120,94,2018-12-09,Standard Class,2018-12-13,37.208
270,US-2018-145366,245,120,94,2018-12-09,Standard Class,2018-12-13,57.576
271,CA-2018-163979,246,121,95,2018-12-28,Second Class,2019-01-02,725.84
272,CA-2016-155334,247,67,10,2016-07-30,First Class,2016-07-31,209.93
273,CA-2016-155334,248,67,10,2016-07-30,First Class,2016-07-31,5.28
274,CA-2016-155334,249,67,10,2016-07-30,First Class,2016-07-31,10.92
275,CA-2018-118136,250,122,96,2018-09-16,First Class,2018-09-17,8.82
276,CA-2018-118136,251,122,96,2018-09-16,First Class,2018-09-17,5.98
277,CA-2018-132976,252,123,12,2018-10-13,Standard Class,2018-10-17,11.648
278,CA-2018-132976,253,123,12,2018-10-13,Standard Class,2018-10-17,18.176
279,CA-2018-132976,254,123,12,2018-10-13,Standard Class,2018-10-17,59.712
280,CA-2018-132976,255,123,12,2018-10-13,Standard Class,2018-10-17,24.84
281,US-2016-161991,256,57,33,2016-09-26,Second Class,2016-09-28,2.08
282,US-2016-161991,257,57,33,2016-09-26,Second Class,2016-09-28,1114.4
283,CA-2016-130890,258,124,26,2016-11-02,Standard Class,2016-11-06,1038.84
284,CA-2016-130883,259,15,41,2016-09-26,Standard Class,2016-10-02,141.76
285,CA-2016-130883,260,15,41,2016-09-26,Standard Class,2016-10-02,239.8
286,CA-2016-130883,261,15,41,2016-09-26,Standard Class,2016-10-02,31.104
287,CA-2017-112697,262,125,97,2017-12-18,Second Class,2017-12-20,254.058
288,CA-2017-112697,167,125,97,2017-12-18,Second Class,2017-12-20,194.528
289,CA-2017-112697,263,125,97,2017-12-18,Second Class,2017-12-20,961.48
290,CA-2017-110772,264,126,48,2017-11-20,Second Class,2017-11-24,19.096
291,CA-2017-110772,265,126,48,2017-11-20,Second Class,2017-11-24,18.496
292,CA-2017-110772,266,126,48,2017-11-20,Second Class,2017-11-24,255.984
293,CA-2017-110772,267,126,48,2017-11-20,Second Class,2017-11-24,86.97
294,CA-2015-111451,268,127,98,2015-12-26,First Class,2015-12-28,300.416
295,CA-2015-111451,269,127,98,2015-12-26,First Class,2015-12-28,230.352
296,CA-2015-111451,270,127,98,2015-12-26,First Class,2015-12-28,218.352
297,CA-2015-111451,271,127,98,2015-12-26,First Class,2015-12-28,78.6
298,CA-2015-111451,272,127,98,2015-12-26,First Class,2015-12-28,27.552
299,CA-2017-142545,273,64,99,2017-10-28,Standard Class,2017-11-03,32.4
300,CA-2017-142545,274,64,99,2017-10-28,Standard Class,2017-11-03,1082.48
301,CA-2017-142545,275,64,99,2017-10-28,Standard Class,2017-11-03,56.91
302,CA-2017-142545,276,64,99,2017-10-28,Standard Class,2017-11-03,77.6
303,CA-2017-142545,277,64,99,2017-10-28,Standard Class,2017-11-03,14.28
304,US-2018-152380,278,102,37,2018-11-19,Standard Class,2018-11-23,219.075
305,CA-2016-144253,279,128,24,2016-05-04,Second Class,2016-05-09,26.8
306,CA-2015-130960,280,34,100,2015-12-30,Standard Class,2016-01-04,9.84
307,CA-2015-111003,281,129,101,2015-06-01,Standard Class,2015-06-06,45.48
308,CA-2015-111003,282,129,101,2015-06-01,Standard Class,2015-06-06,289.2
309,CA-2018-126774,283,130,102,2018-04-15,First Class,2018-04-17,4.89
310,CA-2017-142902,284,131,103,2017-09-12,Second Class,2017-09-14,15.136
311,CA-2017-142902,285,131,103,2017-09-12,Second Class,2017-09-14,466.768
312,CA-2017-142902,286,131,103,2017-09-12,Second Class,2017-09-14,15.232
313,CA-2017-142902,287,131,103,2017-09-12,Second Class,2017-09-14,6.264
314,CA-2015-120887,288,132,104,2015-09-27,Standard Class,2015-10-03,87.54
315,CA-2015-167850,289,133,105,2015-08-09,Standard Class,2015-08-16,178.384
316,CA-2015-167850,290,133,105,2015-08-09,Standard Class,2015-08-16,15.552
317,CA-2015-164259,291,134,106,2015-12-28,First Class,2015-12-30,99.136
318,CA-2015-164973,292,135,24,2015-11-04,Standard Class,2015-11-09,135.882
319,CA-2015-164973,293,135,24,2015-11-04,Standard Class,2015-11-09,3991.98
320,CA-2015-164973,41,135,24,2015-11-04,Standard Class,2015-11-09,275.94
321,CA-2015-164973,294,135,24,2015-11-04,Standard Class,2015-11-09,360.0
322,CA-2015-164973,124,135,24,2015-11-04,Standard Class,2015-11-09,43.57
323,CA-2015-156601,295,136,107,2015-09-19,Standard Class,2015-09-24,7.16
324,CA-2017-162138,271,137,108,2017-04-23,Standard Class,2017-04-27,251.52
325,CA-2017-162138,296,137,108,2017-04-23,Standard Class,2017-04-27,99.99
326,CA-2018-153339,297,138,109,2018-11-03,Second Class,2018-11-05,15.992
327,US-2017-141544,298,139,106,2017-08-30,First Class,2017-09-01,290.898
328,US-2017-141544,299,139,106,2017-08-30,First Class,2017-09-01,54.224
329,US-2017-141544,300,139,106,2017-08-30,First Class,2017-09-01,786.744
330,US-2017-141544,301,139,106,2017-08-30,First Class,2017-09-01,100.24
331,US-2017-141544,302,139,106,2017-08-30,First Class,2017-09-01,37.764
332,US-2017-150147,303,140,64,2017-04-25,Second Class,2017-04-29,82.8
333,US-2017-150147,304,140,64,2017-04-25,Second Class,2017-04-29,20.724
334,US-2017-150147,305,140,64,2017-04-25,Second Class,2017-04-29,4.896
335,CA-2016-137946,306,141,63,2016-09-01,Second Class,2016-09-04,4.752
336,CA-2016-137946,307,141,63,2016-09-01,Second Class,2016-09-04,959.984
337,CA-2016-137946,308,141,63,2016-09-01,Second Class,2016-09-04,14.368
338,CA-2015-129924,309,142,35,2015-07-12,Standard Class,2015-07-17,7.712
339,CA-2015-129924,310,142,35,2015-07-12,Standard Class,2015-07-17,698.352
340,CA-2016-128167,311,108,110,2016-06-22,Second Class,2016-06-26,4.96
341,CA-2015-122336,312,64,12,2015-04-13,Second Class,2015-04-17,17.856
342,CA-2015-122336,14,64,12,2015-04-13,Second Class,2015-04-17,509.97
343,CA-2015-122336,128,64,12,2015-04-13,Second Class,2015-04-17,30.992
344,CA-2015-122336,313,64,12,2015-04-13,Second Class,2015-04-17,71.928
345,US-2016-120712,18,80,111,2016-12-20,Standard Class,2016-12-24,88.8
346,CA-2018-169901,126,143,35,2018-06-15,Standard Class,2018-06-19,47.976
347,CA-2018-134306,184,144,112,2018-07-08,Standard Class,2018-07-12,7.56
348,CA-2018-134306,34,144,112,2018-07-08,Standard Class,2018-07-12,24.56
349,CA-2018-134306,314,144,112,2018-07-08,Standard Class,2018-07-12,12.96
350,CA-2017-129714,235,145,30,2017-09-01,First Class,2017-09-03,6.79
351,CA-2017-129714,315,145,30,2017-09-01,First Class,2017-09-03,24.56
352,CA-2017-129714,316,145,30,2017-09-01,First Class,2017-09-03,3.048
353,CA-2017-129714,315,145,30,2017-09-01,First Class,2017-09-03,49.12
354,CA-2017-129714,317,145,30,2017-09-01,First Class,2017-09-03,4355.168
355,CA-2017-138520,318,146,46,2017-04-08,Standard Class,2017-04-13,388.704
356,CA-2017-138520,319,146,46,2017-04-08,Standard Class,2017-04-13,8.26
357,CA-2017-138520,320,146,46,2017-04-08,Standard Class,2017-04-13,17.04
358,CA-2017-138520,321,146,46,2017-04-08,Standard Class,2017-04-13,34.4
359,CA-2017-130001,188,97,44,2017-04-23,Standard Class,2017-04-28,36.24
360,CA-2018-155698,322,147,113,2018-03-08,First Class,2018-03-11,647.84
361,CA-2018-155698,323,147,113,2018-03-08,First Class,2018-03-11,20.7
362,CA-2018-144904,323,148,30,2018-09-25,Standard Class,2018-10-01,20.7
363,CA-2018-144904,324,148,30,2018-09-25,Standard Class,2018-10-01,488.646
364,CA-2018-144904,325,148,30,2018-09-25,Standard Class,2018-10-01,5.56
365,CA-2018-144904,326,148,30,2018-09-25,Standard Class,2018-10-01,47.12
366,CA-2015-123344,46,149,10,2015-09-24,Standard Class,2015-09-29,211.96
367,CA-2017-155516,327,150,114,2017-10-21,Same Day,2017-10-21,23.2
368,CA-2017-155516,328,150,114,2017-10-21,Same Day,2017-10-21,7.36
369,CA-2017-155516,329,150,114,2017-10-21,Same Day,2017-10-21,104.79
370,CA-2017-155516,38,150,114,2017-10-21,Same Day,2017-10-21,1043.92
371,CA-2018-104745,330,151,115,2018-05-29,Standard Class,2018-06-04,25.92
372,CA-2018-104745,331,151,115,2018-05-29,Standard Class,2018-06-04,53.424
373,US-2015-119137,305,152,116,2015-07-23,Standard Class,2015-07-27,8.16
374,US-2015-119137,332,152,116,2015-07-23,Standard Class,2015-07-27,1023.936
375,US-2015-119137,333,152,116,2015-07-23,Standard Class,2015-07-27,9.24
376,US-2015-119137,334,152,116,2015-07-23,Standard Class,2015-07-27,479.04
377,US-2017-134656,335,153,117,2017-09-28,First Class,2017-10-01,99.136
378,US-2018-134481,336,154,118,2018-08-27,Standard Class,2018-09-01,1488.424
379,CA-2016-130792,337,155,15,2016-04-28,Standard Class,2016-05-05,8.652
380,CA-2016-130792,338,155,15,2016-04-28,Standard Class,2016-05-05,23.832
381,CA-2016-130792,339,155,15,2016-04-28,Standard Class,2016-05-05,12.176
382,CA-2017-134775,340,156,10,2017-10-28,First Class,2017-10-29,50.96
383,CA-2017-134775,341,156,10,2017-10-28,First Class,2017-10-29,49.536
384,CA-2016-125395,342,157,100,2016-06-26,Second Class,2016-06-29,41.9
385,US-2016-168935,343,158,119,2016-11-27,Standard Class,2016-12-02,375.4575
386,US-2016-168935,344,158,119,2016-11-27,Standard Class,2016-12-02,83.976
387,CA-2016-122756,345,159,12,2016-12-03,Standard Class,2016-12-07,482.34
388,CA-2016-122756,346,159,12,2016-12-03,Standard Class,2016-12-07,2.96
389,CA-2015-115973,347,160,94,2015-11-24,First Class,2015-11-26,2.624
390,CA-2018-101798,348,161,30,2018-12-11,Standard Class,2018-12-15,23.36
391,CA-2018-101798,85,161,30,2018-12-11,Standard Class,2018-12-15,39.98
392,US-2015-135972,349,162,120,2015-09-21,Second Class,2015-09-23,246.384
393,US-2015-135972,350,162,120,2015-09-21,Second Class,2015-09-23,1799.97
394,US-2015-134971,351,163,121,2015-06-07,Second Class,2015-06-10,12.462
395,CA-2018-102946,352,164,122,2018-06-30,Standard Class,2018-07-05,75.792
396,CA-2018-165603,353,165,123,2018-10-17,Second Class,2018-10-19,49.96
397,CA-2018-165603,354,165,123,2018-10-17,Second Class,2018-10-19,12.96
398,CA-2016-122259,355,7,31,2016-10-31,Standard Class,2016-11-04,70.12
399,CA-2017-108987,356,166,67,2017-09-08,Second Class,2017-09-10,35.952
400,CA-2017-108987,27,166,67,2017-09-08,Second Class,2017-09-10,2396.2656
401,CA-2017-108987,357,166,67,2017-09-08,Second Class,2017-09-10,131.136
402,CA-2017-108987,358,166,67,2017-09-08,Second Class,2017-09-10,57.584
403,CA-2015-113166,359,167,124,2015-12-24,First Class,2015-12-26,9.568
404,CA-2015-155208,360,71,125,2015-04-16,Standard Class,2015-04-20,39.072
405,CA-2018-117933,361,168,24,2018-12-24,Standard Class,2018-12-29,35.91
406,CA-2018-117457,358,169,95,2018-12-08,Standard Class,2018-12-12,179.95
407,CA-2018-117457,362,169,95,2018-12-08,Standard Class,2018-12-12,1199.976
408,CA-2018-117457,363,169,95,2018-12-08,Standard Class,2018-12-12,27.15
409,CA-2018-117457,364,169,95,2018-12-08,Standard Class,2018-12-12,1004.024
410,CA-2018-117457,365,169,95,2018-12-08,Standard Class,2018-12-12,9.68
411,CA-2018-117457,366,169,95,2018-12-08,Standard Class,2018-12-12,28.35
412,CA-2018-117457,315,169,95,2018-12-08,Standard Class,2018-12-12,55.98
413,CA-2018-117457,367,169,95,2018-12-08,Standard Class,2018-12-12,1336.829
414,CA-2018-117457,368,169,95,2018-12-08,Standard Class,2018-12-12,113.568
415,CA-2018-142636,369,170,60,2018-11-03,Standard Class,2018-11-07,139.86
416,CA-2018-142636,269,170,60,2018-11-03,Standard Class,2018-11-07,307.136
417,CA-2018-122105,370,171,126,2018-06-24,Standard Class,2018-06-28,95.92
418,CA-2017-148796,371,172,26,2017-04-14,Standard Class,2017-04-18,383.8
419,CA-2018-154816,372,147,127,2018-11-06,Standard Class,2018-11-10,5.78
420,CA-2018-110478,373,134,63,2018-03-04,Standard Class,2018-03-09,9.32
421,CA-2018-110478,374,134,63,2018-03-04,Standard Class,2018-03-09,15.25
422,CA-2015-142048,375,33,128,2015-06-22,First Class,2015-06-25,196.752
423,CA-2018-125388,376,173,129,2018-10-19,Standard Class,2018-10-23,56.56
424,CA-2018-125388,377,173,129,2018-10-19,Standard Class,2018-10-23,32.7
425,CA-2018-155705,378,174,130,2018-08-21,Second Class,2018-08-23,866.4
426,CA-2018-149160,379,26,131,2018-11-23,Second Class,2018-11-26,28.4
427,CA-2018-149160,380,26,131,2018-11-23,Second Class,2018-11-26,287.92
428,CA-2015-101476,381,175,132,2015-09-12,First Class,2015-09-13,69.99
429,CA-2018-152275,382,176,66,2018-10-01,Standard Class,2018-10-08,6.672
430,US-2017-123750,383,177,133,2017-04-15,Standard Class,2017-04-21,189.588
431,US-2017-123750,172,177,133,2017-04-15,Standard Class,2017-04-21,408.744
432,US-2017-123750,172,177,133,2017-04-15,Standard Class,2017-04-21,291.96
433,US-2017-123750,384,177,133,2017-04-15,Standard Class,2017-04-21,4.768
434,CA-2017-127369,385,73,112,2017-06-06,First Class,2017-06-07,714.3
435,US-2015-150574,386,178,134,2015-12-19,Standard Class,2015-12-25,4.812
436,US-2015-150574,387,178,134,2015-12-19,Standard Class,2015-12-25,247.8
437,CA-2017-147375,388,179,37,2017-06-12,Second Class,2017-06-14,1007.979
438,CA-2017-147375,315,179,37,2017-06-12,Second Class,2017-06-14,313.488
439,CA-2018-130043,389,180,33,2018-09-15,Standard Class,2018-09-19,31.872
440,CA-2018-157252,390,52,24,2018-01-20,Second Class,2018-01-23,207.846
441,CA-2017-115756,391,8,84,2017-09-05,Second Class,2017-09-07,12.22
442,CA-2017-115756,392,8,84,2017-09-05,Second Class,2017-09-07,194.94
443,CA-2017-115756,393,8,84,2017-09-05,Second Class,2017-09-07,70.95
444,CA-2017-115756,394,8,84,2017-09-05,Second Class,2017-09-07,91.36
445,CA-2017-115756,395,8,84,2017-09-05,Second Class,2017-09-07,242.94
446,CA-2017-115756,396,8,84,2017-09-05,Second Class,2017-09-07,22.05
447,CA-2018-154214,397,181,135,2018-03-20,Second Class,2018-03-25,2.91
448,CA-2017-166674,398,182,136,2017-04-01,Second Class,2017-04-03,59.52
449,CA-2017-166674,399,182,136,2017-04-01,Second Class,2017-04-03,161.94
450,CA-2017-166674,400,182,136,2017-04-01,Second Class,2017-04-03,263.88
451,CA-2017-166674,401,182,136,2017-04-01,Second Class,2017-04-03,30.48
452,CA-2017-166674,402,182,136,2017-04-01,Second Class,2017-04-03,9.84
453,CA-2017-166674,403,182,136,2017-04-01,Second Class,2017-04-03,35.12
454,CA-2018-147277,11,183,76,2018-10-20,Standard Class,2018-10-24,284.364
455,CA-2018-147277,404,183,76,2018-10-20,Standard Class,2018-10-24,665.408
456,CA-2017-100153,405,176,137,2017-12-13,Standard Class,2017-12-17,63.88
457,US-2015-110674,406,184,138,2015-02-12,Standard Class,2015-02-18,129.568
458,US-2017-157945,407,174,68,2017-09-26,Standard Class,2017-10-01,747.558
459,US-2017-157945,408,174,68,2017-09-26,Standard Class,2017-10-01,8.928
460,CA-2016-109638,409,99,61,2016-12-15,Standard Class,2016-12-22,103.92
461,CA-2016-109638,410,99,61,2016-12-15,Standard Class,2016-12-22,899.91
462,CA-2016-109638,411,99,61,2016-12-15,Standard Class,2016-12-22,51.312
463,CA-2017-109869,326,185,52,2017-04-22,Standard Class,2017-04-29,23.56
464,CA-2017-109869,412,185,52,2017-04-22,Standard Class,2017-04-29,1272.63
465,CA-2017-109869,413,185,52,2017-04-22,Standard Class,2017-04-29,28.485
466,CA-2017-109869,414,185,52,2017-04-22,Standard Class,2017-04-29,185.376
467,CA-2017-109869,415,185,52,2017-04-22,Standard Class,2017-04-29,78.272
468,US-2016-101399,270,186,139,2016-01-17,Standard Class,2016-01-24,254.744
469,CA-2018-154907,416,104,140,2018-03-31,Standard Class,2018-04-04,205.3328
470,US-2017-100419,417,114,27,2017-12-16,Second Class,2017-12-20,4.788
471,CA-2016-154144,418,187,141,2016-12-20,Standard Class,2016-12-24,55.48
472,CA-2015-144666,419,188,95,2015-11-09,Second Class,2015-11-11,340.92
473,CA-2015-144666,420,188,95,2015-11-09,Second Class,2015-11-11,222.666
474,CA-2015-144666,421,188,95,2015-11-09,Second Class,2015-11-11,703.968
475,CA-2015-144666,422,188,95,2015-11-09,Second Class,2015-11-11,92.52
476,CA-2015-144666,423,188,95,2015-11-09,Second Class,2015-11-11,62.65
477,CA-2015-144666,424,188,95,2015-11-09,Second Class,2015-11-11,94.85
478,CA-2017-103891,425,121,142,2017-07-12,Standard Class,2017-07-19,95.76
479,CA-2017-152632,279,189,25,2017-10-27,Standard Class,2017-11-02,40.2
480,CA-2017-100790,426,190,24,2017-06-26,Standard Class,2017-07-02,14.7
481,CA-2017-100790,427,190,24,2017-06-26,Standard Class,2017-07-02,704.25
482,CA-2015-134677,428,191,143,2015-10-06,Standard Class,2015-10-10,9.09
483,CA-2015-127691,80,192,24,2015-07-22,Standard Class,2015-07-27,5.96
484,CA-2015-127691,429,192,24,2015-07-22,Standard Class,2015-07-27,159.98
485,CA-2018-140963,430,193,63,2018-06-10,First Class,2018-06-13,29.6
486,CA-2018-140963,431,193,63,2018-06-10,First Class,2018-06-13,514.165
487,CA-2018-140963,432,193,63,2018-06-10,First Class,2018-06-13,279.96
488,CA-2015-154627,433,194,27,2015-10-29,First Class,2015-10-31,2735.952
489,CA-2015-133753,434,195,144,2015-06-09,Second Class,2015-06-13,7.992
490,CA-2015-133753,435,195,144,2015-06-09,Second Class,2015-06-13,63.984
491,CA-2015-133753,400,195,144,2015-06-09,Second Class,2015-06-13,70.368
492,CA-2015-113362,436,196,145,2015-09-14,Standard Class,2015-09-19,449.15
493,CA-2015-113362,437,196,145,2015-09-14,Standard Class,2015-09-19,11.07
494,CA-2017-169166,438,197,61,2017-05-09,Standard Class,2017-05-14,93.98
495,US-2017-120929,439,198,32,2017-03-18,Second Class,2017-03-21,189.882
496,CA-2016-134782,440,199,146,2016-12-27,Standard Class,2016-12-31,105.42
497,CA-2017-126158,441,184,147,2017-07-25,Standard Class,2017-07-31,119.616
498,CA-2017-126158,442,184,147,2017-07-25,Standard Class,2017-07-31,255.76
499,CA-2017-126158,292,184,147,2017-07-25,Standard Class,2017-07-31,241.568
500,CA-2017-126158,443,184,147,2017-07-25,Standard Class,2017-07-31,69.3
501,US-2017-105578,444,200,148,2017-05-30,Standard Class,2017-06-04,22.62
502,US-2017-105578,445,200,148,2017-05-30,Standard Class,2017-06-04,14.952
503,US-2017-105578,446,200,148,2017-05-30,Standard Class,2017-06-04,801.568
504,US-2017-105578,447,200,148,2017-05-30,Standard Class,2017-06-04,2.376
505,US-2017-105578,448,200,148,2017-05-30,Standard Class,2017-06-04,32.792
506,CA-2018-134978,123,183,24,2018-11-12,Second Class,2018-11-15,15.92
507,CA-2016-145352,449,201,149,2016-03-16,Standard Class,2016-03-22,2.74
508,CA-2016-145352,450,201,149,2016-03-16,Standard Class,2016-03-22,8.34
509,CA-2016-145352,231,201,149,2016-03-16,Standard Class,2016-03-22,46.74
510,CA-2016-145352,451,201,149,2016-03-16,Standard Class,2016-03-22,6354.95
511,CA-2018-135307,452,202,150,2018-11-26,First Class,2018-11-27,126.3
512,CA-2018-135307,453,202,150,2018-11-26,First Class,2018-11-27,38.04
513,CA-2017-106341,80,167,56,2017-10-20,First Class,2017-10-23,7.152
514,CA-2018-163405,454,203,14,2018-12-21,Standard Class,2018-12-25,6.63
515,CA-2018-163405,455,203,14,2018-12-21,Standard Class,2018-12-25,5.88
516,CA-2018-127432,456,58,151,2018-01-22,Standard Class,2018-01-27,2999.95
517,CA-2018-127432,457,58,151,2018-01-22,Standard Class,2018-01-27,51.45
518,CA-2018-127432,458,58,151,2018-01-22,Standard Class,2018-01-27,11.96
519,CA-2018-127432,459,58,151,2018-01-22,Standard Class,2018-01-27,1126.02
520,CA-2016-157812,44,204,17,2016-03-22,Standard Class,2016-03-26,18.392
521,CA-2016-157812,460,204,17,2016-03-22,Standard Class,2016-03-26,129.568
522,CA-2016-157812,461,204,17,2016-03-22,Standard Class,2016-03-26,14.112
523,CA-2018-145142,439,205,152,2018-01-23,First Class,2018-01-25,210.98
524,US-2017-139486,462,110,4,2017-05-21,First Class,2017-05-23,55.176
525,US-2017-139486,218,110,4,2017-05-21,First Class,2017-05-23,66.26
526,CA-2016-158792,463,206,129,2016-12-26,Standard Class,2017-01-02,22.2
527,CA-2018-113558,464,207,153,2018-10-21,Standard Class,2018-10-26,683.952
528,CA-2018-113558,286,207,153,2018-10-21,Standard Class,2018-10-26,45.696
529,US-2016-138303,465,208,64,2016-09-03,Standard Class,2016-09-07,36.336
530,US-2016-138303,466,208,64,2016-09-03,Standard Class,2016-09-07,666.248
531,US-2016-138303,467,208,64,2016-09-03,Standard Class,2016-09-07,52.512
532,CA-2016-102848,468,209,2,2016-11-07,Second Class,2016-11-09,190.72
533,US-2018-129441,469,210,4,2018-09-07,Standard Class,2018-09-11,47.94
534,CA-2017-168753,470,211,154,2017-05-29,Second Class,2017-06-01,979.95
535,CA-2017-168753,249,211,154,2017-05-29,Second Class,2017-06-01,22.75
536,CA-2017-126613,471,212,155,2017-07-10,Standard Class,2017-07-16,16.768
537,US-2018-122637,472,213,156,2018-09-03,Second Class,2018-09-08,42.616
538,CA-2016-147851,473,89,30,2016-12-03,Standard Class,2016-12-08,10.752
539,CA-2016-134894,474,214,1,2016-12-07,Standard Class,2016-12-11,152.94
540,CA-2016-134894,475,214,1,2016-12-07,Standard Class,2016-12-11,283.92
541,CA-2015-140795,476,215,157,2015-02-01,First Class,2015-02-03,468.9
542,CA-2017-136924,477,21,116,2017-07-14,First Class,2017-07-17,380.864
543,US-2016-120161,436,216,158,2016-12-18,Standard Class,2016-12-23,646.776
544,CA-2015-103849,478,39,7,2015-05-11,Standard Class,2015-05-16,58.112
545,CA-2015-103849,479,39,7,2015-05-11,Standard Class,2015-05-16,100.792
546,CA-2015-103849,480,39,7,2015-05-11,Standard Class,2015-05-16,66.112
547,CA-2018-162929,481,217,46,2018-11-19,First Class,2018-11-22,41.28
548,CA-2018-162929,482,217,46,2018-11-19,First Class,2018-11-22,13.36
549,CA-2016-113173,55,159,156,2016-11-15,Second Class,2016-11-17,250.272
550,CA-2016-113173,93,159,156,2016-11-15,Second Class,2016-11-17,11.364
551,CA-2016-113173,483,159,156,2016-11-15,Second Class,2016-11-17,8.72
552,CA-2017-136406,484,218,95,2017-04-15,Second Class,2017-04-17,1121.568
553,CA-2018-112774,485,54,134,2018-09-11,First Class,2018-09-12,34.504
554,CA-2018-101945,486,219,33,2018-11-24,Standard Class,2018-11-28,10.824
555,CA-2018-100650,487,159,159,2018-06-29,Second Class,2018-07-03,1295.78
556,CA-2015-155852,488,220,125,2015-03-03,Second Class,2015-03-07,19.456
557,CA-2017-113243,489,221,63,2017-06-10,Standard Class,2017-06-15,20.7
558,CA-2017-113243,490,221,63,2017-06-10,Standard Class,2017-06-15,1335.68
559,CA-2017-113243,491,221,63,2017-06-10,Standard Class,2017-06-15,32.4
560,CA-2018-118731,379,222,95,2018-11-20,Second Class,2018-11-22,42.6
561,CA-2018-118731,492,222,95,2018-11-20,Second Class,2018-11-22,84.056
562,CA-2015-145576,493,223,86,2015-09-14,Second Class,2015-09-18,13.0
563,CA-2015-145576,494,223,86,2015-09-14,Second Class,2015-09-18,13.128
564,CA-2016-130736,495,224,60,2016-12-07,First Class,2016-12-09,3.96
565,CA-2016-130736,287,224,60,2016-12-07,First Class,2016-12-09,2.61
566,CA-2018-137099,496,225,142,2018-12-07,First Class,2018-12-10,374.376
567,CA-2018-156951,497,226,60,2018-10-01,Standard Class,2018-10-08,91.84
568,CA-2018-156951,498,226,60,2018-10-01,Standard Class,2018-10-08,81.088
569,CA-2018-156951,499,226,60,2018-10-01,Standard Class,2018-10-08,19.44
570,CA-2018-156951,500,226,60,2018-10-01,Standard Class,2018-10-08,451.152
571,CA-2018-164826,489,227,24,2018-12-28,Standard Class,2019-01-04,72.45
572,CA-2018-164826,204,227,24,2018-12-28,Standard Class,2019-01-04,13.96
573,CA-2018-164826,306,227,24,2018-12-28,Standard Class,2019-01-04,33.264
574,CA-2018-164826,501,227,24,2018-12-28,Standard Class,2019-01-04,14.85
575,CA-2017-127250,502,228,160,2017-11-03,Standard Class,2017-11-07,8.82
576,CA-2016-149713,497,229,107,2016-09-18,Second Class,2016-09-22,160.72
577,CA-2016-149713,503,229,107,2016-09-18,Second Class,2016-09-22,19.92
578,CA-2016-149713,504,229,107,2016-09-18,Second Class,2016-09-22,7.3
579,CA-2018-118640,124,230,27,2018-07-20,Standard Class,2018-07-26,69.712
580,CA-2018-118640,505,230,27,2018-07-20,Standard Class,2018-07-26,8.792
581,CA-2016-132906,506,231,26,2016-09-10,Standard Class,2016-09-14,51.52
582,CA-2018-145233,35,232,77,2018-12-01,Standard Class,2018-12-05,470.376
583,CA-2018-145233,507,232,77,2018-12-01,Standard Class,2018-12-05,105.584
584,CA-2018-145233,96,232,77,2018-12-01,Standard Class,2018-12-05,31.152
585,CA-2018-145233,508,232,77,2018-12-01,Standard Class,2018-12-05,6.783
586,CA-2018-145233,144,232,77,2018-12-01,Standard Class,2018-12-05,406.368
587,CA-2016-128139,368,233,127,2016-07-03,Standard Class,2016-07-09,70.98
588,CA-2016-128139,509,233,127,2016-07-03,Standard Class,2016-07-09,294.93
589,US-2017-156986,510,234,161,2017-03-20,Standard Class,2017-03-24,84.784
590,US-2017-156986,511,234,161,2017-03-20,Standard Class,2017-03-24,20.736
591,US-2017-156986,441,234,161,2017-03-20,Standard Class,2017-03-24,16.821
592,US-2017-156986,512,234,161,2017-03-20,Standard Class,2017-03-24,10.368
593,CA-2015-135405,513,235,162,2015-01-09,Standard Class,2015-01-13,9.344
594,CA-2015-135405,198,235,162,2015-01-09,Standard Class,2015-01-13,31.2
595,CA-2015-131450,514,236,143,2015-08-08,Standard Class,2015-08-15,76.12
596,CA-2015-131450,362,236,143,2015-08-08,Standard Class,2015-08-15,1199.976
597,CA-2015-131450,289,236,143,2015-08-08,Standard Class,2015-08-15,445.96
598,CA-2015-131450,515,236,143,2015-08-08,Standard Class,2015-08-15,327.76
599,CA-2017-120180,516,237,64,2017-07-14,First Class,2017-07-16,11.632
600,US-2017-100720,517,238,75,2017-07-16,Standard Class,2017-07-21,143.982
601,US-2017-100720,518,238,75,2017-07-16,Standard Class,2017-07-21,494.376
602,US-2017-100720,504,238,75,2017-07-16,Standard Class,2017-07-21,5.84
603,CA-2015-149958,519,239,86,2015-03-15,Standard Class,2015-03-19,142.776
604,CA-2015-149958,286,239,86,2015-03-15,Standard Class,2015-03-19,45.696
605,CA-2015-149958,386,239,86,2015-03-15,Standard Class,2015-03-19,7.218
606,CA-2015-149958,380,239,86,2015-03-15,Standard Class,2015-03-19,43.188
607,CA-2015-149958,520,239,86,2015-03-15,Standard Class,2015-03-19,131.904
608,US-2015-105767,521,240,64,2015-05-23,Standard Class,2015-05-27,3.282
609,US-2015-105767,455,240,64,2015-05-23,Standard Class,2015-05-27,21.168
610,US-2015-105767,522,240,64,2015-05-23,Standard Class,2015-05-27,55.188
611,CA-2017-161816,349,241,163,2017-04-28,First Class,2017-05-01,369.576
612,CA-2017-161816,523,241,163,2017-04-28,First Class,2017-05-01,15.712
613,CA-2017-121223,524,242,106,2017-09-11,Second Class,2017-09-13,8.448
614,CA-2017-121223,525,242,106,2017-09-11,Second Class,2017-09-13,728.946
615,CA-2018-138611,223,243,164,2018-11-14,Second Class,2018-11-17,119.94
616,CA-2018-138611,526,243,164,2018-11-14,Second Class,2018-11-17,3.648
617,CA-2018-117947,527,244,165,2018-08-18,Second Class,2018-08-23,40.48
618,CA-2018-117947,528,244,165,2018-08-18,Second Class,2018-08-23,9.94
619,CA-2018-117947,529,244,165,2018-08-18,Second Class,2018-08-23,107.424
620,CA-2018-117947,530,244,165,2018-08-18,Second Class,2018-08-23,37.91
621,CA-2018-117947,139,244,165,2018-08-18,Second Class,2018-08-23,88.02
622,US-2015-111171,531,245,27,2015-12-26,Standard Class,2015-12-31,8.69
623,CA-2016-138009,532,246,166,2016-11-29,Standard Class,2016-12-03,301.96
624,CA-2016-138009,533,246,166,2016-11-29,Standard Class,2016-12-03,555.21
625,CA-2016-138009,534,246,166,2016-11-29,Standard Class,2016-12-03,523.48
626,CA-2016-138009,31,246,166,2016-11-29,Standard Class,2016-12-03,161.82
627,CA-2018-163020,535,247,30,2018-09-15,Standard Class,2018-09-19,35.56
628,CA-2018-153787,536,248,61,2018-05-19,Standard Class,2018-05-23,97.16
629,CA-2018-133431,537,96,35,2018-12-17,Standard Class,2018-12-21,15.24
630,CA-2018-133431,250,96,35,2018-12-17,Standard Class,2018-12-21,13.23
631,US-2017-135720,538,249,43,2017-12-11,Second Class,2017-12-13,243.384
632,US-2017-135720,539,249,43,2017-12-11,Second Class,2017-12-13,119.8
633,US-2017-135720,540,249,43,2017-12-11,Second Class,2017-12-13,300.768
634,CA-2018-144694,541,206,124,2018-09-24,Second Class,2018-09-26,17.88
635,CA-2018-144694,509,206,124,2018-09-24,Second Class,2018-09-26,235.944
636,CA-2016-168004,542,250,167,2016-10-04,Second Class,2016-10-09,392.94
637,US-2017-123470,543,251,43,2017-08-15,Standard Class,2017-08-21,18.882
638,US-2017-123470,544,251,43,2017-08-15,Standard Class,2017-08-21,122.328
639,CA-2017-115917,221,47,168,2017-05-20,Standard Class,2017-05-25,1049.2
640,CA-2017-115917,545,47,168,2017-05-20,Standard Class,2017-05-25,15.424
641,CA-2017-147067,546,252,40,2017-12-18,Standard Class,2017-12-22,18.84
642,CA-2018-167913,547,253,169,2018-07-30,Second Class,2018-08-03,330.4
643,CA-2018-167913,548,253,169,2018-07-30,Second Class,2018-08-03,26.25
644,CA-2018-106103,218,254,170,2018-06-10,Standard Class,2018-06-15,132.52
645,US-2018-127719,549,70,171,2018-07-21,Standard Class,2018-07-25,6.48
646,CA-2018-126221,550,255,135,2018-12-30,Standard Class,2019-01-05,209.3
647,CA-2017-103947,551,122,172,2017-04-01,Standard Class,2017-04-08,31.56
648,CA-2017-103947,552,122,172,2017-04-01,Standard Class,2017-04-08,30.144
649,CA-2017-160745,346,256,173,2017-12-11,Second Class,2017-12-16,14.8
650,CA-2017-160745,173,256,173,2017-12-11,Second Class,2017-12-16,302.376
651,CA-2017-160745,553,256,173,2017-12-11,Second Class,2017-12-16,316.0
652,CA-2017-132661,68,257,24,2017-10-23,Standard Class,2017-10-29,379.4
653,CA-2018-140844,63,154,46,2018-06-19,Standard Class,2018-06-23,97.82
654,CA-2018-140844,554,154,46,2018-06-19,Standard Class,2018-06-23,103.12
655,CA-2017-137239,555,258,48,2017-08-22,Standard Class,2017-08-28,113.552
656,CA-2017-137239,556,258,48,2017-08-22,Standard Class,2017-08-28,3.318
657,CA-2017-137239,557,258,48,2017-08-22,Standard Class,2017-08-28,134.288
658,US-2017-156097,446,259,174,2017-09-19,Same Day,2017-09-19,701.372
659,US-2017-156097,69,259,174,2017-09-19,Same Day,2017-09-19,2.308
660,CA-2016-146563,519,91,175,2016-08-24,Standard Class,2016-08-28,999.432
661,CA-2016-146563,558,91,175,2016-08-24,Standard Class,2016-08-28,724.08
662,CA-2016-146563,115,91,175,2016-08-24,Standard Class,2016-08-28,918.785
663,CA-2016-146563,110,91,175,2016-08-24,Standard Class,2016-08-28,2.724
664,CA-2017-123666,197,260,165,2017-03-26,Standard Class,2017-03-30,459.95
665,CA-2017-143308,111,117,176,2017-11-04,Same Day,2017-11-04,10.74
666,CA-2018-132682,559,261,177,2018-06-08,Second Class,2018-06-10,23.76
667,CA-2018-132682,259,261,177,2018-06-08,Second Class,2018-06-10,85.056
668,CA-2018-132682,560,261,177,2018-06-08,Second Class,2018-06-10,381.576
669,CA-2015-156314,561,262,178,2015-12-24,First Class,2015-12-26,30.36
670,US-2018-106663,562,247,156,2018-06-09,Standard Class,2018-06-13,23.976
671,US-2018-106663,563,247,156,2018-06-09,Standard Class,2018-06-13,108.925
672,US-2018-106663,127,247,156,2018-06-09,Standard Class,2018-06-13,36.352
673,CA-2018-111178,564,144,117,2018-06-15,Standard Class,2018-06-22,19.56
674,CA-2018-130351,565,263,135,2018-12-05,First Class,2018-12-08,61.44
675,CA-2018-130351,566,263,135,2018-12-05,First Class,2018-12-08,38.9
676,CA-2018-130351,218,263,135,2018-12-05,First Class,2018-12-08,99.39
677,US-2018-119438,567,264,179,2018-03-18,Standard Class,2018-03-23,2.688
678,US-2018-119438,568,264,179,2018-03-18,Standard Class,2018-03-23,27.816
679,US-2018-119438,569,264,179,2018-03-18,Standard Class,2018-03-23,82.524
680,US-2018-119438,570,264,179,2018-03-18,Standard Class,2018-03-23,182.994
681,CA-2017-164511,571,265,24,2017-11-19,Standard Class,2017-11-24,14.352
682,CA-2017-164511,572,265,24,2017-11-19,Standard Class,2017-11-24,64.96
683,CA-2017-164511,457,265,24,2017-11-19,Standard Class,2017-11-24,68.6
684,US-2018-168116,573,266,180,2018-11-04,Same Day,2018-11-04,7999.98
685,US-2018-168116,550,266,180,2018-11-04,Same Day,2018-11-04,167.44
686,CA-2015-157784,332,267,130,2015-07-05,First Class,2015-07-08,479.97
687,CA-2015-157784,574,267,130,2015-07-05,First Class,2015-07-08,14.62
688,CA-2015-157784,89,267,130,2015-07-05,First Class,2015-07-08,19.44
689,CA-2018-161480,575,268,46,2018-12-25,Standard Class,2018-12-29,191.984
690,US-2015-117135,576,269,181,2015-06-21,Second Class,2015-06-23,104.01
691,US-2015-117135,12,269,181,2015-06-21,Second Class,2015-06-23,284.82
692,US-2015-117135,577,269,181,2015-06-21,Second Class,2015-06-23,36.84
693,CA-2016-131534,578,270,2,2016-03-28,Standard Class,2016-04-02,166.24
694,CA-2016-131534,579,270,2,2016-03-28,Standard Class,2016-04-02,33.4
695,CA-2016-119291,291,271,182,2016-05-14,First Class,2016-05-17,198.272
696,CA-2016-119291,580,271,182,2016-05-14,First Class,2016-05-17,47.36
697,CA-2016-119291,82,271,182,2016-05-14,First Class,2016-05-17,200.984
698,CA-2016-119291,581,271,182,2016-05-14,First Class,2016-05-17,97.696
699,CA-2016-119291,582,271,182,2016-05-14,First Class,2016-05-17,2.696
700,CA-2016-119291,583,271,182,2016-05-14,First Class,2016-05-17,18.588
701,CA-2016-119291,305,271,182,2016-05-14,First Class,2016-05-17,4.896
702,CA-2018-114552,192,115,178,2018-09-02,Standard Class,2018-09-08,15.072
703,CA-2017-163755,584,156,6,2017-11-04,Second Class,2017-11-08,209.88
704,CA-2016-142027,585,272,107,2016-04-09,Standard Class,2016-04-14,369.912
705,CA-2015-138527,586,273,183,2015-09-12,Standard Class,2015-09-17,10.368
706,CA-2015-138527,587,273,183,2015-09-12,Standard Class,2015-09-17,166.84
707,CA-2015-138527,453,273,183,2015-09-12,Standard Class,2015-09-17,15.216
708,CA-2015-112158,247,274,46,2015-12-02,First Class,2015-12-04,119.96
709,CA-2015-112158,588,274,46,2015-12-02,First Class,2015-12-04,883.92
710,CA-2015-112158,348,274,46,2015-12-02,First Class,2015-12-04,46.72
711,CA-2015-113887,418,275,46,2015-04-05,First Class,2015-04-07,55.48
712,CA-2018-146136,589,276,184,2018-09-03,Standard Class,2018-09-07,24.448
713,US-2018-100048,590,277,185,2018-05-19,Standard Class,2018-05-24,281.34
714,US-2018-100048,349,277,185,2018-05-19,Standard Class,2018-05-24,307.98
715,US-2018-100048,591,277,185,2018-05-19,Standard Class,2018-05-24,299.97
716,CA-2015-153150,592,115,60,2015-07-01,Second Class,2015-07-06,19.92
717,CA-2015-130092,528,278,22,2015-01-11,First Class,2015-01-14,9.94
718,CA-2018-108910,593,111,56,2018-09-24,Standard Class,2018-09-29,103.056
719,CA-2015-104472,445,279,13,2015-06-02,Standard Class,2015-06-07,59.808
720,CA-2015-104472,391,279,13,2015-06-02,Standard Class,2015-06-07,73.32
721,CA-2017-112942,594,280,63,2017-02-13,Standard Class,2017-02-18,146.82
722,CA-2017-142335,595,173,186,2017-12-15,Standard Class,2017-12-19,1652.94
723,CA-2017-142335,596,173,186,2017-12-15,Standard Class,2017-12-19,296.37
724,CA-2015-117429,597,281,12,2015-10-07,Standard Class,2015-10-13,129.92
725,CA-2017-114713,598,282,187,2017-07-07,Standard Class,2017-07-12,45.584
726,CA-2018-144113,599,283,111,2018-09-16,Standard Class,2018-09-20,17.568
727,CA-2018-144113,600,283,111,2018-09-16,Standard Class,2018-09-20,55.992
728,US-2017-150861,601,284,188,2017-12-03,First Class,2017-12-06,182.72
729,US-2017-150861,602,284,188,2017-12-03,First Class,2017-12-06,400.032
730,US-2017-150861,603,284,188,2017-12-03,First Class,2017-12-06,33.63
731,US-2017-150861,229,284,188,2017-12-03,First Class,2017-12-06,542.646
732,US-2017-150861,396,284,188,2017-12-03,First Class,2017-12-06,6.3
733,CA-2018-131954,460,285,61,2018-01-21,Standard Class,2018-01-25,242.94
734,CA-2018-131954,604,285,61,2018-01-21,Standard Class,2018-01-25,179.97
735,CA-2018-131954,351,285,61,2018-01-21,Standard Class,2018-01-25,99.696
736,CA-2018-131954,45,285,61,2018-01-21,Standard Class,2018-01-25,27.936
737,CA-2018-131954,605,285,61,2018-01-21,Standard Class,2018-01-25,84.98
738,CA-2018-131954,606,285,61,2018-01-21,Standard Class,2018-01-25,18.72
739,CA-2015-132500,607,48,95,2015-09-08,Standard Class,2015-09-12,49.98
740,CA-2015-112326,608,286,18,2015-01-04,Standard Class,2015-01-08,11.784
741,CA-2015-112326,419,286,18,2015-01-04,Standard Class,2015-01-08,272.736
742,CA-2015-112326,609,286,18,2015-01-04,Standard Class,2015-01-08,3.54
743,US-2017-146710,506,287,78,2017-08-27,Standard Class,2017-09-01,51.52
744,US-2017-146710,250,287,78,2017-08-27,Standard Class,2017-09-01,3.528
745,US-2017-146710,610,287,78,2017-08-27,Standard Class,2017-09-01,4.624
746,US-2017-146710,611,287,78,2017-08-27,Standard Class,2017-09-01,55.168
747,CA-2015-124429,224,187,189,2015-05-27,Same Day,2015-05-27,567.12
748,CA-2015-124429,436,187,189,2015-05-27,Same Day,2015-05-27,359.32
749,CA-2017-150889,612,288,190,2017-03-20,Second Class,2017-03-22,11.992
750,CA-2018-126074,613,289,191,2018-10-02,Standard Class,2018-10-06,58.05
751,CA-2018-126074,614,289,191,2018-10-02,Standard Class,2018-10-06,157.74
752,CA-2018-126074,360,289,191,2018-10-02,Standard Class,2018-10-06,56.98
753,CA-2018-126074,615,289,191,2018-10-02,Standard Class,2018-10-06,2.88
754,CA-2017-110499,616,290,95,2017-04-07,First Class,2017-04-09,1199.976
755,CA-2016-135272,562,235,2,2016-12-07,Standard Class,2016-12-12,79.92
756,CA-2017-140928,617,241,134,2017-09-18,Standard Class,2017-09-22,383.438
757,CA-2015-106803,577,291,192,2015-12-29,Standard Class,2016-01-02,24.56
758,CA-2015-106803,539,291,192,2015-12-29,Standard Class,2016-01-02,119.8
759,CA-2018-117240,521,292,30,2018-07-23,Standard Class,2018-07-28,13.128
760,CA-2018-133333,127,293,157,2018-09-18,Standard Class,2018-09-22,22.72
761,CA-2016-112319,491,240,26,2016-08-31,Standard Class,2016-09-05,58.32
762,CA-2018-126046,618,37,149,2018-11-03,Standard Class,2018-11-07,12.39
763,CA-2016-114923,161,294,48,2016-02-08,Standard Class,2016-02-13,107.982
764,CA-2015-162775,153,295,193,2015-01-13,Second Class,2015-01-15,11.36
765,CA-2015-162775,619,295,193,2015-01-13,Second Class,2015-01-15,50.94
766,CA-2015-162775,620,295,193,2015-01-13,Second Class,2015-01-15,646.74
767,CA-2015-162775,621,295,193,2015-01-13,Second Class,2015-01-15,5.64
768,CA-2015-162775,622,295,193,2015-01-13,Second Class,2015-01-15,572.58
769,CA-2015-106810,623,296,105,2015-05-14,Standard Class,2015-05-20,310.88
770,CA-2017-157245,624,98,102,2017-05-19,Standard Class,2017-05-24,641.96
771,CA-2018-104220,625,297,194,2018-01-30,Standard Class,2018-02-05,18.28
772,CA-2018-104220,303,297,194,2018-01-30,Standard Class,2018-02-05,207.0
773,CA-2018-104220,626,297,194,2018-01-30,Standard Class,2018-02-05,32.35
774,CA-2018-104220,9,297,194,2018-01-30,Standard Class,2018-02-05,7.71
775,CA-2018-104220,627,297,194,2018-01-30,Standard Class,2018-02-05,40.3
776,CA-2018-104220,628,297,194,2018-01-30,Standard Class,2018-02-05,34.58
777,CA-2015-165974,629,298,94,2015-06-29,Standard Class,2015-07-06,32.76
778,CA-2016-144267,630,126,95,2016-08-21,First Class,2016-08-23,544.008
779,CA-2016-144267,369,126,95,2016-08-21,First Class,2016-08-23,59.94
780,CA-2016-144267,359,126,95,2016-08-21,First Class,2016-08-23,23.92
781,CA-2016-144267,631,126,95,2016-08-21,First Class,2016-08-23,4.28
782,US-2016-157014,411,299,48,2016-10-03,Second Class,2016-10-06,32.07
783,US-2016-157014,47,299,48,2016-10-03,Second Class,2016-10-06,24.0
784,US-2016-157014,632,299,48,2016-10-03,Second Class,2016-10-06,35.49
785,US-2016-157014,633,299,48,2016-10-03,Second Class,2016-10-06,47.984
786,CA-2016-154921,634,106,38,2016-05-23,Standard Class,2016-05-28,186.69
787,CA-2018-129567,635,53,195,2018-03-17,Second Class,2018-03-21,17.456
788,CA-2016-154620,636,300,195,2016-12-12,Standard Class,2016-12-16,348.928
789,CA-2016-115938,380,194,196,2016-06-26,Standard Class,2016-06-30,143.96
790,CA-2016-115938,422,194,196,2016-06-26,Standard Class,2016-06-30,15.42
791,CA-2016-115938,637,194,196,2016-06-26,Standard Class,2016-06-30,43.04
792,CA-2016-115938,638,194,196,2016-06-26,Standard Class,2016-06-30,332.94
793,CA-2017-105256,639,301,197,2017-05-20,Same Day,2017-05-20,1363.96
794,CA-2015-156433,640,302,95,2015-09-20,Standard Class,2015-09-26,9.96
795,CA-2015-156433,363,302,95,2015-09-20,Standard Class,2015-09-26,21.72
796,CA-2018-151428,615,303,39,2018-09-21,Standard Class,2018-09-26,20.16
797,CA-2016-124653,641,107,145,2016-12-24,First Class,2016-12-26,132.79
798,CA-2016-124653,13,107,145,2016-12-24,First Class,2016-12-26,12.96
799,CA-2016-124653,642,107,145,2016-12-24,First Class,2016-12-26,21.56
800,CA-2016-101910,475,304,198,2016-11-27,Standard Class,2016-12-03,283.92
801,CA-2018-105809,643,305,189,2018-02-20,First Class,2018-02-23,22.23
802,CA-2018-105809,234,305,189,2018-02-20,First Class,2018-02-23,215.968
803,CA-2017-136133,644,305,24,2017-08-18,Second Class,2017-08-23,355.32
804,CA-2017-115504,645,306,69,2017-03-12,Standard Class,2017-03-17,12.96
805,CA-2018-135783,646,307,35,2018-04-22,First Class,2018-04-24,18.28
806,CA-2015-134313,647,155,77,2015-11-01,Standard Class,2015-11-07,43.176
807,CA-2015-134313,648,155,77,2015-11-01,Standard Class,2015-11-07,1983.968
808,CA-2016-140921,379,212,199,2016-02-03,First Class,2016-02-05,28.4
809,CA-2016-140921,649,212,199,2016-02-03,First Class,2016-02-05,149.97
810,CA-2015-151995,650,234,200,2015-10-13,First Class,2015-10-15,11.52
811,CA-2015-151995,258,234,200,2015-10-13,First Class,2015-10-15,1298.55
812,CA-2015-151995,651,234,200,2015-10-13,First Class,2015-10-15,213.92
813,CA-2015-151995,554,234,200,2015-10-13,First Class,2015-10-15,25.78
814,CA-2018-143686,646,308,201,2018-05-14,Same Day,2018-05-14,18.28
815,CA-2018-143686,652,308,201,2018-05-14,Same Day,2018-05-14,1399.93
816,CA-2016-106565,181,309,202,2016-03-20,First Class,2016-03-23,51.84
817,CA-2017-149370,653,204,12,2017-09-15,Standard Class,2017-09-19,5.344
818,CA-2015-140858,89,223,12,2015-06-28,Standard Class,2015-07-02,41.472
819,CA-2015-140858,654,223,12,2015-06-28,Standard Class,2015-07-02,3.168
820,CA-2015-140858,655,223,12,2015-06-28,Standard Class,2015-07-02,1228.465
821,CA-2015-140858,656,223,12,2015-06-28,Standard Class,2015-07-02,31.086
822,CA-2015-140858,657,223,12,2015-06-28,Standard Class,2015-07-02,335.52
823,CA-2018-101434,658,310,99,2018-06-20,Standard Class,2018-06-27,239.97
824,CA-2018-101434,608,310,99,2018-06-20,Standard Class,2018-06-27,9.82
825,US-2015-102071,659,311,95,2015-05-09,Standard Class,2015-05-15,67.8
826,US-2015-102071,202,311,95,2015-05-09,Standard Class,2015-05-15,167.97
827,CA-2018-126956,660,219,88,2018-08-21,Standard Class,2018-08-28,35.0
828,CA-2018-126956,661,219,88,2018-08-21,Standard Class,2018-08-28,37.24
829,CA-2018-126956,662,219,88,2018-08-21,Standard Class,2018-08-28,15.28
830,CA-2018-129462,663,33,203,2018-06-16,Second Class,2018-06-21,301.96
831,CA-2018-129462,664,33,203,2018-06-16,Second Class,2018-06-21,180.66
832,CA-2018-129462,665,33,203,2018-06-16,Second Class,2018-06-21,191.98
833,CA-2018-129462,666,33,203,2018-06-16,Second Class,2018-06-21,65.99
834,CA-2017-165316,667,81,86,2017-07-23,Standard Class,2017-07-27,35.216
835,CA-2017-165316,668,81,86,2017-07-23,Standard Class,2017-07-27,23.696
836,CA-2017-165316,669,81,86,2017-07-23,Standard Class,2017-07-27,265.475
837,US-2015-115987,670,294,179,2015-09-08,Second Class,2015-09-13,51.184
838,US-2018-156083,671,312,85,2018-11-04,Standard Class,2018-11-11,9.664
839,US-2017-137547,403,183,7,2017-03-07,Standard Class,2017-03-12,21.072
840,CA-2016-100454,627,313,46,2016-11-20,Standard Class,2016-11-25,60.45
841,CA-2016-100454,672,313,46,2016-11-20,Standard Class,2016-11-25,11.52
842,CA-2016-100454,673,313,46,2016-11-20,Standard Class,2016-11-25,186.048
843,CA-2017-161669,674,314,2,2017-11-07,First Class,2017-11-09,37.44
844,CA-2017-161669,675,314,2,2017-11-07,First Class,2017-11-09,26.976
845,CA-2017-161669,676,314,2,2017-11-07,First Class,2017-11-09,11.36
846,CA-2017-161669,677,314,2,2017-11-07,First Class,2017-11-09,14.62
847,CA-2016-114300,180,315,176,2016-10-13,Standard Class,2016-10-17,83.72
848,CA-2016-114300,269,315,176,2016-10-13,Standard Class,2016-10-17,287.94
849,CA-2018-107503,678,316,204,2018-01-01,Standard Class,2018-01-06,48.896
850,CA-2015-107755,679,317,205,2015-02-07,Standard Class,2015-02-12,115.36
851,CA-2017-152534,680,318,206,2017-06-20,Second Class,2017-06-25,5.16
852,CA-2017-152534,681,318,206,2017-06-20,Second Class,2017-06-25,38.88
853,CA-2017-113747,291,105,130,2017-05-28,Standard Class,2017-06-04,185.88
854,CA-2017-123274,643,219,46,2017-02-19,Standard Class,2017-02-24,44.46
855,CA-2017-123274,460,219,46,2017-02-19,Standard Class,2017-02-24,242.94
856,CA-2015-125612,682,319,46,2015-08-03,Standard Class,2015-08-08,39.96
857,CA-2015-125612,683,319,46,2015-08-03,Standard Class,2015-08-08,102.3
858,CA-2015-125612,684,319,46,2015-08-03,Standard Class,2015-08-08,21.36
859,CA-2018-161984,230,320,207,2018-04-10,Standard Class,2018-04-15,7.61
860,CA-2018-161984,295,320,207,2018-04-10,Standard Class,2018-04-15,7.16
861,CA-2015-133851,328,321,35,2015-06-09,Standard Class,2015-06-16,7.36
862,CA-2015-133851,685,321,35,2015-06-09,Standard Class,2015-06-16,23.1
863,CA-2017-134474,686,296,134,2017-01-05,Second Class,2017-01-07,191.472
864,CA-2017-134474,687,296,134,2017-01-05,Second Class,2017-01-07,5.248
865,CA-2017-134474,688,296,134,2017-01-05,Second Class,2017-01-07,59.184
866,CA-2015-149020,689,322,29,2015-01-10,Standard Class,2015-01-15,2.89
867,CA-2015-149020,690,322,29,2015-01-10,Standard Class,2015-01-15,51.94
868,CA-2017-134362,691,323,12,2017-09-29,First Class,2017-10-02,15.936
869,CA-2015-136742,692,324,208,2015-04-06,Standard Class,2015-04-10,44.91
870,CA-2017-158099,693,325,106,2017-09-03,First Class,2017-09-05,1141.47
871,CA-2017-158099,496,325,106,2017-09-03,First Class,2017-09-05,280.782
872,CA-2016-131128,694,15,209,2016-10-19,First Class,2016-10-20,34.44
873,CA-2015-148488,253,326,30,2015-12-10,Standard Class,2015-12-15,11.36
874,CA-2015-148488,413,326,30,2015-12-10,Standard Class,2015-12-15,106.344
875,CA-2018-114636,695,316,44,2018-08-25,Standard Class,2018-08-29,192.16
876,CA-2017-116736,217,255,209,2017-01-17,Standard Class,2017-01-21,322.59
877,CA-2017-116736,247,255,209,2017-01-17,Standard Class,2017-01-21,29.99
878,CA-2017-116736,696,255,209,2017-01-17,Standard Class,2017-01-21,371.97
879,US-2015-158638,697,327,75,2015-09-17,Standard Class,2015-09-21,5.892
880,CA-2018-111689,698,7,24,2018-11-30,Second Class,2018-12-02,68.472
881,CA-2018-111689,158,7,24,2018-11-30,Second Class,2018-12-02,1242.9
882,CA-2016-129098,422,55,29,2016-10-09,Standard Class,2016-10-13,30.84
883,US-2018-123463,582,48,10,2018-12-23,Same Day,2018-12-23,13.48
884,CA-2017-165148,546,328,84,2017-10-22,First Class,2017-10-24,31.4
885,CA-2015-134061,699,329,145,2015-04-29,Standard Class,2015-05-04,17.46
886,CA-2016-143602,700,330,63,2016-04-25,Second Class,2016-04-28,13.944
887,CA-2018-115364,701,221,189,2018-06-26,Standard Class,2018-07-02,83.76
888,CA-2018-150707,62,331,210,2018-10-14,Standard Class,2018-10-19,37.66
889,CA-2015-104976,372,317,35,2015-12-09,Standard Class,2015-12-16,34.68
890,CA-2018-132934,702,189,132,2018-06-20,Standard Class,2018-06-26,149.95
891,CA-2018-132934,411,189,132,2018-06-20,Standard Class,2018-06-26,51.312
892,CA-2018-133256,703,275,84,2018-06-26,First Class,2018-06-27,4.54
893,CA-2018-133256,704,275,84,2018-06-26,First Class,2018-06-27,15.92
894,CA-2018-133256,705,275,84,2018-06-26,First Class,2018-06-27,543.92
895,CA-2017-105494,331,332,35,2017-11-10,First Class,2017-11-12,155.82
896,CA-2017-105494,706,332,35,2017-11-10,First Class,2017-11-12,70.008
897,CA-2017-140634,707,333,15,2017-10-03,Second Class,2017-10-06,15.648
898,CA-2015-144407,430,334,84,2015-09-09,Standard Class,2015-09-15,103.6
899,CA-2018-160983,708,335,136,2018-10-29,Second Class,2018-10-31,46.96
900,US-2017-114622,709,336,158,2017-04-10,First Class,2017-04-12,8.904
901,CA-2018-150959,710,144,211,2018-11-11,First Class,2018-11-13,10.44
902,CA-2018-150959,711,144,211,2018-11-11,First Class,2018-11-13,18.336
903,CA-2018-132353,150,73,156,2018-09-15,First Class,2018-09-17,323.976
904,CA-2017-130477,712,96,4,2017-04-08,Standard Class,2017-04-12,20.04
905,CA-2017-130477,572,96,4,2017-04-08,Standard Class,2017-04-12,64.96
906,CA-2017-130477,713,96,4,2017-04-08,Standard Class,2017-04-12,12.96
907,CA-2018-143259,714,23,30,2018-12-30,Standard Class,2019-01-03,323.136
908,CA-2018-143259,715,23,30,2018-12-30,Standard Class,2019-01-03,90.93
909,CA-2018-143259,716,23,30,2018-12-30,Standard Class,2019-01-03,52.776
910,CA-2018-137596,717,337,31,2018-09-02,Standard Class,2018-09-07,1199.8
911,CA-2018-137596,718,337,31,2018-09-02,Standard Class,2018-09-07,1928.78
912,CA-2018-137596,719,337,31,2018-09-02,Standard Class,2018-09-07,352.38
913,CA-2016-133627,346,338,212,2016-05-31,Standard Class,2016-06-07,22.2
914,CA-2018-102519,268,313,202,2018-11-27,First Class,2018-11-29,46.94
915,CA-2018-102519,405,313,202,2018-11-27,First Class,2018-11-29,143.73
916,US-2015-141215,720,127,66,2015-06-15,Standard Class,2015-06-21,99.918
917,US-2015-141215,464,127,66,2015-06-15,Standard Class,2015-06-21,797.944
918,US-2015-141215,277,127,66,2015-06-15,Standard Class,2015-06-21,8.568
919,CA-2017-165218,634,339,78,2017-03-05,Standard Class,2017-03-11,149.352
920,CA-2017-165218,721,339,78,2017-03-05,Standard Class,2017-03-11,12.992
921,CA-2015-138296,577,117,213,2015-12-05,Standard Class,2015-12-12,24.56
922,CA-2016-111164,722,340,30,2016-04-11,Standard Class,2016-04-15,85.14
923,CA-2016-111164,723,340,30,2016-04-11,Standard Class,2016-04-15,21.99
924,CA-2016-111164,724,340,30,2016-04-11,Standard Class,2016-04-15,406.6
925,CA-2017-149797,116,341,165,2017-09-15,Standard Class,2017-09-20,841.568
926,CA-2015-132962,725,342,106,2015-09-13,First Class,2015-09-16,15.552
927,CA-2015-132962,726,342,106,2015-09-13,First Class,2015-09-16,252.0
928,CA-2016-115091,333,343,29,2016-10-05,Standard Class,2016-10-09,46.2
929,CA-2016-115091,337,343,29,2016-10-05,Standard Class,2016-10-09,28.84
930,CA-2018-144932,488,270,214,2018-04-14,First Class,2018-04-17,14.592
931,CA-2018-144932,727,270,214,2018-04-14,First Class,2018-04-17,89.856
932,CA-2018-144932,610,270,214,2018-04-14,First Class,2018-04-17,13.872
933,CA-2018-114216,728,344,12,2018-09-02,Standard Class,2018-09-06,12.192
934,CA-2017-140081,729,345,75,2017-06-20,Standard Class,2017-06-24,45.056
935,CA-2017-140081,730,345,75,2017-06-20,Standard Class,2017-06-24,29.718
936,CA-2017-140081,681,345,75,2017-06-20,Standard Class,2017-06-24,15.552
937,CA-2017-140081,138,345,75,2017-06-20,Standard Class,2017-06-24,447.696
938,US-2018-111745,332,20,215,2018-11-05,First Class,2018-11-06,159.99
939,CA-2016-148250,731,346,216,2016-12-13,Standard Class,2016-12-17,12.96
940,CA-2016-148250,732,346,216,2016-12-13,Standard Class,2016-12-17,134.48
941,CA-2017-105760,733,347,95,2017-06-19,First Class,2017-06-20,17.12
942,CA-2017-142958,734,339,217,2017-12-13,Standard Class,2017-12-20,6.096
943,CA-2017-142958,4,339,217,2017-12-13,Standard Class,2017-12-20,1114.272
944,CA-2016-120880,512,140,60,2016-05-29,Standard Class,2016-06-03,32.4
945,CA-2016-120880,735,140,60,2016-05-29,Standard Class,2016-06-03,540.57
946,CA-2016-120880,736,140,60,2016-05-29,Standard Class,2016-06-03,167.76
947,US-2016-140200,737,223,155,2016-07-26,First Class,2016-07-28,393.165
948,US-2018-110576,738,177,75,2018-11-28,Standard Class,2018-12-02,516.488
949,US-2018-110576,221,177,75,2018-11-28,Standard Class,2018-12-02,1007.232
950,US-2018-110576,739,177,75,2018-11-28,Standard Class,2018-12-02,2065.32
951,US-2018-110576,740,177,75,2018-11-28,Standard Class,2018-12-02,15.552
952,US-2018-110576,219,177,75,2018-11-28,Standard Class,2018-12-02,25.344
953,CA-2018-131156,741,348,106,2018-04-03,Standard Class,2018-04-07,25.472
954,CA-2018-136539,208,349,218,2018-12-28,Standard Class,2019-01-01,27.168
955,CA-2018-136539,267,349,218,2018-12-28,Standard Class,2019-01-01,78.8528
956,CA-2018-119305,55,350,130,2018-11-30,Standard Class,2018-12-04,173.8
957,CA-2018-102414,688,351,52,2018-05-15,Second Class,2018-05-18,29.592
958,CA-2018-102414,742,351,52,2018-05-15,Second Class,2018-05-18,4.752
959,CA-2018-102414,743,351,52,2018-05-15,Second Class,2018-05-18,15.552
960,CA-2016-112571,744,352,219,2016-09-22,Same Day,2016-09-22,204.6
961,CA-2018-152142,229,353,95,2018-11-14,Standard Class,2018-11-19,321.568
962,CA-2016-160059,745,354,146,2016-11-27,Standard Class,2016-12-01,6.24
963,CA-2017-120859,467,52,95,2017-09-01,First Class,2017-09-04,21.88
964,CA-2015-127488,746,334,220,2015-09-22,Second Class,2015-09-24,4.608
965,CA-2018-135279,747,355,165,2018-04-09,First Class,2018-04-11,9.82
966,CA-2018-135279,370,355,165,2018-04-09,First Class,2018-04-11,35.97
967,CA-2018-135279,748,355,165,2018-04-09,First Class,2018-04-11,12.96
968,CA-2018-135279,749,355,165,2018-04-09,First Class,2018-04-11,191.6
969,CA-2018-135279,746,355,165,2018-04-09,First Class,2018-04-11,8.64
970,CA-2018-135279,750,355,165,2018-04-09,First Class,2018-04-11,501.81
971,CA-2015-115791,751,112,64,2015-01-16,Second Class,2015-01-18,127.104
972,CA-2015-115791,303,112,64,2015-01-16,Second Class,2015-01-18,124.2
973,CA-2015-115791,583,112,64,2015-01-16,Second Class,2015-01-18,18.588
974,CA-2015-115791,301,112,64,2015-01-16,Second Class,2015-01-18,30.072
975,US-2018-103247,462,286,165,2018-10-05,Second Class,2018-10-08,160.93
976,US-2018-103247,352,286,165,2018-10-05,Second Class,2018-10-08,75.792
977,US-2018-100209,752,144,41,2018-07-09,Standard Class,2018-07-15,1.08
978,CA-2018-159366,156,309,186,2018-01-07,First Class,2018-01-10,3059.982
979,CA-2017-145499,521,356,125,2017-05-30,First Class,2017-05-31,3.282
980,CA-2016-157035,753,34,135,2016-12-09,First Class,2016-12-12,34.02
981,CA-2017-144939,638,13,46,2017-10-03,Standard Class,2017-10-08,599.292
982,CA-2015-163419,754,357,128,2015-11-11,Second Class,2015-11-14,3.392
983,CA-2015-163419,755,357,128,2015-11-11,Second Class,2015-11-14,559.984
984,CA-2015-163419,663,357,128,2015-11-11,Second Class,2015-11-14,603.92
985,CA-2018-100314,640,358,90,2018-09-29,Standard Class,2018-10-05,7.968
986,CA-2018-100314,756,358,90,2018-09-29,Standard Class,2018-10-05,27.968
987,CA-2018-100314,757,358,90,2018-09-29,Standard Class,2018-10-05,336.51
988,CA-2016-146829,758,359,17,2016-03-10,Same Day,2016-03-10,1.112
989,CA-2018-167899,576,190,136,2018-05-21,Standard Class,2018-05-26,520.05
990,CA-2018-167899,759,190,136,2018-05-21,Standard Class,2018-05-26,17.97
991,CA-2016-153549,285,360,134,2016-03-29,Second Class,2016-03-31,1166.92
992,CA-2017-110023,625,60,24,2017-09-09,First Class,2017-09-11,14.624
993,CA-2017-105585,264,289,59,2017-08-26,First Class,2017-08-27,10.23
994,CA-2017-105585,760,289,59,2017-08-26,First Class,2017-08-27,154.9
995,CA-2015-117639,761,361,221,2015-05-21,Standard Class,2015-05-25,2715.93
996,CA-2015-117639,639,361,221,2015-05-21,Standard Class,2015-05-25,617.97
997,CA-2016-162537,762,362,1,2016-10-28,Standard Class,2016-11-03,10.67
998,CA-2016-162537,763,362,1,2016-10-28,Standard Class,2016-11-03,36.63
999,CA-2016-162537,764,362,1,2016-10-28,Standard Class,2016-11-03,24.1
1000,CA-2016-162537,284,362,1,2016-10-28,Standard Class,2016-11-03,33.11
1001,CA-2017-155488,667,87,173,2017-11-13,Standard Class,2017-11-17,44.02
1002,CA-2016-124891,765,303,24,2016-07-31,Same Day,2016-07-31,2309.65
1003,CA-2016-124891,258,303,24,2016-07-31,Same Day,2016-07-31,1090.782
1004,CA-2016-124891,748,303,24,2016-07-31,Same Day,2016-07-31,19.44
1005,CA-2016-126445,766,363,222,2016-08-27,Standard Class,2016-08-31,484.65
1006,CA-2016-111199,695,301,223,2016-11-13,Standard Class,2016-11-17,115.296
1007,CA-2016-105312,112,364,58,2016-11-06,First Class,2016-11-09,7.08
1008,CA-2016-105312,767,364,58,2016-11-06,First Class,2016-11-09,4.401
1009,US-2018-106705,423,139,224,2018-12-26,Standard Class,2019-01-01,44.75
1010,CA-2018-135034,161,248,156,2018-08-01,First Class,2018-08-03,95.984
1011,CA-2015-158540,768,365,89,2015-11-24,First Class,2015-11-26,151.72
1012,CA-2018-118437,29,59,225,2018-06-17,Second Class,2018-06-21,155.25
1013,CA-2018-118437,769,59,225,2018-06-17,Second Class,2018-06-21,14.03
1014,US-2016-126214,210,366,6,2016-12-21,Second Class,2016-12-24,1618.37
1015,US-2016-126214,770,366,6,2016-12-21,Second Class,2016-12-24,99.6
1016,CA-2016-133025,261,247,2,2016-09-17,Second Class,2016-09-19,32.4
1017,CA-2016-108665,771,367,165,2016-07-06,Standard Class,2016-07-10,13.96
1018,CA-2016-108665,690,367,165,2016-07-06,Standard Class,2016-07-10,155.82
1019,CA-2016-108665,772,367,165,2016-07-06,Standard Class,2016-07-10,124.95
1020,CA-2016-108665,773,367,165,2016-07-06,Standard Class,2016-07-10,601.65
1021,CA-2016-124450,774,219,226,2016-04-27,Standard Class,2016-05-03,22.74
1022,CA-2016-124450,775,219,226,2016-04-27,Standard Class,2016-05-03,1267.53
1023,CA-2016-124450,776,219,226,2016-04-27,Standard Class,2016-05-03,1379.92
1024,CA-2016-167269,777,172,64,2016-06-16,Standard Class,2016-06-20,6.208
1025,CA-2018-106964,778,368,63,2018-12-17,First Class,2018-12-20,11.808
1026,CA-2017-126529,779,369,158,2017-01-11,Second Class,2017-01-13,15.552
1027,CA-2017-126529,780,369,158,2017-01-11,Second Class,2017-01-13,63.312
1028,CA-2017-126529,781,369,158,2017-01-11,Second Class,2017-01-13,15.588
1029,CA-2015-163552,259,157,104,2015-07-11,Standard Class,2015-07-15,177.2
1030,CA-2015-163552,782,157,104,2015-07-11,Standard Class,2015-07-15,197.97
1031,CA-2015-163552,464,157,104,2015-07-11,Standard Class,2015-07-15,854.94
1032,CA-2015-163552,94,157,104,2015-07-11,Standard Class,2015-07-15,124.11
1033,CA-2015-163552,783,157,104,2015-07-11,Standard Class,2015-07-15,14.4
1034,CA-2017-109820,784,370,94,2017-11-20,First Class,2017-11-22,15.696
1035,CA-2017-109820,237,370,94,2017-11-20,First Class,2017-11-22,2.628
1036,CA-2017-109820,28,370,94,2017-11-20,First Class,2017-11-22,14.427
1037,CA-2017-113061,785,331,227,2017-04-22,Standard Class,2017-04-26,86.62
1038,CA-2016-127418,786,371,26,2016-06-13,First Class,2016-06-14,36.624
1039,CA-2018-121818,787,372,180,2018-11-20,First Class,2018-11-21,23.968
1040,CA-2018-121818,788,372,180,2018-11-20,First Class,2018-11-21,28.728
1041,CA-2017-127670,617,373,228,2017-03-20,Standard Class,2017-03-24,697.16
1042,CA-2017-102981,789,374,46,2017-09-06,Second Class,2017-09-09,31.86
1043,CA-2017-102981,790,374,46,2017-09-06,Second Class,2017-09-09,722.352
1044,CA-2018-115651,791,375,27,2018-07-09,First Class,2018-07-12,8.84
1045,CA-2018-115651,792,375,27,2018-07-09,First Class,2018-07-12,58.464
1046,CA-2018-152702,793,18,229,2018-10-12,Standard Class,2018-10-16,254.604
1047,CA-2017-169103,639,234,230,2017-03-08,Standard Class,2017-03-13,1363.96
1048,CA-2017-169103,102,234,230,2017-03-08,Standard Class,2017-03-13,102.36
1049,CA-2015-139192,40,63,10,2015-05-27,Second Class,2015-06-01,1113.504
1050,CA-2015-139192,591,63,10,2015-05-27,Second Class,2015-06-01,99.99
1051,US-2016-153500,794,376,64,2016-07-03,First Class,2016-07-05,168.464
1052,US-2016-153500,795,376,64,2016-07-03,First Class,2016-07-05,6.72
1053,US-2016-153500,796,376,64,2016-07-03,First Class,2016-07-05,282.888
1054,CA-2016-110667,797,377,30,2016-04-04,Standard Class,2016-04-08,11.16
1055,CA-2016-110667,798,377,30,2016-04-04,Standard Class,2016-04-08,108.4
1056,CA-2016-110667,142,377,30,2016-04-04,Standard Class,2016-04-08,82.344
1057,CA-2016-110667,799,377,30,2016-04-04,Standard Class,2016-04-08,9.088
1058,CA-2018-167150,800,131,89,2018-12-10,Standard Class,2018-12-17,19.936
1059,CA-2018-167150,801,131,89,2018-12-10,Standard Class,2018-12-17,65.568
1060,CA-2017-105284,802,378,106,2017-11-24,Standard Class,2017-12-01,4.416
1061,US-2016-125374,390,149,15,2016-03-23,Standard Class,2016-03-29,107.772
1062,CA-2016-161263,552,379,214,2016-04-16,Standard Class,2016-04-21,45.216
1063,CA-2016-161263,803,379,214,2016-04-16,Standard Class,2016-04-21,10.416
1064,CA-2016-161263,347,379,214,2016-04-16,Standard Class,2016-04-21,7.872
1065,CA-2016-161263,804,379,214,2016-04-16,Standard Class,2016-04-21,118.782
1066,CA-2016-161263,805,379,214,2016-04-16,Standard Class,2016-04-21,1.448
1067,CA-2016-161263,806,379,214,2016-04-16,Standard Class,2016-04-21,55.47
1068,CA-2017-157686,65,380,35,2017-10-01,First Class,2017-10-02,194.848
1069,US-2018-139955,483,381,231,2018-09-28,Second Class,2018-09-30,1.744
1070,US-2016-150161,302,177,106,2016-07-25,Standard Class,2016-07-29,25.176
1071,CA-2016-144652,325,382,142,2016-11-20,Standard Class,2016-11-26,19.46
1072,CA-2017-152814,315,383,77,2017-04-28,Standard Class,2017-05-02,29.472
1073,CA-2018-106943,807,384,46,2018-11-14,Standard Class,2018-11-19,8.64
1074,CA-2017-134348,808,385,155,2017-11-12,Standard Class,2017-11-19,6.27
1075,CA-2017-134348,256,385,155,2017-11-12,Standard Class,2017-11-19,4.368
1076,CA-2017-134348,809,385,155,2017-11-12,Standard Class,2017-11-19,31.984
1077,CA-2017-161781,810,386,135,2017-09-29,First Class,2017-09-30,40.88
1078,CA-2018-132521,811,387,60,2018-09-23,Second Class,2018-09-25,119.96
1079,CA-2018-132521,471,387,60,2018-09-23,Second Class,2018-09-25,31.44
1080,CA-2018-132521,481,387,60,2018-09-23,Second Class,2018-09-25,6.88
1081,CA-2016-110016,812,388,84,2016-11-29,Standard Class,2016-12-04,19.92
1082,CA-2016-110016,813,388,84,2016-11-29,Standard Class,2016-12-04,1106.91
1083,US-2017-143819,617,31,232,2017-03-01,Standard Class,2017-03-05,836.592
1084,US-2017-143819,814,31,232,2017-03-01,Standard Class,2017-03-05,26.38
1085,US-2017-143819,246,31,232,2017-03-01,Standard Class,2017-03-05,362.92
1086,US-2017-143819,815,31,232,2017-03-01,Standard Class,2017-03-05,4899.93
1087,CA-2017-167584,816,49,194,2017-08-12,Same Day,2017-08-12,6.48
1088,CA-2017-166163,174,389,233,2017-08-15,Second Class,2017-08-20,71.976
1089,CA-2017-166163,817,389,233,2017-08-15,Second Class,2017-08-20,3.15
1090,CA-2018-158407,297,353,234,2018-06-04,Standard Class,2018-06-10,31.984
1091,CA-2018-158407,818,353,234,2018-06-04,Standard Class,2018-06-10,71.984
1092,CA-2016-143490,819,269,189,2016-12-06,Standard Class,2016-12-13,120.15
1093,CA-2016-143490,820,269,189,2016-12-06,Standard Class,2016-12-13,219.184
1094,CA-2016-165085,821,390,235,2016-12-27,Standard Class,2016-12-31,28.9
1095,CA-2016-165085,160,390,235,2016-12-27,Standard Class,2016-12-31,355.96
1096,CA-2018-160423,822,391,44,2018-01-21,Standard Class,2018-01-26,348.208
1097,CA-2018-160423,823,391,44,2018-01-21,Standard Class,2018-01-26,35.784
1098,CA-2015-159338,824,375,14,2015-06-25,First Class,2015-06-28,447.84
1099,CA-2017-107216,825,392,35,2017-06-14,First Class,2017-06-17,7.04
1100,CA-2017-107216,397,392,35,2017-06-14,First Class,2017-06-17,8.73
1101,CA-2017-107216,826,392,35,2017-06-14,First Class,2017-06-17,29.29
1102,CA-2017-107216,827,392,35,2017-06-14,First Class,2017-06-17,8.64
1103,US-2018-145863,308,262,17,2018-04-21,Standard Class,2018-04-27,2.694
1104,US-2018-145863,767,262,17,2018-04-21,Standard Class,2018-04-27,2.934
1105,CA-2017-112340,828,393,216,2017-10-21,Standard Class,2017-10-27,22.92
1106,US-2017-110156,194,14,17,2017-11-19,Standard Class,2017-11-24,100.704
1107,US-2017-110156,397,14,17,2017-11-19,Standard Class,2017-11-24,2.328
1108,US-2017-110156,829,14,17,2017-11-19,Standard Class,2017-11-24,10.78
1109,US-2017-110156,830,14,17,2017-11-19,Standard Class,2017-11-24,58.368
1110,US-2017-110156,831,14,17,2017-11-19,Standard Class,2017-11-24,40.968
1111,US-2017-110156,832,14,17,2017-11-19,Standard Class,2017-11-24,71.96
1112,US-2017-110156,833,14,17,2017-11-19,Standard Class,2017-11-24,10.368
1113,US-2017-110156,99,14,17,2017-11-19,Standard Class,2017-11-24,1.192
1114,CA-2018-140585,706,155,143,2018-12-18,Second Class,2018-12-23,46.672
1115,CA-2018-140585,834,155,143,2018-12-18,Second Class,2018-12-23,119.833
1116,CA-2018-140585,604,155,143,2018-12-18,Second Class,2018-12-23,119.98
1117,CA-2017-144855,366,394,95,2017-07-22,Second Class,2017-07-24,6.3
1118,CA-2016-142755,315,395,236,2016-09-04,Standard Class,2016-09-08,279.9
1119,CA-2016-142755,696,395,236,2016-09-04,Standard Class,2016-09-08,619.95
1120,CA-2016-142755,835,395,236,2016-09-04,Standard Class,2016-09-08,4.36
1121,CA-2016-142755,662,395,236,2016-09-04,Standard Class,2016-09-08,15.28
1122,US-2015-147627,836,333,237,2015-01-20,Standard Class,2015-01-26,699.93
1123,US-2015-147627,837,333,237,2015-01-20,Standard Class,2015-01-26,22.96
1124,US-2015-147627,77,333,237,2015-01-20,Standard Class,2015-01-26,38.6
1125,US-2015-147627,454,333,237,2015-01-20,Standard Class,2015-01-26,6.63
1126,US-2015-147627,838,333,237,2015-01-20,Standard Class,2015-01-26,23.34
1127,US-2015-147627,407,333,237,2015-01-20,Standard Class,2015-01-26,1067.94
1128,CA-2016-105970,401,51,238,2016-03-02,Standard Class,2016-03-07,10.16
1129,CA-2016-105970,619,51,238,2016-03-02,Standard Class,2016-03-07,101.88
1130,CA-2017-112102,839,206,29,2017-04-12,Standard Class,2017-04-16,343.92
1131,CA-2017-112102,840,206,29,2017-04-12,Standard Class,2017-04-16,40.99
1132,CA-2017-112102,119,206,29,2017-04-12,Standard Class,2017-04-16,63.9
1133,US-2017-114776,261,56,239,2017-12-06,First Class,2017-12-07,19.44
1134,US-2017-134908,42,186,64,2017-06-05,Standard Class,2017-06-09,124.608
1135,US-2017-134908,841,186,64,2017-06-05,Standard Class,2017-06-09,7.56
1136,US-2017-148803,842,236,240,2017-12-11,Same Day,2017-12-11,85.224
1137,CA-2017-152170,843,396,241,2017-11-12,Second Class,2017-11-15,287.52
1138,CA-2017-152170,552,396,241,2017-11-12,Second Class,2017-11-15,37.68
1139,CA-2017-152170,844,396,241,2017-11-12,Second Class,2017-11-15,19.98
1140,CA-2017-152170,502,396,241,2017-11-12,Second Class,2017-11-15,20.58
1141,CA-2017-152170,845,396,241,2017-11-12,Second Class,2017-11-15,17.38
1142,CA-2015-146969,744,276,63,2015-09-29,Standard Class,2015-10-03,204.6
1143,CA-2015-146969,846,276,63,2015-09-29,Standard Class,2015-10-03,8.72
1144,CA-2015-146969,273,276,63,2015-09-29,Standard Class,2015-10-03,6.48
1145,CA-2015-146969,847,276,63,2015-09-29,Standard Class,2015-10-03,686.32
1146,CA-2015-146969,822,276,63,2015-09-29,Standard Class,2015-10-03,62.18
1147,CA-2016-112452,848,397,242,2016-04-04,Same Day,2016-04-04,644.076
1148,CA-2016-112452,849,397,242,2016-04-04,Same Day,2016-04-04,5.84
1149,CA-2016-112452,850,397,242,2016-04-04,Same Day,2016-04-04,12.76
1150,CA-2016-112452,851,397,242,2016-04-04,Same Day,2016-04-04,10.95
1151,CA-2016-112452,852,397,242,2016-04-04,Same Day,2016-04-04,599.98
1152,CA-2016-113971,853,119,243,2016-05-08,Standard Class,2016-05-14,8.352
1153,CA-2017-160395,854,127,244,2017-12-31,Standard Class,2018-01-06,3.64
1154,CA-2017-160395,698,127,244,2017-12-31,Standard Class,2018-01-06,159.768
1155,CA-2015-136567,855,391,245,2015-12-20,First Class,2015-12-21,122.48
1156,CA-2015-136567,856,391,245,2015-12-20,First Class,2015-12-21,2244.48
1157,CA-2015-136567,351,391,245,2015-12-20,First Class,2015-12-21,62.31
1158,CA-2015-136567,343,391,245,2015-12-20,First Class,2015-12-21,455.1
1159,CA-2017-149314,857,335,26,2017-07-02,Second Class,2017-07-07,195.184
1160,CA-2018-147039,644,398,40,2018-06-29,Standard Class,2018-07-04,362.94
1161,CA-2018-147039,69,398,40,2018-06-29,Standard Class,2018-07-04,11.54
1162,CA-2015-126522,31,399,246,2015-09-01,Second Class,2015-09-05,53.94
1163,CA-2015-127964,858,400,46,2015-03-03,Standard Class,2015-03-08,9.99
1164,CA-2015-127964,271,400,46,2015-03-03,Standard Class,2015-03-08,125.76
1165,CA-2015-127964,859,400,46,2015-03-03,Standard Class,2015-03-08,25.32
1166,CA-2015-117709,674,401,31,2015-05-04,Standard Class,2015-05-08,46.8
1167,CA-2016-125416,101,111,61,2016-11-02,Same Day,2016-11-02,447.93
1168,CA-2018-145226,860,112,46,2018-12-08,Second Class,2018-12-10,109.48
1169,CA-2018-145226,73,112,46,2018-12-08,Second Class,2018-12-10,272.94
1170,CA-2018-145226,861,112,46,2018-12-08,Second Class,2018-12-10,19.44
1171,CA-2018-145226,862,112,46,2018-12-08,Second Class,2018-12-10,31.92
1172,US-2015-100279,863,350,247,2015-03-10,Standard Class,2015-03-14,22.38
1173,CA-2015-158064,864,212,142,2015-04-21,Standard Class,2015-04-25,16.52
1174,US-2016-104430,626,300,51,2016-10-22,Standard Class,2016-10-26,5.176
1175,CA-2016-132080,865,318,46,2016-08-22,First Class,2016-08-25,50.112
1176,CA-2017-161207,661,145,209,2017-08-29,Standard Class,2017-09-03,27.93
1177,CA-2015-120243,866,402,26,2015-12-27,Second Class,2015-12-30,11.56
1178,CA-2017-113621,867,33,248,2017-12-01,Standard Class,2017-12-05,172.5
1179,CA-2017-113621,161,33,248,2017-12-01,Standard Class,2017-12-05,179.97
1180,CA-2017-168081,620,403,33,2017-04-24,Second Class,2017-04-27,258.696
1181,CA-2015-128146,868,73,101,2015-06-21,Standard Class,2015-06-25,1322.93
1182,CA-2015-128146,869,73,101,2015-06-21,Standard Class,2015-06-25,3.76
1183,CA-2018-138779,114,263,223,2018-01-14,First Class,2018-01-15,21.744
1184,CA-2018-138779,870,263,223,2018-01-14,First Class,2018-01-15,7.92
1185,CA-2015-127131,871,404,6,2015-11-24,Standard Class,2015-11-30,12.096
1186,CA-2015-127131,872,404,6,2015-11-24,Standard Class,2015-11-30,485.88
1187,CA-2015-127131,586,404,6,2015-11-24,Standard Class,2015-11-30,25.92
1188,CA-2015-127131,596,404,6,2015-11-24,Standard Class,2015-11-30,197.58
1189,CA-2018-117212,565,405,2,2018-02-26,Second Class,2018-02-28,81.92
1190,CA-2018-117212,873,405,2,2018-02-26,Second Class,2018-02-28,889.536
1191,CA-2018-117212,874,405,2,2018-02-26,Second Class,2018-02-28,892.224
1192,CA-2018-117212,315,405,2,2018-02-26,Second Class,2018-02-28,223.92
1193,CA-2018-117212,875,405,2,2018-02-26,Second Class,2018-02-28,23.12
1194,US-2016-130519,290,244,249,2016-09-15,Same Day,2016-09-15,15.552
1195,US-2016-130519,876,244,249,2016-09-15,Same Day,2016-09-15,15.712
1196,US-2016-130519,422,244,249,2016-09-15,Same Day,2016-09-15,24.672
1197,US-2016-130519,584,244,249,2016-09-15,Same Day,2016-09-15,55.968
1198,CA-2017-130946,877,234,17,2017-04-08,Standard Class,2017-04-12,431.928
1199,CA-2017-130946,878,234,17,2017-04-08,Standard Class,2017-04-12,95.984
1200,CA-2017-130946,317,234,17,2017-04-08,Standard Class,2017-04-12,1088.792
1201,CA-2017-114727,630,323,77,2017-07-18,Standard Class,2017-07-24,544.008
1202,CA-2017-114727,256,323,77,2017-07-18,Standard Class,2017-07-24,1.872
1203,CA-2017-114727,407,323,77,2017-07-18,Standard Class,2017-07-24,854.352
1204,CA-2017-114727,879,323,77,2017-07-18,Standard Class,2017-07-24,593.568
1205,CA-2017-114727,427,323,77,2017-07-18,Standard Class,2017-07-24,338.04
1206,CA-2018-133235,705,406,44,2018-08-01,First Class,2018-08-04,271.96
1207,CA-2017-137050,603,407,30,2017-07-14,Second Class,2017-07-18,11.21
1208,CA-2017-137050,316,407,30,2017-07-14,Second Class,2017-07-18,9.144
1209,CA-2017-137050,132,407,30,2017-07-14,Second Class,2017-07-18,14.07
1210,CA-2017-137050,880,407,30,2017-07-14,Second Class,2017-07-18,41.86
1211,CA-2017-137050,881,407,30,2017-07-14,Second Class,2017-07-18,8.544
1212,CA-2017-137050,200,407,30,2017-07-14,Second Class,2017-07-18,579.136
1213,US-2018-118087,212,408,64,2018-09-09,Standard Class,2018-09-13,141.372
1214,US-2018-118087,882,408,64,2018-09-09,Standard Class,2018-09-13,3.036
1215,US-2018-118087,492,408,64,2018-09-09,Standard Class,2018-09-13,4.503
1216,US-2018-118087,242,408,64,2018-09-09,Standard Class,2018-09-13,4.672
1217,US-2018-118087,241,408,64,2018-09-09,Standard Class,2018-09-13,95.88
1218,US-2018-118087,883,408,64,2018-09-09,Standard Class,2018-09-13,17.024
1219,US-2018-118087,620,408,64,2018-09-09,Standard Class,2018-09-13,258.696
1220,US-2018-118087,884,408,64,2018-09-09,Standard Class,2018-09-13,1931.958
1221,CA-2015-110184,18,409,2,2015-07-12,Standard Class,2015-07-16,249.75
1222,CA-2015-110184,885,409,2,2015-07-12,Standard Class,2015-07-16,255.936
1223,CA-2017-126004,768,79,24,2017-12-04,First Class,2017-12-05,113.79
1224,CA-2017-126004,476,79,24,2017-12-04,First Class,2017-12-05,78.15
1225,CA-2017-126004,871,79,24,2017-12-04,First Class,2017-12-05,1.728
1226,CA-2017-126004,886,79,24,2017-12-04,First Class,2017-12-05,40.56
1227,CA-2017-126004,887,79,24,2017-12-04,First Class,2017-12-05,182.94
1228,CA-2017-126004,888,79,24,2017-12-04,First Class,2017-12-05,193.86
1229,CA-2018-100013,589,234,63,2018-11-06,Standard Class,2018-11-11,15.28
1230,CA-2018-100013,699,234,63,2018-11-06,Standard Class,2018-11-11,8.73
1231,CA-2018-100013,889,234,63,2018-11-06,Standard Class,2018-11-11,5.68
1232,CA-2016-132570,382,410,250,2016-10-31,Second Class,2016-11-02,2.78
1233,CA-2016-132570,890,410,250,2016-10-31,Second Class,2016-11-02,79.96
1234,CA-2017-153682,891,411,94,2017-05-30,First Class,2017-06-01,839.988
1235,CA-2017-144344,892,311,251,2017-10-28,Same Day,2017-10-28,47.952
1236,CA-2017-144344,692,311,251,2017-10-28,Same Day,2017-10-28,37.425
1237,CA-2017-144344,893,311,251,2017-10-28,Same Day,2017-10-28,63.968
1238,CA-2017-144344,569,311,251,2017-10-28,Same Day,2017-10-28,165.048
1239,CA-2015-127012,894,412,60,2015-08-11,Standard Class,2015-08-15,12.35
1240,CA-2015-127012,895,412,60,2015-08-11,Standard Class,2015-08-15,40.97
1241,CA-2015-127012,272,412,60,2015-08-11,Standard Class,2015-08-15,22.96
1242,CA-2017-128727,896,247,24,2017-08-29,Standard Class,2017-09-04,22.0
1243,US-2017-162859,897,311,30,2017-02-15,Standard Class,2017-02-22,398.352
1244,US-2017-162859,53,311,30,2017-02-15,Standard Class,2017-02-22,8.72
1245,CA-2018-133641,898,413,252,2018-05-14,Standard Class,2018-05-21,48.69
1246,CA-2015-168494,899,414,253,2015-12-12,Second Class,2015-12-14,764.688
1247,CA-2015-168494,216,414,253,2015-12-12,Second Class,2015-12-14,3610.848
1248,CA-2015-168494,900,414,253,2015-12-12,Second Class,2015-12-14,254.9745
1249,CA-2018-115602,901,265,30,2018-12-18,Standard Class,2018-12-24,38.82
1250,CA-2018-115602,902,265,30,2018-12-18,Standard Class,2018-12-24,1141.938
1251,CA-2018-115602,165,265,30,2018-12-18,Standard Class,2018-12-24,1704.56
1252,CA-2018-115602,903,265,30,2018-12-18,Standard Class,2018-12-24,3.2
1253,CA-2016-154956,904,6,202,2016-07-04,Standard Class,2016-07-09,1099.96
1254,CA-2018-144638,687,415,182,2018-03-10,Standard Class,2018-03-14,5.248
1255,CA-2018-144638,425,415,182,2018-03-10,Standard Class,2018-03-14,35.91
1256,CA-2018-144638,905,415,182,2018-03-10,Standard Class,2018-03-14,6.696
1257,CA-2018-144638,906,415,182,2018-03-10,Standard Class,2018-03-14,43.872
1258,US-2017-168620,583,177,44,2017-12-24,Second Class,2017-12-28,27.882
1259,US-2017-168620,907,177,44,2017-12-24,Second Class,2017-12-28,540.048
1260,US-2017-168620,241,177,44,2017-12-24,Second Class,2017-12-28,255.68
1261,CA-2018-117079,908,416,134,2018-10-23,Standard Class,2018-10-27,863.88
1262,US-2017-144393,909,417,254,2017-10-28,Standard Class,2017-11-04,17.616
1263,CA-2018-105053,25,395,255,2018-07-07,Second Class,2018-07-09,17.472
1264,CA-2017-155992,140,418,241,2017-10-01,First Class,2017-10-02,69.9
1265,CA-2017-155992,905,418,241,2017-10-01,First Class,2017-10-02,41.85
1266,CA-2018-110380,910,419,35,2018-09-02,Standard Class,2018-09-07,6.57
1267,US-2015-167738,385,37,63,2015-12-24,Standard Class,2015-12-29,142.86
1268,US-2015-167738,65,37,63,2015-12-24,Standard Class,2015-12-29,292.272
1269,CA-2018-121412,391,411,128,2018-09-23,Standard Class,2018-09-27,29.328
1270,CA-2018-100426,911,420,256,2018-06-04,Standard Class,2018-06-08,12.48
1271,US-2017-103646,912,260,37,2017-04-21,Standard Class,2017-04-26,102.336
1272,US-2017-103646,724,260,37,2017-04-21,Standard Class,2017-04-26,48.792
1273,US-2017-103646,913,260,37,2017-04-21,Standard Class,2017-04-26,44.848
1274,CA-2017-119186,748,385,7,2017-05-26,Same Day,2017-05-26,10.368
1275,CA-2017-119186,914,385,7,2017-05-26,Same Day,2017-05-26,388.43
1276,CA-2017-119186,100,385,7,2017-05-26,Same Day,2017-05-26,14.352
1277,CA-2017-119186,915,385,7,2017-05-26,Same Day,2017-05-26,63.992
1278,CA-2017-148698,916,421,33,2017-05-02,Standard Class,2017-05-07,86.352
1279,CA-2015-163293,917,347,257,2015-09-08,First Class,2015-09-11,32.97
1280,CA-2015-163293,918,347,257,2015-09-08,First Class,2015-09-11,83.88
1281,CA-2017-160815,919,310,258,2017-09-05,First Class,2017-09-06,278.4
1282,CA-2018-122154,920,194,134,2018-04-09,First Class,2018-04-11,15.12
1283,CA-2018-122154,921,194,134,2018-04-09,First Class,2018-04-11,17.43
1284,CA-2018-122154,922,194,134,2018-04-09,First Class,2018-04-11,251.64
1285,US-2016-149692,923,148,111,2016-12-06,Standard Class,2016-12-12,2.772
1286,CA-2017-119445,384,422,259,2017-06-26,Standard Class,2017-07-03,14.9
1287,CA-2016-124268,924,58,46,2016-07-04,Standard Class,2016-07-08,15.48
1288,CA-2017-154711,64,423,30,2017-11-22,Standard Class,2017-11-26,39.88
1289,CA-2017-154711,537,423,30,2017-11-22,Standard Class,2017-11-26,12.192
1290,CA-2017-154711,925,423,30,2017-11-22,Standard Class,2017-11-26,20.82
1291,CA-2017-163384,926,255,35,2017-11-10,First Class,2017-11-12,13.216
1292,CA-2017-163384,861,255,35,2017-11-10,First Class,2017-11-12,32.4
1293,CA-2016-101707,134,59,189,2016-08-27,Standard Class,2016-09-01,32.94
1294,CA-2016-101707,927,59,189,2016-08-27,Standard Class,2016-09-01,114.2
1295,CA-2016-101707,86,59,189,2016-08-27,Standard Class,2016-09-01,3.08
1296,CA-2016-138898,724,424,260,2016-05-25,Standard Class,2016-05-29,845.728
1297,CA-2018-115427,531,425,261,2018-12-30,Standard Class,2019-01-03,13.904
1298,CA-2018-115427,570,425,261,2018-12-30,Standard Class,2019-01-03,20.72
1299,CA-2017-134425,462,426,42,2017-12-08,Second Class,2017-12-12,114.95
1300,CA-2016-121391,147,398,10,2016-10-04,First Class,2016-10-07,26.96
1301,CA-2017-137043,36,96,29,2017-12-23,Second Class,2017-12-25,572.76
1302,CA-2017-137043,36,96,29,2017-12-23,Second Class,2017-12-25,286.38
1303,CA-2016-115847,928,427,102,2016-09-19,Second Class,2016-09-24,61.96
1304,US-2018-126179,929,428,113,2018-07-03,Standard Class,2018-07-07,23.99
1305,US-2018-126179,665,428,113,2018-07-03,Standard Class,2018-07-07,287.97
1306,CA-2017-101966,930,299,67,2017-07-14,Second Class,2017-07-16,419.944
1307,CA-2017-141397,482,117,55,2017-06-20,First Class,2017-06-21,46.76
1308,CA-2017-141397,778,117,55,2017-06-20,First Class,2017-06-21,17.712
1309,CA-2017-141397,931,117,55,2017-06-20,First Class,2017-06-21,21.78
1310,CA-2017-141397,399,117,55,2017-06-20,First Class,2017-06-21,161.94
1311,CA-2017-141397,932,117,55,2017-06-20,First Class,2017-06-21,161.568
1312,CA-2017-141082,933,249,129,2017-12-09,Standard Class,2017-12-13,3.69
1313,CA-2017-141082,934,249,129,2017-12-09,Standard Class,2017-12-13,122.12
1314,US-2017-134488,638,8,48,2017-09-24,Standard Class,2017-10-01,155.372
1315,CA-2017-145919,935,429,4,2017-12-18,Standard Class,2017-12-23,38.88
1316,CA-2017-145919,936,429,4,2017-12-18,Standard Class,2017-12-23,183.84
1317,CA-2017-145919,414,429,4,2017-12-18,Standard Class,2017-12-23,579.3
1318,CA-2018-157651,937,67,75,2018-12-10,Standard Class,2018-12-14,14.2
1319,CA-2015-160773,908,430,262,2015-07-01,Standard Class,2015-07-05,575.92
1320,CA-2015-160773,615,430,262,2015-07-01,Standard Class,2015-07-05,5.184
1321,CA-2018-167703,700,431,94,2018-02-03,Standard Class,2018-02-08,5.229
1322,CA-2018-167703,519,431,94,2018-02-03,Standard Class,2018-02-08,285.552
1323,CA-2018-121804,938,432,263,2018-03-03,Standard Class,2018-03-08,72.8
1324,CA-2018-162635,939,433,125,2018-10-09,First Class,2018-10-10,10.816
1325,CA-2015-107153,422,434,129,2015-09-28,Standard Class,2015-10-03,46.26
1326,US-2015-117058,940,98,156,2015-05-27,First Class,2015-05-30,17.46
1327,CA-2016-120439,883,58,75,2016-06-14,Standard Class,2016-06-18,51.072
1328,CA-2017-128258,753,435,212,2017-03-30,First Class,2017-04-01,11.34
1329,CA-2018-106033,941,436,95,2018-10-15,Second Class,2018-10-18,87.92
1330,CA-2017-142762,894,437,10,2017-05-23,Standard Class,2017-05-27,37.05
1331,CA-2018-127705,501,438,204,2018-06-02,Standard Class,2018-06-06,2.97
1332,CA-2018-127705,457,438,204,2018-06-02,Standard Class,2018-06-06,27.44
1333,CA-2015-122567,752,439,78,2015-02-16,Standard Class,2015-02-21,1.08
1334,CA-2015-122567,942,439,78,2015-02-16,Standard Class,2015-02-21,7.96
1335,CA-2015-121664,716,7,14,2015-05-06,Standard Class,2015-05-10,140.736
1336,CA-2017-122133,943,440,264,2017-05-16,Standard Class,2017-05-23,552.56
1337,US-2018-123281,905,441,142,2018-04-02,Standard Class,2018-04-07,25.11
1338,CA-2018-100524,944,442,165,2018-03-31,Second Class,2018-04-02,29.78
1339,CA-2018-100524,945,442,165,2018-03-31,Second Class,2018-04-02,677.58
1340,CA-2018-100524,946,442,165,2018-03-31,Second Class,2018-04-02,75.04
1341,CA-2018-113481,947,443,223,2018-01-02,First Class,2018-01-04,695.7
1342,CA-2018-113481,865,443,223,2018-01-02,First Class,2018-01-04,15.66
1343,CA-2018-113481,28,443,223,2018-01-02,First Class,2018-01-04,28.854
1344,CA-2016-131758,948,42,265,2016-05-28,Standard Class,2016-06-01,47.82
1345,CA-2016-131758,949,42,265,2016-05-28,Standard Class,2016-06-01,13.05
1346,CA-2015-118339,590,203,88,2015-03-17,Standard Class,2015-03-24,93.78
1347,CA-2015-118339,950,203,88,2015-03-17,Standard Class,2015-03-24,47.18
1348,CA-2015-118339,951,203,88,2015-03-17,Standard Class,2015-03-24,19.68
1349,CA-2015-118339,952,203,88,2015-03-17,Standard Class,2015-03-24,53.4
1350,CA-2015-118339,953,203,88,2015-03-17,Standard Class,2015-03-24,35.88
1351,CA-2015-153976,813,444,190,2015-10-03,Second Class,2015-10-08,258.279
1352,CA-2017-162901,954,443,102,2017-03-28,First Class,2017-03-31,31.4
1353,CA-2018-162978,522,353,10,2018-05-04,Standard Class,2018-05-09,183.96
1354,CA-2018-162978,708,353,10,2018-05-04,Standard Class,2018-05-09,17.61
1355,CA-2018-162978,216,353,10,2018-05-04,Standard Class,2018-05-09,300.904
1356,US-2015-160444,197,420,67,2015-07-05,Same Day,2015-07-05,220.776
1357,US-2015-160444,912,420,67,2015-07-05,Same Day,2015-07-05,281.424
1358,CA-2017-145247,955,445,176,2017-05-05,First Class,2017-05-07,79.14
1359,CA-2018-160045,528,446,7,2018-04-26,First Class,2018-04-27,1.988
1360,US-2015-151925,956,447,14,2015-09-26,Second Class,2015-10-01,145.568
1361,CA-2018-125199,667,448,75,2018-10-19,Standard Class,2018-10-25,123.256
1362,CA-2018-125199,957,448,75,2018-10-19,Standard Class,2018-10-25,23.68
1363,CA-2018-125199,958,448,75,2018-10-19,Standard Class,2018-10-25,309.576
1364,US-2018-155425,625,449,116,2018-11-10,First Class,2018-11-11,38.388
1365,US-2018-155425,959,449,116,2018-11-10,First Class,2018-11-11,95.994
1366,US-2018-155425,960,449,116,2018-11-10,First Class,2018-11-11,239.952
1367,US-2018-155425,203,449,116,2018-11-10,First Class,2018-11-11,201.584
1368,US-2018-155425,300,449,116,2018-11-10,First Class,2018-11-11,899.136
1369,CA-2018-133249,288,450,266,2018-07-08,First Class,2018-07-11,145.9
1370,US-2016-103471,179,440,98,2016-12-24,Standard Class,2016-12-28,590.058
1371,US-2016-103471,629,440,98,2016-12-24,Standard Class,2016-12-28,14.04
1372,CA-2018-136672,961,451,235,2018-03-07,Standard Class,2018-03-12,49.08
1373,US-2015-157021,580,28,168,2015-04-01,Second Class,2015-04-06,29.6
1374,US-2015-157021,962,28,168,2015-04-01,Second Class,2015-04-06,17.088
1375,CA-2016-120362,963,245,267,2016-09-14,Standard Class,2016-09-19,912.75
1376,CA-2015-126361,964,105,268,2015-08-04,Second Class,2015-08-09,1089.75
1377,CA-2015-126361,965,105,268,2015-08-04,Second Class,2015-08-09,447.84
1378,CA-2015-126361,966,105,268,2015-08-04,Second Class,2015-08-09,16.4
1379,CA-2015-126361,967,105,268,2015-08-04,Second Class,2015-08-09,399.96
1380,CA-2015-126361,968,105,268,2015-08-04,Second Class,2015-08-09,158.9
1381,CA-2015-126361,92,105,268,2015-08-04,Second Class,2015-08-09,13.184
1382,US-2017-100566,584,452,174,2017-09-03,Standard Class,2017-09-09,83.952
1383,US-2017-108504,872,453,269,2017-02-05,Same Day,2017-02-05,80.98
1384,US-2017-108504,969,453,269,2017-02-05,Same Day,2017-02-05,348.84
1385,US-2017-108504,970,453,269,2017-02-05,Same Day,2017-02-05,9.45
1386,US-2017-108504,268,453,269,2017-02-05,Same Day,2017-02-05,18.84
1387,US-2017-108504,575,453,269,2017-02-05,Same Day,2017-02-05,239.98
1388,US-2017-108504,971,453,269,2017-02-05,Same Day,2017-02-05,167.96
1389,US-2017-108504,140,453,269,2017-02-05,Same Day,2017-02-05,104.85
1390,US-2017-108504,298,453,269,2017-02-05,Same Day,2017-02-05,484.83
1391,US-2017-108504,448,453,269,2017-02-05,Same Day,2017-02-05,122.97
1392,US-2017-108504,233,453,269,2017-02-05,Same Day,2017-02-05,154.44
1393,US-2017-108504,63,453,269,2017-02-05,Same Day,2017-02-05,342.37
1394,CA-2018-124828,182,454,180,2018-07-03,First Class,2018-07-04,9.552
1395,US-2018-117247,972,317,174,2018-10-09,Standard Class,2018-10-14,652.45
1396,US-2018-117247,973,317,174,2018-10-09,Standard Class,2018-10-14,66.645
1397,CA-2017-124485,974,397,46,2017-11-24,First Class,2017-11-26,17.216
1398,CA-2017-124485,610,397,46,2017-11-24,First Class,2017-11-26,11.56
1399,CA-2017-124485,177,397,46,2017-11-24,First Class,2017-11-26,88.4
1400,CA-2017-124485,975,397,46,2017-11-24,First Class,2017-11-26,6.48
1401,CA-2017-159212,48,455,270,2017-11-01,Standard Class,2017-11-05,21.8
1402,CA-2017-159212,557,455,270,2017-11-01,Standard Class,2017-11-05,251.79
1403,US-2017-161396,976,40,48,2017-04-19,Standard Class,2017-04-25,205.176
1404,US-2017-161396,977,40,48,2017-04-19,Standard Class,2017-04-25,419.4
1405,US-2015-118486,506,175,106,2015-04-06,First Class,2015-04-08,10.304
1406,US-2015-118486,978,175,106,2015-04-06,First Class,2015-04-08,154.764
1407,US-2015-118486,172,175,106,2015-04-06,First Class,2015-04-08,116.784
1408,CA-2017-130407,979,31,24,2017-09-02,Standard Class,2017-09-06,75.48
1409,CA-2017-130407,297,31,24,2017-09-02,Standard Class,2017-09-06,39.98
1410,US-2017-122245,737,456,52,2017-09-25,Standard Class,2017-09-30,393.165
1411,CA-2018-105144,430,450,71,2018-11-04,Standard Class,2018-11-11,23.68
1412,CA-2017-136329,630,64,46,2017-07-09,Standard Class,2017-07-13,408.006
1413,CA-2017-136329,480,64,46,2017-07-09,Standard Class,2017-07-13,165.28
1414,CA-2015-146640,980,457,24,2015-06-30,Standard Class,2015-07-05,334.768
1415,CA-2018-115994,915,458,147,2018-01-28,Second Class,2018-01-31,239.97
1416,CA-2018-115994,981,458,147,2018-01-28,Second Class,2018-01-31,37.74
1417,CA-2016-126697,982,459,17,2016-09-21,First Class,2016-09-24,946.344
1418,CA-2016-126697,726,459,17,2016-09-21,First Class,2016-09-24,151.2
1419,CA-2016-126697,51,459,17,2016-09-21,First Class,2016-09-24,4.928
1420,CA-2016-124800,983,460,155,2016-09-26,Standard Class,2016-09-30,86.272
1421,CA-2016-124800,262,460,155,2016-09-26,Standard Class,2016-09-30,72.588
1422,CA-2016-124800,984,460,155,2016-09-26,Standard Class,2016-09-30,60.672
1423,CA-2016-124800,698,460,155,2016-09-26,Standard Class,2016-09-30,77.031
1424,CA-2016-124800,353,460,155,2016-09-26,Standard Class,2016-09-30,119.904
1425,CA-2016-124800,985,460,155,2016-09-26,Standard Class,2016-09-30,263.96
1426,CA-2016-124800,419,460,155,2016-09-26,Standard Class,2016-09-30,363.648
1427,US-2016-164448,526,461,206,2016-10-31,Second Class,2016-11-04,9.728
1428,US-2016-164448,112,461,206,2016-10-31,Second Class,2016-11-04,14.75
1429,US-2016-164448,986,461,206,2016-10-31,Second Class,2016-11-04,29.8
1430,US-2016-164448,581,461,206,2016-10-31,Second Class,2016-11-04,427.42
1431,CA-2018-122700,522,300,48,2018-11-26,Standard Class,2018-11-30,220.752
1432,CA-2015-120768,987,6,256,2015-12-19,Second Class,2015-12-21,152.76
1433,CA-2015-120768,516,6,256,2015-12-19,Second Class,2015-12-21,7.27
1434,CA-2015-120768,71,6,256,2015-12-19,Second Class,2015-12-21,1819.86
1435,US-2017-153129,988,225,60,2017-12-26,Standard Class,2017-12-30,33.9
1436,CA-2018-106852,989,462,271,2018-06-20,Standard Class,2018-06-27,31.104
1437,CA-2018-106852,951,462,271,2018-06-20,Standard Class,2018-06-27,5.248
1438,CA-2016-139731,990,33,140,2016-10-15,Same Day,2016-10-15,263.88
1439,CA-2016-139731,484,33,140,2016-10-15,Same Day,2016-10-15,2453.43
1440,CA-2018-122735,991,218,259,2018-04-12,Second Class,2018-04-15,29.7
1441,CA-2018-122735,992,218,259,2018-04-12,Second Class,2018-04-15,39.96
1442,CA-2018-128160,711,463,95,2018-12-19,Second Class,2018-12-24,36.672
1443,CA-2018-117695,321,464,127,2018-08-05,First Class,2018-08-08,13.76
1444,CA-2016-166135,124,465,43,2016-10-01,Standard Class,2016-10-06,139.424
1445,CA-2017-133725,904,108,37,2017-05-23,Standard Class,2017-05-28,1979.928
1446,CA-2018-102337,233,175,156,2018-06-13,First Class,2018-06-16,164.736
1447,CA-2018-102337,993,175,156,2018-06-13,First Class,2018-06-16,470.302
1448,CA-2018-102337,994,175,156,2018-06-13,First Class,2018-06-16,47.984
1449,US-2015-112564,995,379,64,2015-04-23,First Class,2015-04-24,2.502
1450,CA-2016-145821,996,81,142,2016-05-01,Standard Class,2016-05-07,88.752
1451,US-2016-160150,997,466,52,2016-07-19,First Class,2016-07-20,2.025
1452,CA-2017-133711,886,467,272,2017-11-26,First Class,2017-11-29,70.98
1453,CA-2017-133711,998,467,272,2017-11-26,First Class,2017-11-29,91.68
1454,CA-2017-133711,997,467,272,2017-11-26,First Class,2017-11-29,33.75
1455,CA-2017-133711,999,467,272,2017-11-26,First Class,2017-11-29,3040.0
1456,CA-2018-148474,1000,468,113,2018-06-12,Standard Class,2018-06-19,91.2
1457,CA-2018-148474,1001,468,113,2018-06-12,Standard Class,2018-06-19,452.94
1458,CA-2016-111297,327,465,273,2016-08-17,Standard Class,2016-08-21,52.2
1459,CA-2017-123722,640,469,274,2017-09-25,Standard Class,2017-10-01,15.936
1460,CA-2015-155271,1002,5,264,2015-05-04,Same Day,2015-05-04,27.46
1461,CA-2016-119907,1003,96,6,2016-12-01,Standard Class,2016-12-08,55.424
1462,US-2017-128902,617,470,275,2017-03-11,Standard Class,2017-03-15,244.006
1463,CA-2017-152289,410,19,90,2017-08-26,First Class,2017-08-28,159.984
1464,CA-2017-152289,857,19,90,2017-08-26,First Class,2017-08-28,1024.716
1465,US-2017-104794,802,471,30,2017-12-16,First Class,2017-12-19,3.68
1466,CA-2015-151708,768,94,276,2015-08-08,Standard Class,2015-08-14,121.376
1467,CA-2015-151708,98,94,276,2015-08-08,Standard Class,2015-08-14,95.976
1468,CA-2016-100769,658,275,134,2016-05-16,Same Day,2016-05-16,255.968
1469,CA-2018-139199,1004,461,152,2018-12-09,Standard Class,2018-12-13,872.94
1470,CA-2018-139199,351,461,152,2018-12-09,Standard Class,2018-12-13,41.54
1471,CA-2018-139199,1005,461,152,2018-12-09,Standard Class,2018-12-13,12.96
1472,US-2016-161466,1006,22,75,2016-09-24,Second Class,2016-09-27,6.848
1473,CA-2018-164959,689,472,26,2018-07-11,Standard Class,2018-07-15,8.67
1474,US-2016-105676,1007,393,67,2016-12-01,Same Day,2016-12-02,6.688
1475,CA-2017-113138,1008,473,277,2017-11-19,Standard Class,2017-11-25,17.28
1476,CA-2017-113138,778,473,277,2017-11-19,Standard Class,2017-11-25,17.712
1477,US-2018-104955,1009,345,24,2018-03-19,Standard Class,2018-03-24,28.91
1478,CA-2017-121958,661,474,278,2017-11-13,Standard Class,2017-11-17,52.136
1479,CA-2018-121468,434,45,279,2018-11-19,First Class,2018-11-20,31.968
1480,US-2017-108455,1010,178,35,2017-12-02,Standard Class,2017-12-08,25.92
1481,US-2017-108455,1011,178,35,2017-12-02,Standard Class,2017-12-08,40.46
1482,US-2017-108455,1012,178,35,2017-12-02,Standard Class,2017-12-08,33.87
1483,CA-2018-101210,488,387,280,2018-08-25,Second Class,2018-08-28,9.728
1484,CA-2018-101210,1013,387,280,2018-08-25,Second Class,2018-08-28,3.424
1485,US-2017-108098,1014,292,61,2017-10-14,Standard Class,2017-10-18,177.0
1486,CA-2015-119032,1015,475,46,2015-11-27,Standard Class,2015-12-03,3.76
1487,CA-2016-140410,1016,476,142,2016-11-03,Standard Class,2016-11-07,1212.848
1488,CA-2016-140410,1017,476,142,2016-11-03,Standard Class,2016-11-07,89.97
1489,CA-2016-140410,379,476,142,2016-11-03,Standard Class,2016-11-07,42.6
1490,CA-2015-136280,817,477,106,2015-11-29,Standard Class,2015-12-06,5.04
1491,CA-2018-151911,37,394,24,2018-04-30,Second Class,2018-05-05,62.96
1492,CA-2018-166436,1018,478,46,2018-11-24,Standard Class,2018-11-28,5.88
1493,CA-2018-166436,324,478,46,2018-11-24,Standard Class,2018-11-28,977.292
1494,CA-2018-139661,764,479,173,2018-10-30,Standard Class,2018-11-03,9.64
1495,CA-2015-123925,819,168,113,2015-12-17,Second Class,2015-12-19,40.05
1496,CA-2018-152485,854,480,281,2018-09-04,Standard Class,2018-09-08,10.192
1497,CA-2018-152485,1019,480,281,2018-09-04,Standard Class,2018-09-08,16.784
1498,CA-2018-152485,170,480,281,2018-09-04,Standard Class,2018-09-08,13.12
1499,CA-2017-141586,110,72,35,2017-10-17,First Class,2017-10-20,18.16
1500,CA-2018-130386,187,160,111,2018-11-12,Standard Class,2018-11-18,16.056
1501,CA-2018-130386,1020,160,111,2018-11-12,Standard Class,2018-11-18,223.056
1502,CA-2018-130386,907,160,111,2018-11-12,Standard Class,2018-11-18,540.048
1503,CA-2017-100468,1021,402,63,2017-11-24,Standard Class,2017-12-01,33.52
1504,CA-2017-100468,528,402,63,2017-11-24,Standard Class,2017-12-01,9.94
1505,CA-2016-153388,60,481,26,2016-08-01,Standard Class,2016-08-07,6.72
1506,CA-2016-153388,1022,481,26,2016-08-01,Standard Class,2016-08-07,1004.976
1507,CA-2018-154935,986,482,24,2018-12-24,Standard Class,2018-12-29,17.88
1508,CA-2017-134208,1023,474,113,2017-09-17,Standard Class,2017-09-23,396.0
1509,CA-2018-108294,1024,61,199,2018-12-10,Same Day,2018-12-10,34.5
1510,CA-2018-103611,1007,342,2,2018-09-12,First Class,2018-09-15,8.36
1511,CA-2018-100384,282,469,282,2018-06-24,Standard Class,2018-07-01,385.6
1512,CA-2018-100384,182,469,282,2018-06-24,Standard Class,2018-07-01,35.82
1513,CA-2018-112809,226,155,78,2018-08-18,Standard Class,2018-08-22,200.064
1514,CA-2018-112809,411,155,78,2018-08-18,Standard Class,2018-08-22,21.38
1515,CA-2018-112809,675,155,78,2018-08-18,Standard Class,2018-08-22,6.744
1516,US-2018-160759,956,483,75,2018-12-11,Standard Class,2018-12-17,63.686
1517,CA-2018-148446,490,267,283,2018-12-10,Second Class,2018-12-14,1669.6
1518,CA-2015-111059,271,484,60,2015-02-03,Second Class,2015-02-06,83.84
1519,CA-2015-111059,556,484,60,2015-02-03,Second Class,2015-02-06,13.272
1520,CA-2018-116204,734,101,95,2018-02-11,Second Class,2018-02-14,21.336
1521,CA-2018-109946,1025,485,27,2018-04-16,Standard Class,2018-04-21,16.52
1522,CA-2016-144806,593,486,116,2016-12-06,Standard Class,2016-12-11,206.112
1523,CA-2016-144806,1026,486,116,2016-12-06,Standard Class,2016-12-11,19.92
1524,CA-2016-144806,335,486,116,2016-12-06,Standard Class,2016-12-11,198.272
1525,CA-2016-144806,233,486,116,2016-12-06,Standard Class,2016-12-11,247.104
1526,CA-2016-144806,31,486,116,2016-12-06,Standard Class,2016-12-11,86.304
1527,CA-2017-122392,1027,171,284,2017-07-22,Standard Class,2017-07-27,4.16
1528,CA-2017-122392,1028,171,284,2017-07-22,Standard Class,2017-07-27,11.648
1529,CA-2016-148432,1029,306,285,2016-11-07,Second Class,2016-11-10,26.18
1530,CA-2016-148432,1030,306,285,2016-11-07,Second Class,2016-11-10,7.3
1531,CA-2016-103793,1031,297,230,2016-03-26,Standard Class,2016-03-31,74.352
1532,CA-2018-159884,1032,224,286,2018-08-31,Standard Class,2018-09-05,10.744
1533,CA-2018-159884,204,224,286,2018-08-31,Standard Class,2018-09-05,8.376
1534,CA-2017-139885,1033,226,46,2017-12-04,Standard Class,2017-12-08,212.88
1535,CA-2018-124086,575,487,287,2018-02-10,Standard Class,2018-02-14,203.983
1536,CA-2017-112389,1034,488,288,2017-10-29,Standard Class,2017-11-02,40.74
1537,CA-2017-112389,1035,488,288,2017-10-29,Standard Class,2017-11-02,11.67
1538,CA-2018-121888,885,489,289,2018-09-15,Second Class,2018-09-17,39.99
1539,CA-2018-121888,360,489,289,2018-09-15,Second Class,2018-09-17,16.28
1540,CA-2018-121888,38,489,289,2018-09-15,Second Class,2018-09-17,782.94
1541,CA-2018-121888,1003,489,289,2018-09-15,Second Class,2018-09-17,242.48
1542,CA-2015-166884,1036,238,48,2015-03-11,Second Class,2015-03-16,8.32
1543,CA-2015-166884,846,238,48,2015-03-11,Second Class,2015-03-16,10.464
1544,CA-2015-107181,656,490,143,2015-02-04,Standard Class,2015-02-08,82.896
1545,CA-2015-107181,733,490,143,2015-02-04,Standard Class,2015-02-08,34.24
1546,CA-2015-150245,179,332,290,2015-12-31,Second Class,2016-01-04,1573.488
1547,CA-2016-111395,922,147,66,2016-11-23,Standard Class,2016-11-27,335.52
1548,CA-2016-111395,980,147,66,2016-11-23,Standard Class,2016-11-27,23.912
1549,CA-2016-111395,1037,147,66,2016-11-23,Standard Class,2016-11-27,27.056
1550,CA-2015-134278,891,213,165,2015-07-06,First Class,2015-07-08,559.992
1551,US-2018-124926,1038,468,15,2018-11-13,Second Class,2018-11-18,9.324
1552,CA-2017-159345,965,491,143,2017-06-17,Standard Class,2017-06-22,111.96
1553,CA-2015-130274,1039,186,291,2015-05-03,First Class,2015-05-05,21.56
1554,CA-2018-158386,692,492,127,2018-10-16,Standard Class,2018-10-21,124.75
1555,CA-2016-111507,1040,101,292,2016-02-06,Standard Class,2016-02-13,5.28
1556,CA-2018-120761,44,493,255,2018-09-04,Standard Class,2018-09-08,91.96
1557,CA-2017-109176,1041,494,12,2017-05-09,Standard Class,2017-05-15,9.344
1558,CA-2017-109176,1042,494,12,2017-05-09,Standard Class,2017-05-15,79.36
1559,CA-2016-112116,978,189,6,2016-03-16,Second Class,2016-03-18,171.96
1560,CA-2017-126809,697,495,6,2017-04-09,Standard Class,2017-04-13,35.352
1561,CA-2015-105172,1043,325,10,2015-04-04,Standard Class,2015-04-09,18.9
1562,CA-2018-107293,325,38,61,2018-09-05,First Class,2018-09-06,2.78
1563,US-2018-102890,4,496,165,2018-06-30,Same Day,2018-06-30,1044.63
1564,CA-2016-158554,205,497,64,2016-11-09,Same Day,2016-11-09,11.352
1565,CA-2015-116239,1044,53,38,2015-03-04,Same Day,2015-03-04,354.9
1566,CA-2016-132101,868,271,60,2016-03-19,Standard Class,2016-03-25,453.576
1567,CA-2016-129112,1045,498,293,2016-11-29,First Class,2016-11-30,21.48
1568,CA-2016-129112,1046,498,293,2016-11-29,First Class,2016-11-30,8.784
1569,US-2018-152002,448,232,26,2018-06-11,Same Day,2018-06-11,122.97
1570,CA-2018-165029,1047,341,149,2018-11-26,Standard Class,2018-11-30,12.84
1571,US-2015-157385,84,184,26,2015-11-23,First Class,2015-11-25,603.92
1572,US-2015-157385,1048,184,26,2015-11-23,First Class,2015-11-25,21.84
1573,US-2015-157385,1049,184,26,2015-11-23,First Class,2015-11-25,29.99
1574,US-2015-157385,468,184,26,2015-11-23,First Class,2015-11-25,381.44
1575,CA-2015-101602,1050,499,294,2015-12-15,First Class,2015-12-18,40.68
1576,CA-2015-101602,636,499,294,2015-12-15,First Class,2015-12-18,763.28
1577,CA-2017-109057,329,500,174,2017-04-22,Standard Class,2017-04-27,23.952
1578,CA-2017-154403,1051,400,256,2017-05-23,Standard Class,2017-05-27,4.98
1579,CA-2017-102456,1052,298,165,2017-02-27,First Class,2017-03-01,170.88
1580,CA-2016-131338,349,269,24,2016-08-09,First Class,2016-08-12,307.98
1581,CA-2016-131338,224,269,24,2016-08-09,First Class,2016-08-12,382.806
1582,CA-2016-131338,194,269,24,2016-08-09,First Class,2016-08-12,41.96
1583,CA-2016-131338,693,269,24,2016-08-09,First Class,2016-08-12,1217.568
1584,CA-2016-131338,117,269,24,2016-08-09,First Class,2016-08-12,47.04
1585,CA-2016-131338,51,269,24,2016-08-09,First Class,2016-08-12,6.16
1586,CA-2016-131338,470,269,24,2016-08-09,First Class,2016-08-12,979.95
1587,CA-2016-131338,1053,269,24,2016-08-09,First Class,2016-08-12,143.7
1588,CA-2016-131338,1054,269,24,2016-08-09,First Class,2016-08-12,10.65
1589,CA-2016-131338,387,269,24,2016-08-09,First Class,2016-08-12,247.8
1590,CA-2017-109911,449,501,221,2017-05-12,Standard Class,2017-05-16,10.96
1591,US-2017-132423,1055,502,295,2017-04-15,Standard Class,2017-04-19,33.488
1592,US-2017-132423,132,502,295,2017-04-15,Standard Class,2017-04-19,8.04
1593,CA-2016-122826,1056,503,225,2016-06-23,Second Class,2016-06-25,201.568
1594,CA-2015-117317,1057,224,4,2015-10-19,Same Day,2015-10-19,13.44
1595,CA-2016-118423,1058,504,121,2016-03-24,First Class,2016-03-27,359.058
1596,CA-2018-149181,878,199,48,2018-05-08,Standard Class,2018-05-12,47.992
1597,CA-2018-132234,452,200,165,2018-10-16,First Class,2018-10-18,547.3
1598,CA-2018-158876,1059,493,296,2018-11-19,Second Class,2018-11-21,16.896
1599,CA-2018-158876,1060,493,296,2018-11-19,Second Class,2018-11-21,6.672
1600,CA-2018-158876,291,493,296,2018-11-19,Second Class,2018-11-21,99.136
1601,CA-2018-158876,297,493,296,2018-11-19,Second Class,2018-11-21,15.992
1602,CA-2017-164672,1061,335,22,2017-05-08,Second Class,2017-05-13,211.96
1603,US-2017-132857,1062,223,297,2017-12-11,Standard Class,2017-12-17,6.672
1604,CA-2018-116645,1063,251,285,2018-11-30,Standard Class,2018-12-04,155.94
1605,US-2017-115819,858,124,14,2017-04-19,Second Class,2017-04-24,39.96
1606,US-2017-115819,1064,124,14,2017-04-19,Second Class,2017-04-24,5.46
1607,US-2017-115819,1065,124,14,2017-04-19,Second Class,2017-04-24,73.2
1608,US-2017-115819,348,124,14,2017-04-19,Second Class,2017-04-24,5.84
1609,US-2017-115819,127,124,14,2017-04-19,Second Class,2017-04-24,22.72
1610,US-2017-115819,1066,124,14,2017-04-19,Second Class,2017-04-24,9.336
1611,CA-2015-156349,1058,505,142,2015-05-26,Standard Class,2015-05-30,290.666
1612,CA-2015-156349,1067,505,142,2015-05-26,Standard Class,2015-05-30,201.584
1613,CA-2015-156349,67,505,142,2015-05-26,Standard Class,2015-05-30,83.984
1614,CA-2018-138380,385,454,233,2018-12-21,Standard Class,2018-12-25,1000.02
1615,US-2017-113509,1068,485,106,2017-03-15,Standard Class,2017-03-19,83.976
1616,CA-2016-130022,548,452,20,2016-08-10,Standard Class,2016-08-16,3.75
1617,CA-2016-130022,255,452,20,2016-08-10,Standard Class,2016-08-16,41.4
1618,CA-2016-130022,1069,452,20,2016-08-10,Standard Class,2016-08-16,29.79
1619,US-2017-118780,1070,44,165,2017-09-10,Second Class,2017-09-14,59.48
1620,US-2017-118780,1071,44,165,2017-09-10,Second Class,2017-09-14,6.69
1621,CA-2018-108560,1072,506,298,2018-07-08,Standard Class,2018-07-15,198.46
1622,CA-2018-108560,509,506,298,2018-07-08,Standard Class,2018-07-15,786.48
1623,CA-2018-108560,498,506,298,2018-07-08,Standard Class,2018-07-15,23.168
1624,CA-2018-108560,1073,506,298,2018-07-08,Standard Class,2018-07-15,50.0
1625,CA-2016-157084,982,507,14,2016-12-19,Standard Class,2016-12-24,675.96
1626,CA-2016-157084,696,507,14,2016-12-19,Standard Class,2016-12-24,1265.85
1627,CA-2016-164539,550,179,165,2016-11-16,Standard Class,2016-11-22,523.25
1628,CA-2016-143119,867,508,299,2016-09-24,Standard Class,2016-09-30,517.5
1629,CA-2018-101049,1074,239,178,2018-06-21,Second Class,2018-06-25,17.92
1630,CA-2018-101049,711,239,178,2018-06-21,Second Class,2018-06-25,41.256
1631,CA-2017-106530,1075,53,178,2017-05-08,Same Day,2017-05-08,1006.056
1632,CA-2017-106530,482,53,178,2017-05-08,Same Day,2017-05-08,10.688
1633,CA-2017-106530,499,53,178,2017-05-08,Same Day,2017-05-08,10.368
1634,CA-2017-106530,954,53,178,2017-05-08,Same Day,2017-05-08,25.12
1635,CA-2017-106530,478,53,178,2017-05-08,Same Day,2017-05-08,58.112
1636,CA-2015-168984,779,509,300,2015-11-26,Standard Class,2015-12-02,15.552
1637,CA-2015-168984,750,509,300,2015-11-26,Standard Class,2015-12-02,669.08
1638,CA-2015-168984,1076,509,300,2015-11-26,Standard Class,2015-12-02,438.336
1639,CA-2017-157266,1077,510,226,2017-05-26,Standard Class,2017-06-01,19.44
1640,CA-2017-157266,545,510,226,2017-05-26,Standard Class,2017-06-01,9.64
1641,CA-2017-157266,70,510,226,2017-05-26,Standard Class,2017-06-01,12.7
1642,CA-2017-157266,94,510,226,2017-05-26,Standard Class,2017-06-01,41.37
1643,US-2015-134712,551,511,301,2015-11-29,Standard Class,2015-12-04,12.624
1644,CA-2016-111829,404,93,61,2016-03-19,First Class,2016-03-20,1247.64
1645,CA-2016-111829,1078,93,61,2016-03-19,First Class,2016-03-20,3149.93
1646,CA-2016-111829,1079,93,61,2016-03-19,First Class,2016-03-20,209.7
1647,CA-2016-105221,177,92,12,2016-11-01,First Class,2016-11-03,35.36
1648,CA-2016-105221,1080,92,12,2016-11-01,First Class,2016-11-03,3.168
1649,CA-2016-120341,1081,228,106,2016-09-26,Second Class,2016-09-29,121.104
1650,CA-2016-120341,1082,228,106,2016-09-26,Second Class,2016-09-29,45.894
1651,CA-2015-135699,1083,512,95,2015-08-29,Same Day,2015-08-29,109.92
1652,CA-2015-135699,1084,512,95,2015-08-29,Same Day,2015-08-29,13.36
1653,US-2018-132444,87,513,60,2018-11-18,First Class,2018-11-21,169.68
1654,US-2018-132444,218,513,60,2018-11-18,First Class,2018-11-21,132.52
1655,US-2018-132444,1085,513,60,2018-11-18,First Class,2018-11-21,2.96
1656,US-2018-132444,1086,513,60,2018-11-18,First Class,2018-11-21,8.448
1657,US-2018-132444,912,513,60,2018-11-18,First Class,2018-11-21,95.94
1658,CA-2015-127159,528,333,202,2015-05-12,First Class,2015-05-15,34.79
1659,CA-2018-161809,1087,514,63,2018-01-20,Standard Class,2018-01-26,160.776
1660,CA-2018-127285,806,515,61,2018-10-30,Standard Class,2018-11-06,88.752
1661,CA-2018-127285,845,515,61,2018-10-30,Standard Class,2018-11-06,13.904
1662,CA-2018-144526,945,426,106,2018-04-30,Standard Class,2018-05-06,677.58
1663,CA-2018-144526,1088,426,106,2018-04-30,Standard Class,2018-05-06,13.896
1664,CA-2017-128531,471,516,163,2017-11-24,Second Class,2017-11-26,41.92
1665,CA-2017-128531,696,516,163,2017-11-24,Second Class,2017-11-26,297.576
1666,CA-2017-128531,1089,516,163,2017-11-24,Second Class,2017-11-26,4.344
1667,CA-2017-128531,1090,516,163,2017-11-24,Second Class,2017-11-26,94.992
1668,CA-2017-128531,1091,516,163,2017-11-24,Second Class,2017-11-26,74.352
1669,CA-2017-128531,629,516,163,2017-11-24,Second Class,2017-11-26,14.04
1670,US-2016-157154,412,463,165,2016-01-10,Standard Class,2016-01-15,1018.104
1671,CA-2018-159457,1092,503,15,2018-10-19,Standard Class,2018-10-26,16.68
1672,CA-2017-107615,826,517,283,2017-03-22,First Class,2017-03-25,58.58
1673,CA-2018-111647,67,362,302,2018-07-03,Standard Class,2018-07-07,167.968
1674,CA-2016-150560,509,518,303,2016-12-11,First Class,2016-12-12,196.62
1675,CA-2016-143077,906,246,17,2016-09-17,Standard Class,2016-09-21,21.936
1676,CA-2016-143077,1046,246,17,2016-09-17,Standard Class,2016-09-21,6.588
1677,CA-2017-122728,55,519,95,2017-05-18,Standard Class,2017-05-24,104.28
1678,CA-2017-122728,100,519,95,2017-05-18,Standard Class,2017-05-24,17.94
1679,CA-2015-122882,872,116,64,2015-09-07,Standard Class,2015-09-13,64.784
1680,CA-2015-122882,832,116,64,2015-09-07,Standard Class,2015-09-13,32.382
1681,CA-2015-122882,1093,116,64,2015-09-07,Standard Class,2015-09-13,42.368
1682,CA-2015-122882,1094,116,64,2015-09-07,Standard Class,2015-09-13,399.54
1683,US-2017-101497,641,520,142,2017-09-29,Second Class,2017-10-01,18.97
1684,CA-2017-147585,628,119,95,2017-11-07,Standard Class,2017-11-12,14.82
1685,CA-2018-149489,1095,461,106,2018-04-24,First Class,2018-04-27,99.28
1686,CA-2018-149489,923,461,106,2018-04-24,First Class,2018-04-27,1.188
1687,CA-2018-149489,1096,461,106,2018-04-24,First Class,2018-04-27,7.518
1688,CA-2018-143798,740,498,12,2018-12-10,First Class,2018-12-12,10.368
1689,CA-2018-143798,623,498,12,2018-12-10,First Class,2018-12-12,310.88
1690,CA-2015-142839,11,60,106,2015-08-16,Standard Class,2015-08-20,853.092
1691,CA-2018-129833,1071,521,304,2018-12-09,Standard Class,2018-12-15,33.45
1692,CA-2018-129833,74,521,304,2018-12-09,Standard Class,2018-12-15,10.4
1693,US-2017-154361,494,522,48,2017-03-14,Standard Class,2017-03-19,21.88
1694,US-2017-158708,1097,438,302,2017-06-26,Second Class,2017-06-29,13.616
1695,CA-2016-156335,1098,286,305,2016-09-25,Second Class,2016-09-28,63.96
1696,CA-2016-156335,309,286,305,2016-09-25,Second Class,2016-09-28,14.46
1697,CA-2016-156335,67,286,305,2016-09-25,Second Class,2016-09-28,104.98
1698,CA-2016-148376,651,152,142,2016-12-27,Standard Class,2016-12-31,106.96
1699,CA-2016-148376,1099,152,142,2016-12-27,Standard Class,2016-12-31,21.56
1700,CA-2015-135657,839,57,61,2015-06-03,Second Class,2015-06-07,515.88
1701,CA-2016-114069,778,445,46,2016-07-13,Second Class,2016-07-15,11.808
1702,CA-2016-114069,468,445,46,2016-07-13,Second Class,2016-07-15,1931.04
1703,CA-2016-114069,812,445,46,2016-07-13,Second Class,2016-07-15,9.96
1704,CA-2015-139857,1100,523,89,2015-02-02,Standard Class,2015-02-06,12.35
1705,CA-2017-106306,829,311,276,2017-03-08,Same Day,2017-03-08,9.702
1706,CA-2016-100545,613,6,75,2016-11-22,Standard Class,2016-11-26,11.61
1707,CA-2018-123491,1101,524,35,2018-10-30,Standard Class,2018-11-05,43.86
1708,CA-2018-123491,919,524,35,2018-10-30,Standard Class,2018-11-05,148.48
1709,CA-2018-123491,1102,524,35,2018-10-30,Standard Class,2018-11-05,7.42
1710,CA-2018-123491,52,524,35,2018-10-30,Standard Class,2018-11-05,71.992
1711,CA-2018-123491,182,524,35,2018-10-30,Standard Class,2018-11-05,19.9
1712,CA-2018-123491,167,524,35,2018-10-30,Standard Class,2018-11-05,1702.12
1713,CA-2016-145401,1103,188,33,2016-01-30,Standard Class,2016-02-04,14.304
1714,US-2018-124968,189,515,27,2018-09-08,Second Class,2018-09-13,765.625
1715,CA-2018-104003,1104,291,95,2018-10-07,Standard Class,2018-10-13,307.666
1716,CA-2017-154788,309,253,165,2017-04-30,Standard Class,2017-05-04,7.712
1717,CA-2017-169943,536,203,165,2017-05-19,Standard Class,2017-05-24,242.9
1718,CA-2017-169943,73,203,165,2017-05-19,Standard Class,2017-05-24,454.9
1719,CA-2017-169943,1105,203,165,2017-05-19,Standard Class,2017-05-24,35.92
1720,CA-2017-169943,528,203,165,2017-05-19,Standard Class,2017-05-24,39.76
1721,CA-2017-169943,529,203,165,2017-05-19,Standard Class,2017-05-24,47.744
1722,US-2016-123218,836,45,37,2016-12-20,Standard Class,2016-12-25,159.984
1723,US-2016-123218,1106,45,37,2016-12-20,Standard Class,2016-12-25,255.968
1724,US-2016-123218,1107,45,37,2016-12-20,Standard Class,2016-12-25,359.058
1725,CA-2016-127453,1108,272,106,2016-12-19,First Class,2016-12-20,434.352
1726,CA-2016-127453,1109,272,106,2016-12-19,First Class,2016-12-20,3.552
1727,CA-2016-127453,1110,272,106,2016-12-19,First Class,2016-12-20,88.832
1728,US-2018-164056,1111,525,83,2018-04-29,Second Class,2018-05-04,1048.35
1729,CA-2017-106894,1073,245,29,2017-02-07,Same Day,2017-02-07,100.0
1730,CA-2017-106894,710,245,29,2017-02-07,Same Day,2017-02-07,7.83
1731,CA-2015-125136,1112,471,306,2015-09-28,Standard Class,2015-10-03,96.256
1732,CA-2015-125136,129,471,306,2015-09-28,Standard Class,2015-10-03,10.688
1733,US-2017-131149,427,110,177,2017-07-10,Standard Class,2017-07-14,338.04
1734,US-2017-131149,282,110,177,2017-07-10,Standard Class,2017-07-14,154.24
1735,CA-2018-101483,1113,166,223,2018-07-29,Second Class,2018-08-01,34.848
1736,CA-2018-101483,896,166,223,2018-07-29,Second Class,2018-08-01,22.0
1737,CA-2018-101483,7,166,223,2018-07-29,Second Class,2018-08-01,4.368
1738,CA-2016-130204,471,107,35,2016-09-03,Standard Class,2016-09-09,31.44
1739,CA-2016-130204,1045,107,35,2016-09-03,Standard Class,2016-09-09,17.9
1740,CA-2016-130204,1114,107,35,2016-09-03,Standard Class,2016-09-09,129.45
1741,CA-2015-110527,949,526,89,2015-08-09,Standard Class,2015-08-16,20.88
1742,CA-2018-152807,1115,499,12,2018-10-30,Standard Class,2018-11-03,20.736
1743,CA-2018-152807,1074,499,12,2018-10-30,Standard Class,2018-11-03,7.168
1744,CA-2018-152807,701,499,12,2018-10-30,Standard Class,2018-11-03,11.168
1745,CA-2018-152807,553,499,12,2018-10-30,Standard Class,2018-11-03,442.4
1746,CA-2015-133270,159,299,145,2015-06-06,First Class,2015-06-09,13.36
1747,CA-2017-155670,606,192,223,2017-08-13,Second Class,2017-08-17,11.232
1748,CA-2017-155670,1116,192,223,2017-08-13,Second Class,2017-08-17,10.272
1749,US-2015-157406,725,527,15,2015-04-25,Standard Class,2015-04-29,10.368
1750,US-2015-157406,1027,527,15,2015-04-25,Standard Class,2015-04-29,6.24
1751,CA-2016-139094,1117,247,66,2016-11-22,Standard Class,2016-11-27,206.962
1752,CA-2018-168837,284,528,233,2018-10-14,First Class,2018-10-17,9.46
1753,CA-2018-116715,822,101,35,2018-12-02,First Class,2018-12-05,559.62
1754,CA-2018-116715,1083,101,35,2018-12-02,First Class,2018-12-05,109.92
1755,CA-2018-116715,1118,101,35,2018-12-02,First Class,2018-12-05,8.56
1756,CA-2016-135622,840,500,7,2016-12-08,Second Class,2016-12-11,360.712
1757,CA-2016-135622,1119,500,7,2016-12-08,Second Class,2016-12-11,1718.4
1758,US-2016-107349,1003,360,15,2016-07-13,First Class,2016-07-15,41.568
1759,CA-2015-139017,826,529,15,2015-05-11,Standard Class,2015-05-17,46.864
1760,CA-2015-141817,360,470,106,2015-01-05,Standard Class,2015-01-12,19.536
1761,CA-2016-130785,1120,152,189,2016-09-05,Standard Class,2016-09-09,411.332
1762,CA-2016-130785,1121,152,189,2016-09-05,Standard Class,2016-09-09,28.752
1763,CA-2016-130785,1122,152,189,2016-09-05,Standard Class,2016-09-09,293.199
1764,CA-2017-110254,355,530,303,2017-08-04,Standard Class,2017-08-08,35.06
1765,CA-2017-110254,618,530,303,2017-08-04,Standard Class,2017-08-08,4.13
1766,CA-2017-110254,1123,530,303,2017-08-04,Standard Class,2017-08-08,109.8
1767,CA-2017-110254,1124,530,303,2017-08-04,Standard Class,2017-08-08,9.82
1768,US-2015-158057,49,531,307,2015-03-22,Standard Class,2015-03-26,7.644
1769,US-2015-158057,142,531,307,2015-03-22,Standard Class,2015-03-26,51.465
1770,CA-2018-146024,483,35,177,2018-03-02,Standard Class,2018-03-08,6.976
1771,CA-2018-146024,45,35,177,2018-03-02,Standard Class,2018-03-08,12.222
1772,CA-2017-129686,855,56,37,2017-11-27,Second Class,2017-11-29,97.984
1773,CA-2017-129686,198,56,37,2017-11-27,Second Class,2017-11-29,62.4
1774,CA-2015-118976,1125,502,308,2015-04-28,Standard Class,2015-05-03,20.86
1775,CA-2015-118976,1126,502,308,2015-04-28,Standard Class,2015-05-03,497.61
1776,CA-2015-118976,1127,502,308,2015-04-28,Standard Class,2015-05-03,5.34
1777,CA-2015-118976,817,502,308,2015-04-28,Standard Class,2015-05-03,3.15
1778,CA-2016-105347,1128,25,26,2016-11-24,Standard Class,2016-11-28,368.91
1779,CA-2016-105347,426,25,26,2016-11-24,Standard Class,2016-11-28,14.7
1780,CA-2017-124667,809,421,165,2017-11-11,Standard Class,2017-11-16,59.97
1781,CA-2017-124667,226,421,165,2017-11-11,Standard Class,2017-11-16,83.36
1782,CA-2016-111094,1129,119,118,2016-07-09,Standard Class,2016-07-13,6.58
1783,CA-2016-111094,801,119,118,2016-07-09,Standard Class,2016-07-13,122.94
1784,CA-2018-166317,1083,532,202,2018-09-22,Standard Class,2018-09-26,219.84
1785,CA-2018-166317,961,532,202,2018-09-22,Standard Class,2018-09-26,98.16
1786,CA-2018-166317,864,532,202,2018-09-22,Standard Class,2018-09-26,33.04
1787,CA-2018-166317,1130,532,202,2018-09-22,Standard Class,2018-09-26,86.97
1788,CA-2016-154326,818,533,309,2016-02-15,Standard Class,2016-02-19,134.97
1789,CA-2016-154326,755,533,309,2016-02-15,Standard Class,2016-02-19,699.98
1790,CA-2016-154326,1131,533,309,2016-02-15,Standard Class,2016-02-19,139.95
1791,CA-2015-102008,594,155,165,2015-09-30,Standard Class,2015-10-04,48.94
1792,CA-2015-120474,1132,262,8,2015-12-01,First Class,2015-12-03,2807.84
1793,CA-2015-120474,1133,262,8,2015-12-01,First Class,2015-12-03,46.64
1794,CA-2015-104773,118,534,17,2015-12-08,Standard Class,2015-12-13,60.416
1795,CA-2017-140774,916,535,310,2017-09-05,Standard Class,2017-09-10,107.94
1796,US-2018-139465,862,281,24,2018-08-27,First Class,2018-08-30,63.84
1797,US-2018-139465,1134,281,24,2018-08-27,First Class,2018-08-30,347.97
1798,US-2018-139465,9,281,24,2018-08-27,First Class,2018-08-30,37.008
1799,CA-2017-100965,485,529,59,2017-07-07,Standard Class,2017-07-11,215.65
1800,CA-2017-121034,204,536,177,2017-08-08,Second Class,2017-08-10,11.168
1801,CA-2017-121034,1135,536,177,2017-08-08,Second Class,2017-08-10,53.952
1802,CA-2017-149461,1007,217,311,2017-11-13,Standard Class,2017-11-19,4.18
1803,CA-2018-158379,441,351,64,2018-09-22,Second Class,2018-09-26,5.607
1804,CA-2018-158379,466,351,64,2018-09-22,Second Class,2018-09-26,4663.736
1805,CA-2018-158379,1136,351,64,2018-09-22,Second Class,2018-09-26,79.984
1806,US-2017-116729,884,137,14,2017-12-25,First Class,2017-12-28,2575.944
1807,US-2017-116729,511,137,14,2017-12-25,First Class,2017-12-28,45.36
1808,US-2017-116729,478,137,14,2017-12-25,First Class,2017-12-28,254.24
1809,CA-2017-164938,1137,537,312,2017-02-11,First Class,2017-02-13,69.93
1810,CA-2017-165484,1138,97,27,2017-10-23,Standard Class,2017-10-29,16.156
1811,CA-2017-165484,1139,97,27,2017-10-23,Standard Class,2017-10-29,54.816
1812,CA-2015-132612,122,384,245,2015-06-09,Second Class,2015-06-11,1441.3
1813,US-2018-161193,276,538,56,2018-11-20,Standard Class,2018-11-26,77.6
1814,US-2018-161193,397,538,56,2018-11-20,Standard Class,2018-11-26,4.656
1815,CA-2016-131597,224,408,63,2016-09-14,Standard Class,2016-09-18,170.136
1816,CA-2016-164833,1140,329,60,2016-06-04,Same Day,2016-06-04,7.38
1817,CA-2016-164833,183,329,60,2016-06-04,Same Day,2016-06-04,9.26
1818,CA-2016-125423,1141,431,2,2016-12-13,Second Class,2016-12-15,9.96
1819,US-2015-130379,1142,539,37,2015-05-25,Standard Class,2015-05-29,75.6
1820,US-2015-130379,1143,539,37,2015-05-25,Standard Class,2015-05-29,29.32
1821,CA-2017-168956,1144,106,37,2017-02-16,Standard Class,2017-02-20,92.064
1822,CA-2017-168956,53,106,37,2017-02-16,Standard Class,2017-02-20,6.976
1823,CA-2017-168956,1145,106,37,2017-02-16,Standard Class,2017-02-20,62.958
1824,CA-2017-168956,1146,106,37,2017-02-16,Standard Class,2017-02-20,5.184
1825,CA-2017-167507,865,194,313,2017-12-22,Standard Class,2017-12-28,31.32
1826,CA-2017-167507,346,194,313,2017-12-22,Standard Class,2017-12-28,11.84
1827,CA-2017-167507,1147,194,313,2017-12-22,Standard Class,2017-12-28,22.784
1828,CA-2017-109344,1148,540,314,2017-02-08,Second Class,2017-02-11,1127.976
1829,US-2016-140851,713,541,257,2016-07-13,Second Class,2016-07-15,38.88
1830,CA-2015-103373,1149,95,178,2015-05-18,Standard Class,2015-05-24,779.796
1831,CA-2018-145884,1150,360,315,2018-10-21,Same Day,2018-10-21,1439.92
1832,CA-2018-145884,737,360,315,2018-10-21,Same Day,2018-10-21,262.11
1833,CA-2016-131422,867,335,234,2016-11-05,Standard Class,2016-11-09,207.0
1834,CA-2018-162691,1151,443,111,2018-08-01,Standard Class,2018-08-07,1439.982
1835,CA-2018-162691,1152,443,111,2018-08-01,Standard Class,2018-08-07,36.288
1836,CA-2015-141278,19,529,316,2015-06-21,First Class,2015-06-24,21.4
1837,CA-2018-122693,160,469,236,2018-02-19,Second Class,2018-02-21,1245.86
1838,CA-2015-117345,3,542,44,2015-08-01,Standard Class,2015-08-05,17.544
1839,CA-2015-117345,94,542,44,2015-08-01,Standard Class,2015-08-05,44.128
1840,CA-2015-117345,1153,542,44,2015-08-01,Standard Class,2015-08-05,62.92
1841,CA-2015-117345,127,542,44,2015-08-01,Standard Class,2015-08-05,78.304
1842,CA-2017-157763,1154,543,317,2017-07-18,Standard Class,2017-07-23,140.81
1843,CA-2016-135391,301,136,66,2016-02-09,Second Class,2016-02-11,40.096
1844,CA-2016-135391,1155,136,66,2016-02-09,Second Class,2016-02-11,40.784
1845,US-2018-113852,26,544,61,2018-07-29,Standard Class,2018-08-02,90.57
1846,US-2018-158512,129,527,226,2018-01-12,Second Class,2018-01-17,40.08
1847,US-2018-158512,1156,527,226,2018-01-12,Second Class,2018-01-17,37.68
1848,CA-2018-128370,292,396,26,2018-09-10,Same Day,2018-09-10,362.352
1849,CA-2018-128370,308,396,26,2018-09-10,Same Day,2018-09-10,7.184
1850,CA-2016-160472,1157,344,318,2016-07-20,Second Class,2016-07-25,34.76
1851,CA-2016-160472,578,344,318,2016-07-20,Second Class,2016-07-25,831.2
1852,CA-2016-160472,1158,344,318,2016-07-20,Second Class,2016-07-25,26.4
1853,CA-2016-160472,374,344,318,2016-07-20,Second Class,2016-07-25,106.75
1854,CA-2016-160472,1159,344,318,2016-07-20,Second Class,2016-07-25,97.82
1855,CA-2016-160472,87,344,318,2016-07-20,Second Class,2016-07-25,141.4
1856,CA-2015-114643,1160,525,4,2015-06-13,Standard Class,2015-06-17,14.52
1857,US-2018-158218,912,142,17,2018-05-12,Second Class,2018-05-15,127.92
1858,US-2018-158218,1161,142,17,2018-05-12,Second Class,2018-05-15,34.24
1859,CA-2016-121608,15,81,319,2016-09-03,First Class,2016-09-05,137.62
1860,CA-2016-121608,1162,81,319,2016-09-03,First Class,2016-09-05,100.49
1861,US-2018-121251,1163,307,30,2018-03-26,First Class,2018-03-27,257.568
1862,US-2018-121251,174,307,30,2018-03-26,First Class,2018-03-27,119.96
1863,CA-2015-151078,178,168,66,2015-11-12,Same Day,2015-11-12,49.632
1864,US-2017-100839,310,545,43,2017-10-13,Standard Class,2017-10-17,727.45
1865,US-2017-100839,1164,545,43,2017-10-13,Standard Class,2017-10-17,24.96
1866,US-2018-116659,1165,244,56,2018-11-12,Same Day,2018-11-12,370.782
1867,CA-2018-118857,796,341,320,2018-04-15,First Class,2018-04-18,196.45
1868,CA-2016-127110,1166,540,106,2016-06-25,Standard Class,2016-07-01,31.104
1869,CA-2016-127110,1167,540,106,2016-06-25,Standard Class,2016-07-01,78.256
1870,CA-2017-148201,713,231,6,2017-08-26,Second Class,2017-08-29,6.48
1871,CA-2015-116932,1168,546,35,2015-07-21,Standard Class,2015-07-25,99.2
1872,CA-2015-116932,446,546,35,2015-07-21,Standard Class,2015-07-25,801.568
1873,CA-2015-116932,1169,546,35,2015-07-21,Standard Class,2015-07-25,272.848
1874,CA-2018-142888,1170,547,321,2018-11-21,Standard Class,2018-11-25,70.98
1875,CA-2015-147914,886,89,48,2015-06-04,Standard Class,2015-06-09,16.224
1876,US-2017-112977,588,171,255,2017-03-10,Standard Class,2017-03-16,176.784
1877,CA-2018-112039,470,548,66,2018-03-25,Standard Class,2018-03-29,470.376
1878,CA-2018-118885,813,507,14,2018-12-29,Standard Class,2019-01-02,393.568
1879,CA-2018-118885,203,507,14,2018-12-29,Standard Class,2019-01-02,302.376
1880,US-2018-166611,987,317,134,2018-03-28,Standard Class,2018-04-02,68.742
1881,CA-2016-109512,1171,167,165,2016-03-05,Same Day,2016-03-05,29.34
1882,CA-2016-109512,65,167,165,2016-03-05,Same Day,2016-03-05,383.607
1883,CA-2016-109512,427,167,165,2016-03-05,Same Day,2016-03-05,563.4
1884,CA-2017-118570,969,255,106,2017-11-13,Standard Class,2017-11-17,217.056
1885,CA-2018-154718,1172,298,322,2018-01-19,Second Class,2018-01-23,6.0
1886,CA-2017-147578,1173,39,35,2017-04-22,Second Class,2017-04-26,31.56
1887,CA-2015-140165,463,383,187,2015-05-13,First Class,2015-05-15,7.104
1888,CA-2015-140165,897,383,187,2015-05-13,First Class,2015-05-15,398.352
1889,CA-2015-142587,514,15,323,2015-10-21,First Class,2015-10-22,121.792
1890,CA-2015-142587,343,15,323,2015-10-21,First Class,2015-10-22,409.59
1891,CA-2015-157623,524,159,126,2015-03-14,Standard Class,2015-03-18,10.56
1892,CA-2015-157623,1174,159,126,2015-03-14,Standard Class,2015-03-18,3.38
1893,CA-2018-145310,1171,188,324,2018-12-22,Second Class,2018-12-24,7.824
1894,CA-2017-100083,1175,264,325,2017-11-24,Standard Class,2017-11-29,24.784
1895,US-2018-108063,1176,549,326,2018-12-02,First Class,2018-12-05,34.65
1896,CA-2016-109197,570,124,327,2016-12-31,Standard Class,2017-01-04,487.984
1897,CA-2018-141789,1177,550,40,2018-10-03,First Class,2018-10-06,1793.98
1898,CA-2015-169775,1178,363,328,2015-08-29,Second Class,2015-09-02,29.808
1899,CA-2015-169775,1179,363,328,2015-08-29,Second Class,2015-09-02,505.176
1900,CA-2015-169775,439,363,328,2015-08-29,Second Class,2015-09-02,174.0585
1901,CA-2017-140543,912,477,329,2017-06-29,Second Class,2017-07-03,191.88
1902,CA-2017-151141,1180,109,186,2017-08-20,First Class,2017-08-23,14.78
1903,CA-2018-167094,645,461,330,2018-10-21,First Class,2018-10-22,5.184
1904,CA-2018-167094,1181,461,330,2018-10-21,First Class,2018-10-22,478.48
1905,CA-2018-167094,937,461,330,2018-10-21,First Class,2018-10-22,28.4
1906,CA-2018-154410,419,551,304,2018-10-21,First Class,2018-10-24,909.12
1907,US-2017-150567,1182,533,331,2017-05-17,Standard Class,2017-05-21,2.952
1908,US-2017-150567,492,533,331,2017-05-17,Standard Class,2017-05-21,27.018
1909,CA-2016-157959,1183,460,142,2016-02-03,First Class,2016-02-04,136.92
1910,CA-2018-105886,1184,552,188,2018-12-18,Standard Class,2018-12-23,18.96
1911,CA-2017-105963,218,35,142,2017-11-15,Standard Class,2017-11-22,99.39
1912,CA-2018-121503,1185,396,17,2018-07-03,Second Class,2018-07-06,273.896
1913,CA-2018-121503,1186,396,17,2018-07-03,Second Class,2018-07-06,597.132
1914,CA-2015-103366,247,553,236,2015-01-15,First Class,2015-01-17,149.95
1915,CA-2018-124597,1187,358,251,2018-04-30,Standard Class,2018-05-05,4.608
1916,CA-2018-124597,901,358,251,2018-04-30,Standard Class,2018-05-05,15.528
1917,CA-2018-124597,640,358,251,2018-04-30,Standard Class,2018-05-05,11.952
1918,CA-2016-105634,373,457,118,2016-11-08,Standard Class,2016-11-14,11.65
1919,CA-2016-123673,1188,540,84,2016-10-30,Second Class,2016-11-01,299.9
1920,US-2018-111423,1189,554,290,2018-08-17,First Class,2018-08-19,895.92
1921,US-2018-111423,1190,554,290,2018-08-17,First Class,2018-08-19,462.564
1922,CA-2016-125178,1191,90,332,2016-10-03,Standard Class,2016-10-09,15.008
1923,CA-2017-156685,1192,555,175,2017-07-08,Second Class,2017-07-10,863.64
1924,CA-2017-156685,398,555,175,2017-07-08,Second Class,2017-07-10,47.616
1925,CA-2018-126865,335,269,143,2018-12-05,Second Class,2018-12-07,92.94
1926,CA-2018-102834,296,353,95,2018-03-09,Standard Class,2018-03-13,199.98
1927,US-2017-139710,1193,412,63,2017-06-09,Standard Class,2017-06-15,177.48
1928,CA-2018-121538,418,303,77,2018-11-28,First Class,2018-12-01,88.768
1929,US-2018-101539,1194,92,60,2018-03-16,Second Class,2018-03-18,6.48
1930,US-2018-101539,244,92,60,2018-03-16,Second Class,2018-03-18,46.51
1931,US-2018-101539,904,92,60,2018-03-16,Second Class,2018-03-18,659.976
1932,CA-2017-152121,1195,114,58,2017-11-27,Second Class,2017-11-29,271.992
1933,CA-2018-161200,1196,278,299,2018-08-06,Second Class,2018-08-10,145.74
1934,CA-2018-161200,51,278,299,2018-08-06,Second Class,2018-08-10,15.4
1935,CA-2018-101245,1159,353,10,2018-11-27,Standard Class,2018-12-03,244.55
1936,CA-2018-101245,1197,353,10,2018-11-27,Standard Class,2018-12-03,166.16
1937,CA-2016-141768,876,473,10,2016-05-25,Second Class,2016-05-27,14.73
1938,CA-2017-112109,1198,556,333,2017-07-08,Standard Class,2017-07-12,19.968
1939,CA-2017-112109,1199,556,333,2017-07-08,Standard Class,2017-07-12,33.488
1940,CA-2017-112109,25,556,333,2017-07-08,Standard Class,2017-07-12,8.736
1941,CA-2017-112109,158,556,333,2017-07-08,Standard Class,2017-07-12,662.88
1942,CA-2018-144064,199,435,117,2018-08-29,First Class,2018-09-01,47.36
1943,CA-2018-144064,457,435,117,2018-08-29,First Class,2018-09-01,27.44
1944,CA-2018-144064,752,435,117,2018-08-29,First Class,2018-09-01,3.24
1945,CA-2017-108581,1017,106,296,2017-06-20,Standard Class,2017-06-26,95.968
1946,CA-2017-108581,1146,106,296,2017-06-20,Standard Class,2017-06-26,10.368
1947,CA-2018-157987,333,557,30,2018-09-02,Standard Class,2018-09-06,23.1
1948,CA-2018-157987,1138,557,30,2018-09-02,Standard Class,2018-09-06,11.54
1949,CA-2018-157987,412,557,30,2018-09-02,Standard Class,2018-09-06,254.526
1950,CA-2018-157987,96,557,30,2018-09-02,Standard Class,2018-09-06,12.98
1951,CA-2018-157987,926,557,30,2018-09-02,Standard Class,2018-09-06,26.432
1952,CA-2018-157987,782,557,30,2018-09-02,Standard Class,2018-09-06,197.97
1953,CA-2018-157987,1043,557,30,2018-09-02,Standard Class,2018-09-06,18.9
1954,CA-2018-157987,464,557,30,2018-09-02,Standard Class,2018-09-06,1282.41
1955,CA-2018-157987,1200,557,30,2018-09-02,Standard Class,2018-09-06,4.92
1956,CA-2018-157987,1201,557,30,2018-09-02,Standard Class,2018-09-06,238.0
1957,CA-2018-157987,202,557,30,2018-09-02,Standard Class,2018-09-06,167.97
1958,CA-2018-157987,1118,557,30,2018-09-02,Standard Class,2018-09-06,17.12
1959,CA-2018-110905,807,356,334,2018-09-10,Second Class,2018-09-15,16.2
1960,CA-2018-110905,1202,356,334,2018-09-10,Second Class,2018-09-15,33.99
1961,CA-2018-110905,1090,356,334,2018-09-10,Second Class,2018-09-15,296.85
1962,CA-2018-110905,1203,356,334,2018-09-10,Second Class,2018-09-15,112.8
1963,CA-2018-110905,1204,356,334,2018-09-10,Second Class,2018-09-15,13.71
1964,CA-2018-110905,1026,356,334,2018-09-10,Second Class,2018-09-15,24.9
1965,CA-2018-110905,622,356,334,2018-09-10,Second Class,2018-09-15,286.29
1966,CA-2018-110905,1205,356,334,2018-09-10,Second Class,2018-09-15,24.18
1967,CA-2018-165841,540,204,335,2018-12-21,Standard Class,2018-12-28,281.97
1968,CA-2018-165841,1206,204,335,2018-12-21,Standard Class,2018-12-28,69.5
1969,CA-2018-165841,163,204,335,2018-12-21,Standard Class,2018-12-28,166.44
1970,CA-2018-117485,172,218,312,2018-09-23,Standard Class,2018-09-29,291.96
1971,CA-2018-140242,1127,530,37,2018-05-06,Standard Class,2018-05-11,6.408
1972,CA-2018-140242,172,530,37,2018-05-06,Standard Class,2018-05-11,408.744
1973,CA-2015-148950,1207,558,27,2015-12-14,Standard Class,2015-12-19,5.104
1974,CA-2015-148950,805,558,27,2015-12-14,Standard Class,2015-12-19,2.896
1975,CA-2015-148950,1208,558,27,2015-12-14,Standard Class,2015-12-19,35.016
1976,CA-2015-110408,197,128,154,2015-10-18,Second Class,2015-10-20,275.97
1977,CA-2015-110408,1209,128,154,2015-10-18,Second Class,2015-10-20,1394.95
1978,CA-2015-110408,1210,128,154,2015-10-18,Second Class,2015-10-20,545.88
1979,CA-2016-109939,1211,212,161,2016-05-08,Standard Class,2016-05-12,5.248
1980,CA-2017-112669,285,447,276,2017-04-14,Same Day,2017-04-14,933.536
1981,CA-2017-112669,231,447,276,2017-04-14,Same Day,2017-04-14,42.976
1982,CA-2016-119592,621,153,113,2016-12-14,Second Class,2016-12-16,3.76
1983,CA-2015-122749,1212,160,336,2015-12-03,Standard Class,2015-12-09,479.96
1984,CA-2015-164721,651,430,91,2015-11-25,Second Class,2015-11-27,320.88
1985,CA-2015-164721,741,430,91,2015-11-25,Second Class,2015-11-27,23.88
1986,CA-2015-164721,1071,430,91,2015-11-25,Second Class,2015-11-27,26.76
1987,CA-2017-147417,307,559,48,2017-07-25,First Class,2017-07-27,1439.976
1988,CA-2016-127509,1213,549,334,2016-11-09,Standard Class,2016-11-13,17.22
1989,CA-2016-127509,1214,549,334,2016-11-09,Standard Class,2016-11-13,1024.38
1990,CA-2016-127509,1215,549,334,2016-11-09,Standard Class,2016-11-13,26.22
1991,CA-2016-127509,1216,549,334,2016-11-09,Standard Class,2016-11-13,17.34
1992,CA-2018-111374,926,559,64,2018-02-24,Standard Class,2018-02-28,4.956
1993,CA-2018-133648,430,530,330,2018-06-25,Standard Class,2018-07-02,71.04
1994,CA-2018-133648,1217,530,330,2018-06-25,Standard Class,2018-07-02,5.344
1995,CA-2018-133648,1218,530,330,2018-06-25,Standard Class,2018-07-02,11.304
1996,US-2018-147221,1219,560,67,2018-12-02,Second Class,2018-12-04,294.62
1997,US-2018-147221,494,560,67,2018-12-02,Second Class,2018-12-04,8.752
1998,CA-2015-131905,548,541,337,2015-02-06,First Class,2015-02-09,15.0
1999,CA-2015-131905,298,541,337,2015-02-06,First Class,2015-02-09,161.61
2000,CA-2015-131905,1130,541,337,2015-02-06,First Class,2015-02-09,144.95
2001,CA-2018-166128,98,561,55,2018-04-11,Standard Class,2018-04-18,199.95
2002,CA-2018-166128,1055,561,55,2018-04-11,Standard Class,2018-04-18,41.86
2003,CA-2018-163510,912,528,176,2018-12-25,Second Class,2018-12-28,95.94
2004,CA-2018-163510,65,528,176,2018-12-25,Second Class,2018-12-28,304.45
2005,US-2018-143028,93,338,338,2018-04-11,Standard Class,2018-04-18,11.364
2006,CA-2015-111150,754,339,339,2015-12-31,Standard Class,2016-01-04,29.68
2007,CA-2015-111150,235,339,339,2015-12-31,Standard Class,2016-01-04,47.53
2008,CA-2018-165386,1220,497,37,2018-08-03,First Class,2018-08-04,183.372
2009,CA-2015-116407,1040,441,340,2015-11-15,Standard Class,2015-11-21,4.224
2010,CA-2015-116407,78,441,340,2015-11-15,Standard Class,2015-11-21,333.056
2011,CA-2015-116407,566,441,340,2015-11-15,Standard Class,2015-11-21,24.896
2012,CA-2016-155761,591,562,17,2016-12-11,Same Day,2016-12-11,159.984
2013,CA-2016-155761,1221,562,17,2016-12-11,Same Day,2016-12-11,46.344
2014,CA-2017-145905,1132,563,341,2017-09-18,Standard Class,2017-09-23,350.98
2015,CA-2017-145905,1222,563,341,2017-09-18,Standard Class,2017-09-23,13.08
2016,CA-2017-145905,907,563,341,2017-09-18,Standard Class,2017-09-23,900.08
2017,CA-2016-113110,1046,319,342,2016-03-19,Standard Class,2016-03-23,17.568
2018,CA-2016-113110,3,319,342,2016-03-19,Standard Class,2016-03-23,14.62
2019,CA-2016-113110,1060,319,342,2016-03-19,Standard Class,2016-03-23,33.36
2020,CA-2016-113110,187,319,342,2016-03-19,Standard Class,2016-03-23,40.14
2021,CA-2017-168354,519,564,259,2017-09-19,First Class,2017-09-21,1606.23
2022,CA-2017-168354,127,564,259,2017-09-19,First Class,2017-09-21,17.04
2023,CA-2017-168354,730,564,259,2017-09-19,First Class,2017-09-21,49.53
2024,CA-2017-168354,636,564,259,2017-09-19,First Class,2017-09-21,872.32
2025,US-2018-111241,980,422,253,2018-08-20,Second Class,2018-08-22,239.12
2026,CA-2016-114237,632,508,6,2016-03-13,First Class,2016-03-15,141.96
2027,CA-2017-113516,341,92,195,2017-09-08,Second Class,2017-09-10,33.024
2028,CA-2017-113516,543,92,195,2017-09-08,Second Class,2017-09-10,67.136
2029,CA-2016-117961,186,324,343,2016-11-26,Standard Class,2016-11-30,14.73
2030,CA-2016-117961,1223,324,343,2016-11-26,Standard Class,2016-11-30,104.9
2031,CA-2016-117961,786,324,343,2016-11-26,Standard Class,2016-11-30,61.04
2032,CA-2016-117961,1030,324,343,2016-11-26,Standard Class,2016-11-30,10.95
2033,CA-2017-128923,708,335,7,2017-12-09,Standard Class,2017-12-13,9.392
2034,CA-2017-128923,1133,335,7,2017-12-09,Standard Class,2017-12-13,9.328
2035,CA-2018-162481,864,565,39,2018-09-25,Standard Class,2018-09-29,8.26
2036,CA-2018-162481,52,565,39,2018-09-25,Standard Class,2018-09-29,269.97
2037,CA-2016-119214,365,195,344,2016-01-23,Standard Class,2016-01-27,29.04
2038,CA-2016-119214,1101,195,344,2016-01-23,Standard Class,2016-01-27,14.62
2039,CA-2016-122287,1224,382,345,2016-06-18,Standard Class,2016-06-23,11.952
2040,CA-2016-122287,871,382,345,2016-06-18,Standard Class,2016-06-23,4.536
2041,CA-2016-122287,786,382,345,2016-06-18,Standard Class,2016-06-23,9.156
2042,CA-2016-122287,1156,382,345,2016-06-18,Standard Class,2016-06-23,75.36
2043,CA-2016-104493,1225,183,189,2016-10-02,Standard Class,2016-10-08,57.504
2044,US-2018-158946,925,479,346,2018-11-18,Standard Class,2018-11-23,38.864
2045,CA-2015-129168,989,11,15,2015-08-17,Standard Class,2015-08-23,15.552
2046,CA-2017-131835,724,566,347,2017-07-17,Standard Class,2017-07-21,162.64
2047,CA-2017-131835,257,566,347,2017-07-17,Standard Class,2017-07-21,597.0
2048,CA-2017-131835,418,566,347,2017-07-17,Standard Class,2017-07-21,55.48
2049,CA-2016-142237,29,243,64,2016-07-11,First Class,2016-07-13,289.8
2050,CA-2016-142237,758,243,64,2016-07-11,First Class,2016-07-13,2.502
2051,CA-2016-142237,807,243,64,2016-07-11,First Class,2016-07-13,6.48
2052,CA-2016-142237,1226,243,64,2016-07-11,First Class,2016-07-13,341.488
2053,CA-2016-142237,325,243,64,2016-07-11,First Class,2016-07-13,11.12
2054,CA-2016-142237,1227,243,64,2016-07-11,First Class,2016-07-13,25.344
2055,CA-2017-136434,1138,503,238,2017-12-01,Standard Class,2017-12-07,17.31
2056,CA-2018-120376,1228,237,84,2018-12-22,First Class,2018-12-25,199.95
2057,CA-2018-120376,630,237,84,2018-12-22,First Class,2018-12-25,1586.69
2058,CA-2018-120376,107,237,84,2018-12-22,First Class,2018-12-25,84.99
2059,CA-2018-120376,122,237,84,2018-12-22,First Class,2018-12-25,411.8
2060,CA-2015-106439,1229,56,14,2015-10-31,Standard Class,2015-11-04,11.34
2061,CA-2015-106439,1230,56,14,2015-10-31,Standard Class,2015-11-04,80.3
2062,CA-2015-106439,1231,56,14,2015-10-31,Standard Class,2015-11-04,15.968
2063,CA-2015-106439,1232,56,14,2015-10-31,Standard Class,2015-11-04,64.74
2064,CA-2015-106439,1233,56,14,2015-10-31,Standard Class,2015-11-04,19.296
2065,CA-2015-106439,538,56,14,2015-10-31,Standard Class,2015-11-04,405.64
2066,CA-2015-106439,1226,56,14,2015-10-31,Standard Class,2015-11-04,146.352
2067,CA-2015-106439,1131,56,14,2015-10-31,Standard Class,2015-11-04,251.91
2068,CA-2015-106439,1025,56,14,2015-10-31,Standard Class,2015-11-04,12.39
2069,CA-2016-133452,1234,234,282,2016-04-13,Standard Class,2016-04-19,199.96
2070,CA-2016-133452,1235,234,282,2016-04-13,Standard Class,2016-04-19,710.832
2071,CA-2017-146521,626,567,64,2017-07-21,Second Class,2017-07-23,1.941
2072,US-2018-110996,368,568,348,2018-11-20,Standard Class,2018-11-25,283.92
2073,CA-2017-129693,1204,569,60,2017-11-26,Standard Class,2017-12-02,7.312
2074,CA-2018-122504,1236,490,91,2018-11-07,Second Class,2018-11-12,59.97
2075,CA-2018-122504,1237,490,91,2018-11-07,Second Class,2018-11-12,761.544
2076,CA-2015-131051,276,310,35,2015-12-01,Standard Class,2015-12-05,58.2
2077,CA-2018-140676,227,570,308,2018-09-12,First Class,2018-09-15,39.9
2078,CA-2018-140676,96,570,308,2018-09-12,First Class,2018-09-15,90.86
2079,CA-2018-140676,275,570,308,2018-09-12,First Class,2018-09-15,94.85
2080,CA-2016-120103,1238,334,52,2016-12-24,Standard Class,2016-12-29,106.232
2081,CA-2016-120103,600,334,52,2016-12-24,Standard Class,2016-12-29,111.984
2082,CA-2016-120103,764,334,52,2016-12-24,Standard Class,2016-12-29,7.712
2083,CA-2018-104647,911,243,142,2018-02-23,Standard Class,2018-03-01,37.44
2084,CA-2015-110352,430,526,67,2015-11-23,Standard Class,2015-11-29,23.68
2085,CA-2017-140501,581,6,30,2017-06-23,Standard Class,2017-06-28,122.12
2086,CA-2017-140501,1239,6,30,2017-06-23,Standard Class,2017-06-28,18.45
2087,CA-2017-140501,392,6,30,2017-06-23,Standard Class,2017-06-28,324.9
2088,CA-2017-140501,1159,6,30,2017-06-23,Standard Class,2017-06-28,146.73
2089,CA-2017-140501,1240,6,30,2017-06-23,Standard Class,2017-06-28,3.96
2090,CA-2016-139290,1241,200,349,2016-10-26,Standard Class,2016-10-30,5.76
2091,CA-2018-166142,609,571,50,2018-07-15,Standard Class,2018-07-19,26.55
2092,CA-2018-166142,1117,571,50,2018-07-15,Standard Class,2018-07-19,310.443
2093,CA-2015-145926,993,89,350,2015-11-17,Standard Class,2015-11-21,479.9
2094,CA-2016-149678,506,498,215,2016-04-13,Second Class,2016-04-15,12.88
2095,US-2016-164357,1242,12,125,2016-11-25,Standard Class,2016-11-29,13.12
2096,US-2017-146570,1243,18,130,2017-05-15,Standard Class,2017-05-20,511.84
2097,US-2017-146570,1244,18,130,2017-05-15,Standard Class,2017-05-20,91.96
2098,US-2017-146570,450,18,130,2017-05-15,Standard Class,2017-05-20,8.34
2099,CA-2018-124401,954,77,41,2018-09-07,Standard Class,2018-09-12,37.68
2100,CA-2018-124401,1136,77,41,2018-09-07,Standard Class,2018-09-12,279.944
2101,US-2015-140116,1245,410,77,2015-03-10,Standard Class,2015-03-17,636.408
2102,US-2015-140116,1063,410,77,2015-03-10,Standard Class,2015-03-17,83.168
2103,CA-2015-123295,395,572,116,2015-07-18,Same Day,2015-07-18,259.136
2104,CA-2018-167101,448,313,30,2018-03-24,Second Class,2018-03-28,221.92
2105,CA-2018-167101,198,313,30,2018-03-24,Second Class,2018-03-28,26.0
2106,US-2015-167633,975,573,251,2015-09-30,Standard Class,2015-10-05,15.552
2107,US-2015-152723,237,429,351,2015-09-26,Same Day,2015-09-26,0.876
2108,CA-2016-164882,369,66,72,2016-10-31,Same Day,2016-10-31,19.98
2109,CA-2016-164882,897,66,72,2016-10-31,Same Day,2016-10-31,398.352
2110,CA-2016-164882,1246,66,72,2016-10-31,Same Day,2016-10-31,5.04
2111,CA-2016-164882,204,66,72,2016-10-31,Same Day,2016-10-31,17.45
2112,CA-2016-164882,39,66,72,2016-10-31,Same Day,2016-10-31,323.136
2113,CA-2016-164882,559,66,72,2016-10-31,Same Day,2016-10-31,29.7
2114,CA-2016-164882,1247,66,72,2016-10-31,Same Day,2016-10-31,1295.84
2115,CA-2016-164882,1248,66,72,2016-10-31,Same Day,2016-10-31,46.84
2116,CA-2016-164882,1249,66,72,2016-10-31,Same Day,2016-10-31,425.833
2117,CA-2016-159786,1111,344,145,2016-10-12,Second Class,2016-10-17,209.67
2118,CA-2017-130267,394,574,352,2017-09-19,Standard Class,2017-09-23,159.88
2119,CA-2018-155460,219,339,60,2018-04-13,First Class,2018-04-15,5.28
2120,CA-2018-155460,1189,339,60,2018-04-13,First Class,2018-04-15,895.92
2121,US-2018-168690,745,466,353,2018-01-07,Standard Class,2018-01-13,2.808
2122,CA-2018-158246,52,81,354,2018-11-09,First Class,2018-11-11,215.976
2123,CA-2018-167381,367,383,242,2018-09-22,Second Class,2018-09-24,241.96
2124,CA-2018-167381,86,383,242,2018-09-22,Second Class,2018-09-24,27.72
2125,CA-2018-144862,1250,383,106,2018-12-01,Standard Class,2018-12-05,104.68
2126,CA-2018-144862,1251,383,106,2018-12-01,Standard Class,2018-12-05,62.958
2127,CA-2015-126032,358,575,106,2015-06-23,Standard Class,2015-06-28,86.376
2128,CA-2016-134859,1252,452,64,2016-10-04,Standard Class,2016-10-09,64.944
2129,CA-2016-134859,1005,452,64,2016-10-04,Standard Class,2016-10-09,20.736
2130,US-2015-114188,1253,576,355,2015-05-20,Second Class,2015-05-22,33.28
2131,US-2015-114188,1254,576,355,2015-05-20,Second Class,2015-05-22,38.52
2132,US-2015-114188,892,576,355,2015-05-20,Second Class,2015-05-22,139.86
2133,CA-2016-156524,1255,298,165,2016-11-20,Standard Class,2016-11-26,19.65
2134,CA-2016-122210,14,577,64,2016-11-30,Standard Class,2016-12-04,152.991
2135,CA-2016-122210,970,577,64,2016-11-30,Standard Class,2016-12-04,10.584
2136,CA-2016-122210,1256,577,64,2016-11-30,Standard Class,2016-12-04,94.92
2137,CA-2016-156377,1257,578,71,2016-12-31,Standard Class,2017-01-05,14.76
2138,CA-2016-156377,1204,578,71,2016-12-31,Standard Class,2017-01-05,3.656
2139,US-2018-157896,594,559,30,2018-11-16,Same Day,2018-11-16,146.82
2140,CA-2015-159520,351,266,255,2015-06-06,Standard Class,2015-06-11,149.544
2141,CA-2015-159520,1258,266,255,2015-06-06,Standard Class,2015-06-11,17.14
2142,CA-2015-159520,1259,266,255,2015-06-06,Standard Class,2015-06-11,991.764
2143,CA-2017-155481,70,159,12,2017-09-01,Standard Class,2017-09-05,30.48
2144,CA-2017-155481,126,159,12,2017-09-01,Standard Class,2017-09-05,23.988
2145,CA-2017-155481,128,159,12,2017-09-01,Standard Class,2017-09-05,16.688
2146,US-2017-152051,229,379,356,2017-06-25,Standard Class,2017-06-29,422.058
2147,US-2017-152051,133,379,356,2017-06-25,Standard Class,2017-06-29,38.088
2148,US-2017-152051,46,379,356,2017-06-25,Standard Class,2017-06-29,254.352
2149,CA-2015-141607,785,577,138,2015-12-12,Standard Class,2015-12-17,43.31
2150,CA-2018-102771,1260,158,46,2018-03-31,Standard Class,2018-04-05,84.95
2151,US-2018-139969,914,579,357,2018-11-19,Standard Class,2018-11-26,233.058
2152,CA-2015-167360,405,580,358,2015-11-24,Second Class,2015-11-29,111.79
2153,CA-2016-123505,1026,482,359,2016-11-22,Standard Class,2016-11-26,14.94
2154,CA-2017-117282,609,113,30,2017-07-14,Standard Class,2017-07-18,14.16
2155,US-2017-120460,1156,409,177,2017-04-30,Standard Class,2017-05-05,22.608
2156,CA-2017-111115,295,446,4,2017-07-25,Second Class,2017-07-27,21.48
2157,CA-2015-124646,750,232,40,2015-06-22,First Class,2015-06-24,501.81
2158,CA-2015-124646,399,232,40,2015-06-22,First Class,2015-06-24,161.94
2159,CA-2018-148166,1261,72,262,2018-10-21,Standard Class,2018-10-26,17.856
2160,CA-2017-159737,909,230,27,2017-09-03,Standard Class,2017-09-09,8.808
2161,CA-2017-141019,1072,110,94,2017-05-14,Same Day,2017-05-14,79.384
2162,CA-2017-101938,1262,109,233,2017-01-07,Standard Class,2017-01-12,34.58
2163,CA-2018-166296,1079,581,360,2018-03-13,Standard Class,2018-03-19,314.55
2164,CA-2017-154018,658,67,162,2017-10-13,Standard Class,2017-10-19,191.976
2165,CA-2017-154018,1263,67,162,2017-10-13,Standard Class,2017-10-19,8.288
2166,CA-2017-154018,584,67,162,2017-10-13,Standard Class,2017-10-19,139.92
2167,CA-2017-154018,1168,67,162,2017-10-13,Standard Class,2017-10-19,15.872
2168,CA-2017-154018,308,67,162,2017-10-13,Standard Class,2017-10-19,6.286
2169,CA-2018-117870,513,582,361,2018-01-27,Second Class,2018-01-30,14.016
2170,CA-2018-117870,702,582,361,2018-01-27,Second Class,2018-01-30,71.976
2171,CA-2018-117870,161,582,361,2018-01-27,Second Class,2018-01-30,107.982
2172,US-2018-137491,636,19,362,2018-11-19,Standard Class,2018-11-25,305.312
2173,CA-2015-152296,1264,583,35,2015-08-01,First Class,2015-08-03,19.752
2174,CA-2017-112025,1088,61,33,2017-07-30,Standard Class,2017-08-04,9.264
2175,CA-2016-132507,1221,567,17,2016-07-30,Second Class,2016-08-03,61.792
2176,CA-2017-125738,1265,584,363,2017-10-15,Standard Class,2017-10-21,45.68
2177,CA-2017-125738,1084,584,363,2017-10-15,Standard Class,2017-10-21,60.12
2178,CA-2017-125738,1125,584,363,2017-10-15,Standard Class,2017-10-21,41.72
2179,CA-2017-125738,423,584,363,2017-10-15,Standard Class,2017-10-21,71.6
2180,CA-2017-128818,339,171,30,2017-05-07,Standard Class,2017-05-11,85.232
2181,CA-2017-128818,430,171,30,2017-05-07,Standard Class,2017-05-11,44.4
2182,CA-2017-128818,1266,171,30,2017-05-07,Standard Class,2017-05-11,442.764
2183,CA-2017-128818,1151,171,30,2017-05-07,Standard Class,2017-05-11,3999.95
2184,CA-2017-128818,98,171,30,2017-05-07,Standard Class,2017-05-11,199.95
2185,CA-2017-128818,741,171,30,2017-05-07,Standard Class,2017-05-11,63.68
2186,CA-2018-124576,142,97,206,2018-08-01,Second Class,2018-08-04,54.896
2187,CA-2017-101378,175,585,364,2017-07-14,Same Day,2017-07-14,29.0
2188,CA-2018-143063,1041,583,135,2018-08-10,Standard Class,2018-08-15,70.08
2189,CA-2018-143063,72,583,135,2018-08-10,Standard Class,2018-08-15,121.3
2190,CA-2018-143063,298,583,135,2018-08-10,Standard Class,2018-08-15,1454.49
2191,CA-2017-118913,1267,239,14,2017-06-25,Standard Class,2017-06-29,60.81
2192,CA-2017-128412,1243,276,60,2017-12-10,Standard Class,2017-12-17,153.552
2193,CA-2017-128412,1113,276,60,2017-12-10,Standard Class,2017-12-17,65.34
2194,CA-2017-128412,1031,276,60,2017-12-10,Standard Class,2017-12-17,123.92
2195,CA-2017-128412,1268,276,60,2017-12-10,Standard Class,2017-12-17,35.1
2196,CA-2017-128412,1045,276,60,2017-12-10,Standard Class,2017-12-17,44.75
2197,CA-2017-136483,135,370,365,2017-12-01,Standard Class,2017-12-06,4.704
2198,CA-2015-163013,564,570,154,2015-11-28,Standard Class,2015-12-04,14.67
2199,CA-2016-135363,90,238,75,2016-03-28,Standard Class,2016-04-02,15.552
2200,CA-2016-135363,1222,238,75,2016-03-28,Standard Class,2016-04-02,5.232
2201,US-2015-165659,346,300,366,2015-06-01,Standard Class,2015-06-06,22.2
2202,US-2015-165659,203,300,366,2015-06-01,Standard Class,2015-06-06,881.93
2203,CA-2016-138002,316,458,6,2016-09-06,Standard Class,2016-09-12,6.096
2204,CA-2016-138002,1269,458,6,2016-09-06,Standard Class,2016-09-12,191.82
2205,CA-2016-128860,1002,57,208,2016-06-29,Standard Class,2016-07-05,20.104
2206,CA-2017-164350,1270,345,49,2017-09-10,Second Class,2017-09-12,67.56
2207,US-2015-103905,411,586,174,2015-07-14,Standard Class,2015-07-20,29.932
2208,US-2015-103905,180,586,174,2015-07-14,Standard Class,2015-07-20,38.272
2209,CA-2016-129854,106,43,30,2016-08-22,Standard Class,2016-08-26,16.52
2210,CA-2015-125556,1271,587,70,2015-11-14,Second Class,2015-11-16,832.93
2211,CA-2015-125556,237,587,70,2015-11-14,Second Class,2015-11-16,43.8
2212,CA-2017-162313,1272,147,367,2017-11-27,First Class,2017-11-30,167.292
2213,CA-2018-107874,906,350,46,2018-11-21,Standard Class,2018-11-25,27.42
2214,CA-2018-129378,752,516,59,2018-10-01,First Class,2018-10-02,1.44
2215,CA-2018-129378,306,516,59,2018-10-01,First Class,2018-10-02,61.776
2216,CA-2018-129378,644,516,59,2018-10-01,First Class,2018-10-02,241.96
2217,CA-2018-129378,1273,516,59,2018-10-01,First Class,2018-10-02,108.608
2218,CA-2015-151953,1274,588,134,2015-09-20,Standard Class,2015-09-25,2.816
2219,CA-2018-130841,745,589,95,2018-07-28,Standard Class,2018-08-01,9.984
2220,CA-2018-130841,356,589,95,2018-07-28,Standard Class,2018-08-01,14.98
2221,CA-2018-130841,1119,589,95,2018-07-28,Standard Class,2018-08-01,1145.6
2222,CA-2016-131884,1247,590,368,2016-12-06,Same Day,2016-12-06,485.94
2223,CA-2016-131884,513,590,368,2016-12-06,Same Day,2016-12-06,37.376
2224,CA-2016-131884,212,590,368,2016-12-06,Same Day,2016-12-06,70.686
2225,CA-2018-121909,1275,106,64,2018-07-31,Standard Class,2018-08-05,54.816
2226,CA-2017-106383,1276,591,369,2017-03-19,Second Class,2017-03-21,72.294
2227,CA-2018-130771,805,157,111,2018-07-29,Standard Class,2018-08-03,2.896
2228,CA-2018-130771,496,157,111,2018-07-29,Standard Class,2018-08-03,124.792
2229,CA-2017-139157,1259,412,24,2017-10-01,Standard Class,2017-10-05,330.588
2230,CA-2015-128055,1179,398,35,2015-03-31,Standard Class,2015-04-05,673.568
2231,CA-2015-128055,1277,398,35,2015-03-31,Standard Class,2015-04-05,52.98
2232,CA-2018-157091,794,592,241,2018-06-26,Standard Class,2018-07-01,526.45
2233,CA-2018-132122,1278,582,27,2018-07-09,Standard Class,2018-07-14,228.92
2234,CA-2016-123232,1279,265,41,2016-12-14,Second Class,2016-12-16,319.968
2235,CA-2018-104066,826,426,370,2018-12-05,Standard Class,2018-12-10,205.03
2236,CA-2016-145849,622,565,304,2016-09-15,Second Class,2016-09-17,190.86
2237,CA-2016-145849,1280,565,304,2016-09-15,Second Class,2016-09-17,24.32
2238,CA-2017-122322,1281,564,267,2017-07-15,Standard Class,2017-07-21,44.4
2239,CA-2018-166849,1282,320,27,2018-04-20,Standard Class,2018-04-26,44.4
2240,CA-2017-146633,451,593,14,2017-11-15,Second Class,2017-11-17,1016.792
2241,CA-2017-146633,1283,593,14,2017-11-15,Second Class,2017-11-17,38.136
2242,US-2017-126893,904,565,64,2017-11-26,Standard Class,2017-12-01,494.982
2243,CA-2018-103380,87,594,55,2018-11-21,Standard Class,2018-11-25,56.56
2244,CA-2018-103380,450,594,55,2018-11-21,Standard Class,2018-11-25,5.56
2245,CA-2018-103380,486,594,55,2018-11-21,Standard Class,2018-11-25,9.02
2246,CA-2018-103380,23,594,55,2018-11-21,Standard Class,2018-11-25,8.62
2247,CA-2018-103380,904,594,55,2018-11-21,Standard Class,2018-11-25,659.976
2248,CA-2016-116092,1284,595,26,2016-02-15,Second Class,2016-02-18,13.36
2249,CA-2016-116092,1125,595,26,2016-02-15,Second Class,2016-02-18,41.72
2250,CA-2016-116092,615,595,26,2016-02-15,Second Class,2016-02-18,11.52
2251,CA-2016-116092,1285,595,26,2016-02-15,Second Class,2016-02-18,541.44
2252,CA-2016-116092,1232,595,26,2016-02-15,Second Class,2016-02-18,19.44
2253,CA-2017-117849,137,452,189,2017-04-15,Second Class,2017-04-17,143.7
2254,CA-2016-169201,337,429,95,2016-09-28,First Class,2016-10-01,43.26
2255,CA-2016-169201,1113,429,95,2016-09-28,First Class,2016-10-01,43.56
2256,CA-2017-164091,1286,157,371,2017-09-17,Standard Class,2017-09-22,437.85
2257,CA-2017-164091,860,157,371,2017-09-17,Standard Class,2017-09-22,109.48
2258,CA-2018-105214,378,60,35,2018-06-16,First Class,2018-06-19,1212.96
2259,CA-2018-105214,1287,60,35,2018-06-16,First Class,2018-06-19,18.54
2260,CA-2016-117611,660,596,143,2016-11-08,Second Class,2016-11-10,5.0
2261,CA-2016-117611,696,596,143,2016-11-08,Second Class,2016-11-10,371.97
2262,US-2016-137960,578,597,46,2016-12-18,Same Day,2016-12-18,166.24
2263,CA-2018-122994,575,598,102,2018-02-06,First Class,2018-02-09,359.97
2264,CA-2017-131065,1288,212,149,2017-11-14,Second Class,2017-11-16,499.98
2265,CA-2017-131065,219,212,149,2017-11-14,Second Class,2017-11-16,5.28
2266,CA-2017-131065,926,212,149,2017-11-14,Second Class,2017-11-16,8.26
2267,CA-2018-149146,1289,599,234,2018-10-12,Same Day,2018-10-12,7.968
2268,CA-2018-137470,1290,600,61,2018-09-17,Same Day,2018-09-17,12.96
2269,CA-2018-105480,1291,159,145,2018-12-20,Standard Class,2018-12-26,6.48
2270,CA-2018-105480,45,159,145,2018-12-20,Standard Class,2018-12-26,6.984
2271,CA-2018-164917,370,150,124,2018-12-02,Standard Class,2018-12-07,47.96
2272,CA-2016-102036,1292,80,60,2016-09-21,Standard Class,2016-09-27,199.74
2273,CA-2016-142944,1293,140,35,2016-03-06,Standard Class,2016-03-11,435.26
2274,CA-2016-142944,1294,140,35,2016-03-06,Standard Class,2016-03-11,1119.984
2275,CA-2015-157882,1295,154,2,2015-10-03,Second Class,2015-10-08,143.432
2276,CA-2015-157882,24,154,2,2015-10-03,Second Class,2015-10-08,122.352
2277,CA-2015-104283,855,216,372,2015-06-27,Standard Class,2015-07-01,306.2
2278,CA-2015-104283,978,216,372,2015-06-27,Standard Class,2015-07-01,85.98
2279,CA-2015-104283,202,216,372,2015-06-27,Standard Class,2015-07-01,223.96
2280,CA-2018-142622,1226,601,61,2018-10-30,First Class,2018-11-02,97.568
2281,CA-2018-142622,993,601,61,2018-10-30,First Class,2018-11-02,614.272
2282,CA-2018-142622,900,601,61,2018-10-30,First Class,2018-11-02,199.98
2283,CA-2017-132143,321,525,264,2017-09-03,First Class,2017-09-05,48.16
2284,CA-2016-153108,180,228,373,2016-03-05,Standard Class,2016-03-09,23.92
2285,CA-2016-153108,1296,228,373,2016-03-05,Standard Class,2016-03-09,60.69
2286,CA-2017-112676,1297,602,109,2017-05-05,First Class,2017-05-08,14.352
2287,CA-2018-165687,1298,395,270,2018-11-17,Standard Class,2018-11-23,35.04
2288,US-2018-112928,1299,122,214,2018-06-01,Second Class,2018-06-05,17.48
2289,CA-2018-143343,837,573,4,2018-06-10,First Class,2018-06-13,16.4
2290,CA-2018-115154,1300,603,61,2018-01-08,First Class,2018-01-11,892.98
2291,CA-2016-149342,665,379,113,2016-04-20,Standard Class,2016-04-25,287.97
2292,CA-2016-149342,1072,379,113,2016-04-20,Standard Class,2016-04-25,595.38
2293,CA-2016-149342,779,379,113,2016-04-20,Standard Class,2016-04-25,12.96
2294,CA-2016-130995,501,426,30,2016-11-01,Standard Class,2016-11-06,4.95
2295,CA-2018-127929,72,525,264,2018-12-23,Standard Class,2018-12-27,181.95
2296,CA-2016-113145,939,105,165,2016-11-01,Standard Class,2016-11-05,13.52
2297,CA-2016-113145,690,105,165,2016-11-01,Standard Class,2016-11-05,259.7
2298,CA-2016-113145,1301,105,165,2016-11-01,Standard Class,2016-11-05,42.95
2299,CA-2016-113145,652,105,165,2016-11-01,Standard Class,2016-11-05,1399.93
2300,CA-2016-113145,479,105,165,2016-11-01,Standard Class,2016-11-05,503.96
2301,CA-2015-162362,16,146,374,2015-11-14,Standard Class,2015-11-18,12.72
2302,CA-2015-162362,615,146,374,2015-11-14,Standard Class,2015-11-18,11.52
2303,CA-2017-106558,553,394,113,2017-01-17,Standard Class,2017-01-21,316.0
2304,CA-2018-157931,324,247,236,2018-09-17,Second Class,2018-09-22,723.92
2305,CA-2018-157931,259,247,236,2018-09-17,Second Class,2018-09-22,106.32
2306,CA-2017-115574,714,131,37,2017-12-23,First Class,2017-12-24,141.372
2307,CA-2016-160794,753,100,17,2016-08-06,First Class,2016-08-08,27.216
2308,CA-2018-116225,476,604,30,2018-11-05,Standard Class,2018-11-09,390.75
2309,US-2018-120418,655,605,345,2018-06-11,First Class,2018-06-12,280.792
2310,US-2018-120418,81,605,345,2018-06-11,First Class,2018-06-12,68.448
2311,US-2018-120418,667,605,345,2018-06-11,First Class,2018-06-12,88.04
2312,US-2018-120418,1042,605,345,2018-06-11,First Class,2018-06-12,15.872
2313,US-2018-120418,436,605,345,2018-06-11,First Class,2018-06-12,215.592
2314,CA-2018-122035,677,606,375,2018-07-20,Standard Class,2018-07-25,14.62
2315,CA-2018-122035,78,606,375,2018-07-20,Standard Class,2018-07-25,416.32
2316,CA-2018-122035,481,606,375,2018-07-20,Standard Class,2018-07-25,43.0
2317,CA-2018-122035,1226,606,375,2018-07-20,Standard Class,2018-07-25,182.94
2318,CA-2018-122035,845,606,375,2018-07-20,Standard Class,2018-07-25,60.83
2319,CA-2018-122035,1302,606,375,2018-07-20,Standard Class,2018-07-25,389.97
2320,CA-2016-117828,536,215,196,2016-12-23,First Class,2016-12-26,194.32
2321,CA-2018-165491,1303,305,61,2018-03-20,Standard Class,2018-03-24,265.93
2322,CA-2016-109470,352,347,1,2016-12-31,Second Class,2017-01-03,94.74
2323,CA-2016-109470,281,347,1,2016-12-31,Second Class,2017-01-03,60.64
2324,CA-2016-109470,786,347,1,2016-12-31,Second Class,2017-01-03,76.3
2325,CA-2016-109470,1000,347,1,2016-12-31,Second Class,2017-01-03,364.8
2326,CA-2016-105102,1198,607,46,2016-09-15,Second Class,2016-09-19,79.872
2327,CA-2016-105102,267,607,46,2016-09-15,Second Class,2016-09-19,46.384
2328,CA-2016-105102,13,607,46,2016-09-15,Second Class,2016-09-19,12.96
2329,CA-2018-138422,1304,608,376,2018-09-23,First Class,2018-09-26,14.352
2330,US-2016-147739,1305,252,12,2016-12-25,Standard Class,2016-12-29,547.136
2331,CA-2017-155187,194,157,26,2017-09-24,Second Class,2017-09-26,41.96
2332,CA-2017-155187,1306,157,26,2017-09-24,Second Class,2017-09-26,41.7
2333,CA-2018-169285,418,356,377,2018-03-21,Standard Class,2018-03-25,277.4
2334,CA-2018-169285,610,356,377,2018-03-21,Standard Class,2018-03-25,5.78
2335,CA-2015-140886,337,609,378,2015-09-30,Standard Class,2015-10-04,69.216
2336,CA-2018-152695,136,418,70,2018-12-10,Same Day,2018-12-10,10.86
2337,CA-2018-152695,1307,418,70,2018-12-10,Same Day,2018-12-10,426.79
2338,CA-2015-110639,1308,303,30,2015-08-23,Same Day,2015-08-23,25.92
2339,CA-2015-110639,497,303,30,2015-08-23,Same Day,2015-08-23,45.92
2340,CA-2015-121727,88,601,48,2015-08-19,Standard Class,2015-08-24,10.72
2341,CA-2017-137736,880,291,167,2017-11-10,Standard Class,2017-11-15,41.86
2342,US-2015-143231,1309,40,118,2015-12-31,First Class,2016-01-03,63.2
2343,US-2015-143231,1303,40,118,2015-12-31,First Class,2016-01-03,113.97
2344,US-2015-155894,233,489,37,2015-07-26,Second Class,2015-07-30,123.552
2345,CA-2017-119025,1310,392,202,2017-02-22,Standard Class,2017-02-28,490.32
2346,CA-2017-159373,162,300,66,2017-03-13,Standard Class,2017-03-18,70.08
2347,CA-2017-159373,1311,300,66,2017-03-13,Standard Class,2017-03-18,1.272
2348,CA-2017-159373,899,300,66,2017-03-13,Standard Class,2017-03-18,557.585
2349,CA-2018-109701,621,88,4,2018-12-02,Same Day,2018-12-03,9.024
2350,CA-2018-109701,1312,88,4,2018-12-02,Same Day,2018-12-03,69.456
2351,CA-2018-109701,363,88,4,2018-12-02,Same Day,2018-12-03,10.86
2352,CA-2018-109701,1277,88,4,2018-12-02,Same Day,2018-12-03,79.47
2353,CA-2018-109701,60,88,4,2018-12-02,Same Day,2018-12-03,10.08
2354,CA-2016-111514,38,610,35,2016-08-31,First Class,2016-09-02,1552.831
2355,CA-2016-111514,142,610,35,2016-08-31,First Class,2016-09-02,137.24
2356,CA-2016-111514,1313,610,35,2016-08-31,First Class,2016-09-02,36.51
2357,CA-2016-111514,1314,610,35,2016-08-31,First Class,2016-09-02,239.976
2358,US-2015-148838,216,292,24,2015-03-17,Standard Class,2015-03-21,1579.746
2359,US-2015-148838,1300,292,24,2015-03-17,Standard Class,2015-03-21,1071.576
2360,US-2015-148838,1169,292,24,2015-03-17,Standard Class,2015-03-21,613.908
2361,US-2015-148838,1315,292,24,2015-03-17,Standard Class,2015-03-21,34.86
2362,US-2015-148838,1316,292,24,2015-03-17,Standard Class,2015-03-21,155.04
2363,CA-2018-136497,1317,168,48,2018-04-16,Standard Class,2018-04-20,13.71
2364,US-2017-108637,442,145,181,2017-03-13,Standard Class,2017-03-18,127.88
2365,US-2017-108637,1318,145,181,2017-03-13,Standard Class,2017-03-18,160.32
2366,US-2017-108637,1024,145,181,2017-03-13,Standard Class,2017-03-18,46.0
2367,CA-2015-102295,1319,553,379,2015-11-24,Second Class,2015-11-26,120.712
2368,CA-2018-123659,1011,439,235,2018-02-10,First Class,2018-02-13,23.12
2369,US-2017-129469,1320,127,323,2017-09-23,Standard Class,2017-09-27,532.704
2370,US-2017-129469,1321,127,323,2017-09-23,Standard Class,2017-09-27,4.912
2371,CA-2018-155152,726,173,123,2018-07-07,Second Class,2018-07-09,252.0
2372,CA-2017-159940,1156,293,174,2017-07-07,Second Class,2017-07-11,60.288
2373,CA-2017-159940,1322,293,174,2017-07-07,Second Class,2017-07-11,2.632
2374,CA-2017-159940,1129,293,174,2017-07-07,Second Class,2017-07-11,23.688
2375,CA-2017-159940,324,293,174,2017-07-07,Second Class,2017-07-11,253.372
2376,CA-2018-119669,970,237,269,2018-01-24,Standard Class,2018-01-30,5.67
2377,US-2015-164616,1243,475,48,2015-08-19,Second Class,2015-08-21,76.776
2378,US-2015-164616,1323,475,48,2015-08-19,Second Class,2015-08-21,9.184
2379,CA-2016-148628,1255,455,380,2016-12-06,Standard Class,2016-12-11,32.75
2380,CA-2017-118052,486,535,204,2017-05-06,Standard Class,2017-05-10,7.216
2381,CA-2017-118052,1324,535,204,2017-05-06,Standard Class,2017-05-10,49.568
2382,CA-2017-118052,29,535,204,2017-05-06,Standard Class,2017-05-10,54.712
2383,US-2018-117534,1325,611,253,2018-03-25,First Class,2018-03-26,176.04
2384,US-2018-117534,1326,611,253,2018-03-25,First Class,2018-03-26,16.02
2385,US-2018-117534,921,611,253,2018-03-25,First Class,2018-03-26,185.92
2386,US-2018-117534,1327,611,253,2018-03-25,First Class,2018-03-26,211.168
2387,US-2018-117534,1328,611,253,2018-03-25,First Class,2018-03-26,479.984
2388,CA-2016-145065,1329,590,189,2016-12-12,First Class,2016-12-15,7.86
2389,CA-2016-145065,1330,590,189,2016-12-12,First Class,2016-12-15,24.448
2390,US-2016-127040,1331,612,30,2016-12-06,Standard Class,2016-12-10,6.48
2391,US-2016-127040,1332,612,30,2016-12-06,Standard Class,2016-12-10,41.86
2392,US-2016-127040,1333,612,30,2016-12-06,Standard Class,2016-12-10,1619.91
2393,US-2016-127040,1147,612,30,2016-12-06,Standard Class,2016-12-10,113.92
2394,CA-2017-128111,398,395,381,2017-03-17,Standard Class,2017-03-23,39.68
2395,CA-2016-137897,1203,602,46,2016-11-14,Standard Class,2016-11-19,37.6
2396,CA-2016-137897,539,602,46,2016-11-14,Standard Class,2016-11-19,59.9
2397,CA-2016-137897,957,602,46,2016-11-14,Standard Class,2016-11-19,37.0
2398,CA-2018-169264,746,414,10,2018-08-14,Second Class,2018-08-16,5.76
2399,CA-2018-169264,22,414,10,2018-08-14,Second Class,2018-08-16,16.68
2400,CA-2018-147361,436,116,329,2018-09-09,Standard Class,2018-09-15,628.81
2401,CA-2018-147361,1012,116,329,2018-09-09,Standard Class,2018-09-15,56.45
2402,CA-2018-145877,954,549,334,2018-04-01,Second Class,2018-04-04,94.2
2403,CA-2018-145877,153,549,334,2018-04-01,Second Class,2018-04-04,28.4
2404,US-2017-110170,1334,448,144,2017-09-27,Standard Class,2017-10-03,956.6648
2405,CA-2018-108574,696,208,63,2018-10-07,Standard Class,2018-10-11,1115.91
2406,CA-2018-108574,462,208,63,2018-10-07,Standard Class,2018-10-11,128.744
2407,CA-2018-108574,313,208,63,2018-10-07,Standard Class,2018-10-11,79.92
2408,CA-2018-144589,1160,613,35,2018-01-20,Standard Class,2018-01-25,24.2
2409,CA-2018-144589,1335,613,35,2018-01-20,Standard Class,2018-01-25,359.976
2410,CA-2018-155985,1093,337,35,2018-03-23,First Class,2018-03-25,211.84
2411,CA-2015-162684,1054,358,75,2015-08-01,Standard Class,2015-08-06,5.68
2412,CA-2016-142041,621,614,2,2016-06-07,Second Class,2016-06-09,7.52
2413,CA-2015-151295,359,351,63,2015-11-12,Standard Class,2015-11-16,11.96
2414,CA-2015-151295,737,351,63,2015-11-12,Standard Class,2015-11-16,629.064
2415,CA-2017-156300,1319,181,202,2017-12-29,Standard Class,2018-01-02,754.45
2416,CA-2016-146087,416,453,382,2016-07-06,Standard Class,2016-07-11,301.96
2417,CA-2018-168655,1201,615,383,2018-10-12,Standard Class,2018-10-18,595.0
2418,CA-2018-168655,1198,615,383,2018-10-12,Standard Class,2018-10-18,79.872
2419,CA-2017-107202,1336,19,384,2017-05-21,Standard Class,2017-05-28,2396.4
2420,CA-2018-159597,968,566,385,2018-11-09,Standard Class,2018-11-14,63.56
2421,CA-2018-159597,1337,566,385,2018-11-09,Standard Class,2018-11-14,99.99
2422,CA-2017-155551,83,616,386,2017-04-18,Standard Class,2017-04-23,230.376
2423,CA-2017-155551,671,616,386,2017-04-18,Standard Class,2017-04-23,9.664
2424,US-2018-147669,722,604,323,2018-12-25,Standard Class,2018-12-30,158.928
2425,US-2018-147669,1312,604,323,2018-12-25,Standard Class,2018-12-30,13.023
2426,US-2018-147669,1338,604,323,2018-12-25,Standard Class,2018-12-30,273.06
2427,US-2018-147669,1229,604,323,2018-12-25,Standard Class,2018-12-30,39.312
2428,CA-2017-169922,1339,90,175,2017-06-11,Standard Class,2017-06-17,1.344
2429,CA-2017-169922,1340,90,175,2017-06-11,Standard Class,2017-06-17,8.272
2430,CA-2017-169922,1074,90,175,2017-06-11,Standard Class,2017-06-17,12.544
2431,CA-2018-100748,3,177,95,2018-05-13,Standard Class,2018-05-20,58.48
2432,CA-2018-129805,346,448,6,2018-12-28,Standard Class,2019-01-02,7.4
2433,CA-2015-148586,1341,617,30,2015-03-25,Standard Class,2015-04-01,366.786
2434,US-2018-112613,1260,102,33,2018-05-28,Standard Class,2018-06-01,54.368
2435,CA-2016-154746,619,602,29,2016-11-14,First Class,2016-11-17,33.96
2436,CA-2016-154746,1342,602,29,2016-11-14,First Class,2016-11-17,826.11
2437,CA-2018-140053,72,245,215,2018-07-03,Standard Class,2018-07-10,545.85
2438,CA-2015-164210,1343,618,128,2015-11-18,Second Class,2015-11-20,145.98
2439,CA-2015-164210,863,618,128,2015-11-18,Second Class,2015-11-20,35.808
2440,CA-2018-139948,628,518,86,2018-07-17,Standard Class,2018-07-22,7.904
2441,CA-2017-146934,303,579,387,2017-05-22,Standard Class,2017-05-27,345.0
2442,CA-2017-146934,210,579,387,2017-05-22,Standard Class,2017-05-27,174.286
2443,CA-2017-146934,191,579,387,2017-05-22,Standard Class,2017-05-27,662.84
2444,CA-2017-146934,453,579,387,2017-05-22,Standard Class,2017-05-27,95.1
2445,CA-2017-146934,1344,579,387,2017-05-22,Standard Class,2017-05-27,26.88
2446,CA-2017-146934,958,579,387,2017-05-22,Standard Class,2017-05-27,257.98
2447,CA-2016-100573,756,563,26,2016-09-25,Standard Class,2016-10-01,17.48
2448,CA-2017-119165,1154,218,106,2017-10-31,Standard Class,2017-11-06,492.835
2449,CA-2016-128027,436,201,388,2016-09-14,Second Class,2016-09-17,269.49
2450,CA-2017-140207,1345,38,59,2017-11-05,Standard Class,2017-11-10,29.12
2451,CA-2018-140949,1346,592,165,2018-03-17,Second Class,2018-03-22,18.75
2452,CA-2018-140949,425,592,165,2018-03-17,Second Class,2018-03-22,119.7
2453,CA-2018-140949,537,592,165,2018-03-17,Second Class,2018-03-22,9.144
2454,CA-2018-140949,453,592,165,2018-03-17,Second Class,2018-03-22,57.06
2455,CA-2018-140949,1045,592,165,2018-03-17,Second Class,2018-03-22,71.6
2456,CA-2018-140949,1032,592,165,2018-03-17,Second Class,2018-03-22,107.44
2457,CA-2018-140949,677,592,165,2018-03-17,Second Class,2018-03-22,7.31
2458,CA-2018-140949,33,592,165,2018-03-17,Second Class,2018-03-22,59.1
2459,CA-2018-140949,171,592,165,2018-03-17,Second Class,2018-03-22,46.53
2460,CA-2018-138548,415,507,171,2018-08-15,Standard Class,2018-08-21,97.84
2461,CA-2016-142419,844,619,61,2016-07-11,Second Class,2016-07-13,29.97
2462,CA-2016-142419,801,619,61,2016-07-11,Second Class,2016-07-13,98.352
2463,CA-2018-148691,302,428,30,2018-12-03,Standard Class,2018-12-09,83.92
2464,CA-2018-148691,1317,428,30,2018-12-03,Standard Class,2018-12-09,14.624
2465,CA-2018-148691,820,428,30,2018-12-03,Standard Class,2018-12-09,136.99
2466,CA-2018-148691,396,428,30,2018-12-03,Standard Class,2018-12-09,3.15
2467,CA-2018-128755,1347,178,389,2018-05-04,Standard Class,2018-05-08,9.11
2468,CA-2018-128755,385,178,389,2018-05-04,Standard Class,2018-05-08,571.44
2469,CA-2018-128755,1348,178,389,2018-05-04,Standard Class,2018-05-08,32.4
2470,CA-2018-128755,1037,178,389,2018-05-04,Standard Class,2018-05-08,16.91
2471,US-2017-135923,1349,620,306,2017-01-22,Standard Class,2017-01-28,14.272
2472,US-2017-135923,1249,620,306,2017-01-22,Standard Class,2017-01-28,451.136
2473,US-2017-135923,1267,620,306,2017-01-22,Standard Class,2017-01-28,64.864
2474,CA-2017-114972,1350,419,4,2017-11-03,First Class,2017-11-06,217.584
2475,CA-2017-114972,1351,419,4,2017-11-03,First Class,2017-11-06,82.95
2476,CA-2017-114972,1352,419,4,2017-11-03,First Class,2017-11-06,87.71
2477,CA-2017-114972,1342,419,4,2017-11-03,First Class,2017-11-06,1101.48
2478,CA-2018-102750,595,621,2,2018-09-04,Second Class,2018-09-08,1322.352
2479,CA-2015-145212,7,420,165,2015-09-13,Standard Class,2015-09-19,5.46
2480,CA-2018-141992,1353,384,78,2018-06-19,Standard Class,2018-06-25,11.184
2481,CA-2018-141992,83,384,78,2018-06-19,Standard Class,2018-06-25,153.584
2482,CA-2018-147956,750,118,60,2018-12-24,Standard Class,2018-12-31,1003.62
2483,CA-2018-126067,1354,608,60,2018-08-28,Standard Class,2018-09-03,35.168
2484,CA-2018-126067,343,608,60,2018-08-28,Standard Class,2018-09-03,1137.75
2485,CA-2018-126067,445,608,60,2018-08-28,Standard Class,2018-09-03,99.68
2486,CA-2018-126067,450,608,60,2018-08-28,Standard Class,2018-09-03,5.56
2487,CA-2016-104514,1355,119,285,2016-01-02,Second Class,2016-01-04,85.52
2488,CA-2016-104514,1356,119,285,2016-01-02,Second Class,2016-01-04,9.84
2489,CA-2016-104514,1284,119,285,2016-01-02,Second Class,2016-01-04,20.04
2490,CA-2016-141040,1357,622,24,2016-10-09,Second Class,2016-10-13,631.96
2491,CA-2016-141040,1358,622,24,2016-10-09,Second Class,2016-10-13,23.92
2492,CA-2015-113579,1112,45,14,2015-12-13,Second Class,2015-12-15,90.24
2493,CA-2015-144624,1149,623,390,2015-11-19,Standard Class,2015-11-23,4548.81
2494,CA-2017-146206,839,410,15,2017-09-10,Second Class,2017-09-14,300.93
2495,CA-2017-146206,1150,410,15,2017-09-10,Second Class,2017-09-14,719.96
2496,CA-2015-136644,406,624,391,2015-06-16,Standard Class,2015-06-22,647.84
2497,CA-2016-122371,81,355,89,2016-09-26,Standard Class,2016-10-01,64.17
2498,CA-2016-122371,634,355,89,2016-09-26,Standard Class,2016-10-01,124.46
2499,CA-2017-126935,1225,388,10,2017-05-19,Standard Class,2017-05-24,9.584
2500,US-2018-133781,1359,420,328,2018-06-22,First Class,2018-06-23,37.608
2501,CA-2018-131618,828,625,301,2018-06-17,First Class,2018-06-20,12.224
2502,CA-2018-131618,615,625,301,2018-06-17,First Class,2018-06-20,2.304
2503,CA-2018-131618,674,625,301,2018-06-17,First Class,2018-06-20,9.36
2504,CA-2017-149482,1239,626,95,2017-11-14,Standard Class,2017-11-19,7.38
2505,CA-2015-143917,231,108,35,2015-07-25,Second Class,2015-07-27,53.72
2506,CA-2015-143917,1360,108,35,2015-07-25,Second Class,2015-07-27,8187.65
2507,CA-2015-143917,222,108,35,2015-07-25,Second Class,2015-07-27,77.92
2508,CA-2016-120397,1361,580,33,2016-07-02,Same Day,2016-07-02,32.784
2509,CA-2018-163902,1362,200,63,2018-03-02,Standard Class,2018-03-08,196.776
2510,CA-2018-163902,915,200,63,2018-03-02,Standard Class,2018-03-08,479.94
2511,CA-2017-136812,1363,586,336,2017-11-18,Standard Class,2017-11-23,1117.92
2512,CA-2016-102722,937,609,69,2016-04-18,First Class,2016-04-19,106.5
2513,CA-2018-155089,472,627,86,2018-12-02,Standard Class,2018-12-06,45.66
2514,CA-2017-124506,1049,180,37,2017-11-11,Standard Class,2017-11-17,95.968
2515,CA-2017-124506,878,180,37,2017-11-11,Standard Class,2017-11-17,47.992
2516,CA-2015-106572,547,414,392,2015-09-05,Standard Class,2015-09-10,264.32
2517,CA-2015-128888,971,288,15,2015-11-15,Standard Class,2015-11-22,604.656
2518,CA-2018-123134,785,62,74,2018-05-02,Standard Class,2018-05-07,129.93
2519,CA-2017-124352,1364,523,336,2017-10-15,Standard Class,2017-10-21,20.16
2520,CA-2017-124352,608,523,336,2017-10-15,Standard Class,2017-10-21,29.46
2521,CA-2017-124352,1365,523,336,2017-10-15,Standard Class,2017-10-21,868.59
2522,CA-2017-124352,90,523,336,2017-10-15,Standard Class,2017-10-21,12.96
2523,CA-2017-124352,896,523,336,2017-10-15,Standard Class,2017-10-21,5.5
2524,CA-2017-124352,1000,523,336,2017-10-15,Standard Class,2017-10-21,121.6
2525,CA-2016-124541,513,628,17,2016-04-06,Standard Class,2016-04-10,42.048
2526,CA-2016-124541,1366,628,17,2016-04-06,Standard Class,2016-04-10,25.488
2527,CA-2016-124541,1024,628,17,2016-04-06,Standard Class,2016-04-10,6.9
2528,CA-2016-124541,1233,628,17,2016-04-06,Standard Class,2016-04-10,9.648
2529,CA-2016-124541,1051,628,17,2016-04-06,Standard Class,2016-04-10,7.968
2530,CA-2015-108707,740,627,3,2015-10-24,Standard Class,2015-10-29,10.368
2531,CA-2015-111500,1139,138,366,2015-08-17,Standard Class,2015-08-21,114.2
2532,CA-2015-111500,1367,138,366,2015-08-17,Standard Class,2015-08-21,17.96
2533,CA-2015-111500,1089,138,366,2015-08-17,Standard Class,2015-08-21,12.67
2534,CA-2015-111500,107,138,366,2015-08-17,Standard Class,2015-08-21,339.96
2535,US-2018-117723,459,394,75,2018-08-15,Second Class,2018-08-18,1801.632
2536,CA-2016-143238,104,629,393,2016-09-06,First Class,2016-09-08,46.32
2537,CA-2016-168746,71,278,178,2016-01-27,Second Class,2016-01-29,181.986
2538,CA-2016-168746,1150,278,178,2016-01-27,Second Class,2016-01-29,431.976
2539,CA-2016-168746,1368,278,178,2016-01-27,Second Class,2016-01-29,155.37
2540,CA-2016-113404,300,614,35,2016-07-16,Same Day,2016-07-16,1348.704
2541,CA-2016-113404,285,614,35,2016-07-16,Same Day,2016-07-16,700.152
2542,CA-2017-144792,562,630,58,2017-04-30,Standard Class,2017-05-04,111.888
2543,CA-2015-164385,811,631,64,2015-09-26,Second Class,2015-10-01,143.952
2544,US-2017-114174,1369,400,381,2017-09-08,Standard Class,2017-09-14,173.94
2545,US-2017-114174,1239,400,381,2017-09-08,Standard Class,2017-09-14,14.76
2546,CA-2018-108070,233,33,59,2018-04-16,Standard Class,2018-04-20,205.92
2547,CA-2018-108070,431,33,59,2018-04-16,Standard Class,2018-04-20,102.833
2548,US-2016-128090,827,623,52,2016-08-16,Standard Class,2016-08-22,2.304
2549,US-2016-128090,1148,623,52,2016-08-16,Standard Class,2016-08-22,1879.96
2550,US-2016-128090,1185,623,52,2016-08-16,Standard Class,2016-08-22,313.024
2551,US-2016-128090,817,623,52,2016-08-16,Standard Class,2016-08-22,5.04
2552,CA-2018-101042,1370,456,1,2018-11-19,Standard Class,2018-11-23,821.88
2553,CA-2018-101042,1046,456,1,2018-11-19,Standard Class,2018-11-23,21.96
2554,CA-2017-155439,816,44,38,2017-09-14,Standard Class,2017-09-18,25.92
2555,CA-2017-118626,1371,548,394,2017-08-15,Standard Class,2017-08-20,705.544
2556,CA-2016-111458,1372,59,46,2016-09-26,Standard Class,2016-09-30,50.0
2557,US-2017-126844,1373,309,33,2017-10-08,Standard Class,2017-10-14,51.712
2558,US-2016-112508,1299,131,249,2016-03-24,Standard Class,2016-03-30,6.992
2559,CA-2016-147788,1374,613,13,2016-05-31,Standard Class,2016-06-04,1406.86
2560,CA-2016-147788,366,613,13,2016-05-31,Standard Class,2016-06-04,15.75
2561,CA-2016-147788,766,613,13,2016-05-31,Standard Class,2016-06-04,323.1
2562,CA-2016-144288,1187,94,395,2016-12-25,Standard Class,2016-12-31,9.216
2563,CA-2016-144288,1291,94,395,2016-12-25,Standard Class,2016-12-31,10.368
2564,CA-2016-110632,1375,404,30,2016-03-17,Second Class,2016-03-22,15.02
2565,CA-2016-110632,1037,404,30,2016-03-17,Second Class,2016-03-22,33.82
2566,CA-2018-109589,937,632,317,2018-12-21,First Class,2018-12-24,71.0
2567,CA-2018-123967,1376,228,396,2018-11-01,Second Class,2018-11-03,25.12
2568,CA-2018-123967,1235,228,396,2018-11-01,Second Class,2018-11-03,2665.62
2569,CA-2018-148929,43,408,165,2018-09-07,Standard Class,2018-09-11,478.08
2570,CA-2018-134404,820,113,56,2018-12-27,Same Day,2018-12-27,164.388
2571,CA-2018-134404,155,113,56,2018-12-27,Same Day,2018-12-27,13.248
2572,CA-2018-109778,854,92,397,2018-07-16,Standard Class,2018-07-21,2.912
2573,CA-2017-155845,1288,633,296,2017-08-12,Second Class,2017-08-15,1399.944
2574,CA-2018-145128,794,599,377,2018-07-09,Standard Class,2018-07-14,526.45
2575,CA-2015-129091,898,20,113,2015-11-22,Standard Class,2015-11-27,16.23
2576,CA-2015-129091,670,20,113,2015-11-22,Standard Class,2015-11-27,319.9
2577,CA-2015-129091,153,20,113,2015-11-22,Standard Class,2015-11-27,11.36
2578,CA-2015-129091,1377,20,113,2015-11-22,Standard Class,2015-11-27,675.12
2579,US-2015-155502,1378,175,213,2015-01-26,Standard Class,2015-01-31,62.82
2580,US-2015-155502,855,175,213,2015-01-26,Standard Class,2015-01-31,489.92
2581,US-2015-155502,935,175,213,2015-01-26,Standard Class,2015-01-31,19.44
2582,US-2015-155502,1306,175,213,2015-01-26,Standard Class,2015-01-31,16.68
2583,US-2015-155502,1379,175,213,2015-01-26,Standard Class,2015-01-31,155.35
2584,US-2015-155502,1380,175,213,2015-01-26,Standard Class,2015-01-31,12.42
2585,US-2015-155502,540,175,213,2015-01-26,Standard Class,2015-01-31,187.98
2586,CA-2016-121041,319,295,398,2016-11-03,Standard Class,2016-11-10,6.608
2587,CA-2018-131695,842,268,24,2018-06-30,Standard Class,2018-07-06,248.57
2588,CA-2018-131695,1381,268,24,2018-06-30,Standard Class,2018-07-06,22.23
2589,CA-2017-137729,1199,594,26,2017-05-05,Standard Class,2017-05-09,5.98
2590,CA-2017-137729,240,594,26,2017-05-05,Standard Class,2017-05-09,246.168
2591,US-2017-115455,1382,340,399,2017-09-08,Standard Class,2017-09-14,14.136
2592,US-2017-115455,1383,340,399,2017-09-08,Standard Class,2017-09-14,601.47
2593,CA-2018-128300,1256,277,400,2018-11-24,Second Class,2018-11-26,79.1
2594,CA-2018-128300,801,277,400,2018-11-24,Second Class,2018-11-26,327.84
2595,CA-2018-149048,232,313,135,2018-05-13,Standard Class,2018-05-17,180.96
2596,CA-2018-149048,570,313,135,2018-05-13,Standard Class,2018-05-17,914.97
2597,CA-2018-149048,967,313,135,2018-05-13,Standard Class,2018-05-17,587.97
2598,CA-2018-149048,1245,313,135,2018-05-13,Standard Class,2018-05-17,530.34
2599,CA-2018-149048,1384,313,135,2018-05-13,Standard Class,2018-05-17,14.94
2600,CA-2018-108553,1307,86,24,2018-04-23,Standard Class,2018-04-29,121.94
2601,CA-2018-108553,355,86,24,2018-04-23,Standard Class,2018-04-29,122.71
2602,CA-2017-165848,812,634,46,2017-06-04,Same Day,2017-06-04,14.94
2603,CA-2017-165848,1385,634,46,2017-06-04,Same Day,2017-06-04,1349.85
2604,CA-2017-165848,1058,634,46,2017-06-04,Same Day,2017-06-04,136.784
2605,CA-2017-165848,678,634,46,2017-06-04,Same Day,2017-06-04,61.12
2606,CA-2015-112718,1066,635,134,2015-12-16,Standard Class,2015-12-21,1.167
2607,CA-2017-154053,1386,451,143,2017-03-04,Standard Class,2017-03-10,16.99
2608,CA-2015-127446,1387,566,175,2015-11-25,Standard Class,2015-11-30,24.672
2609,CA-2015-127446,396,566,175,2015-11-25,Standard Class,2015-11-30,2.52
2610,CA-2015-127446,4,566,175,2015-11-25,Standard Class,2015-11-30,1218.735
2611,CA-2015-127446,1239,566,175,2015-11-25,Standard Class,2015-11-30,5.904
2612,CA-2015-127446,784,566,175,2015-11-25,Standard Class,2015-11-30,15.696
2613,CA-2015-127446,535,566,175,2015-11-25,Standard Class,2015-11-30,6.096
2614,CA-2017-137204,793,636,63,2017-04-28,Standard Class,2017-05-05,41.568
2615,CA-2015-147298,371,637,14,2015-04-26,Standard Class,2015-05-03,230.28
2616,CA-2015-147298,32,637,14,2015-04-26,Standard Class,2015-05-03,18.288
2617,CA-2018-147942,1388,334,95,2018-04-01,Standard Class,2018-04-05,5.78
2618,CA-2018-147942,674,334,95,2018-04-01,Standard Class,2018-04-05,121.68
2619,CA-2018-115931,382,488,65,2018-12-22,Standard Class,2018-12-26,4.17
2620,CA-2018-115931,1021,488,65,2018-12-22,Standard Class,2018-12-26,67.04
2621,CA-2018-115931,254,488,65,2018-12-22,Standard Class,2018-12-26,37.32
2622,CA-2018-115931,933,488,65,2018-12-22,Standard Class,2018-12-26,18.45
2623,CA-2015-164861,1194,638,358,2015-12-03,Second Class,2015-12-06,25.92
2624,CA-2018-127180,1389,639,24,2018-10-22,First Class,2018-10-24,11199.968
2625,CA-2018-127180,717,639,24,2018-10-22,First Class,2018-10-24,2399.6
2626,CA-2018-127180,119,639,24,2018-10-22,First Class,2018-10-24,63.9
2627,CA-2018-127180,510,639,24,2018-10-22,First Class,2018-10-24,52.99
2628,US-2018-165344,453,116,158,2018-11-13,First Class,2018-11-15,60.864
2629,US-2018-165344,1390,116,158,2018-11-13,First Class,2018-11-15,652.995
2630,US-2018-165344,1391,116,158,2018-11-13,First Class,2018-11-15,11.22
2631,CA-2016-168186,1232,493,312,2016-09-10,Standard Class,2016-09-15,14.94
2632,US-2018-110604,892,640,6,2018-05-15,Standard Class,2018-05-20,39.96
2633,US-2018-110604,1392,640,6,2018-05-15,Standard Class,2018-05-20,42.624
2634,US-2018-110604,158,640,6,2018-05-15,Standard Class,2018-05-20,220.96
2635,CA-2016-116750,1393,542,306,2016-07-05,Second Class,2016-07-10,4.928
2636,CA-2016-116750,545,542,306,2016-07-05,Second Class,2016-07-10,7.23
2637,CA-2016-162369,766,641,63,2016-08-15,Standard Class,2016-08-19,323.1
2638,CA-2018-108441,1394,642,46,2018-06-12,Standard Class,2018-06-18,19.04
2639,CA-2018-108441,521,642,46,2018-06-12,Standard Class,2018-06-18,13.128
2640,CA-2018-108441,1395,642,46,2018-06-12,Standard Class,2018-06-18,64.14
2641,CA-2018-108441,468,642,46,2018-06-12,Standard Class,2018-06-18,858.24
2642,CA-2016-169740,702,216,401,2016-02-20,Standard Class,2016-02-25,29.99
2643,CA-2017-124051,969,568,174,2017-12-29,First Class,2017-12-30,186.048
2644,CA-2017-149111,522,409,314,2017-04-17,Second Class,2017-04-21,36.792
2645,CA-2017-149111,397,409,314,2017-04-17,Second Class,2017-04-21,18.624
2646,CA-2015-131002,1007,484,312,2015-09-07,Second Class,2015-09-12,57.69
2647,CA-2015-131002,1396,484,312,2015-09-07,Second Class,2015-09-12,42.81
2648,CA-2015-131002,1397,484,312,2015-09-07,Second Class,2015-09-12,12.96
2649,CA-2015-131002,1370,484,312,2015-09-07,Second Class,2015-09-12,821.88
2650,CA-2015-131002,140,484,312,2015-09-07,Second Class,2015-09-12,104.85
2651,US-2017-146794,900,65,108,2017-09-26,Standard Class,2017-10-01,424.9575
2652,CA-2018-112515,1367,128,267,2018-09-17,Second Class,2018-09-21,10.776
2653,CA-2018-112515,697,128,267,2018-09-17,Second Class,2018-09-21,11.784
2654,CA-2018-112515,1398,128,267,2018-09-17,Second Class,2018-09-21,164.88
2655,CA-2018-112515,1399,128,267,2018-09-17,Second Class,2018-09-21,1292.94
2656,CA-2018-112515,1400,128,267,2018-09-17,Second Class,2018-09-21,25.584
2657,CA-2018-112515,534,128,267,2018-09-17,Second Class,2018-09-21,261.74
2658,CA-2018-112515,783,128,267,2018-09-17,Second Class,2018-09-21,14.4
2659,CA-2017-150343,136,8,95,2017-08-16,Standard Class,2017-08-20,10.86
2660,CA-2016-135538,158,404,28,2016-12-24,Standard Class,2016-12-28,883.84
2661,CA-2018-123372,1401,376,46,2018-11-28,Standard Class,2018-12-02,1979.89
2662,CA-2018-123372,890,376,46,2018-11-28,Standard Class,2018-12-02,79.96
2663,CA-2018-159604,237,643,334,2018-04-14,First Class,2018-04-15,8.76
2664,CA-2017-164784,640,521,32,2017-05-01,First Class,2017-05-04,3.984
2665,CA-2017-164784,122,521,32,2017-05-01,First Class,2017-05-04,370.62
2666,CA-2017-164784,1204,521,32,2017-05-01,First Class,2017-05-04,2.742
2667,CA-2017-111794,218,644,140,2017-10-01,Same Day,2017-10-01,79.512
2668,CA-2017-111794,259,644,140,2017-10-01,Same Day,2017-10-01,28.352
2669,US-2016-139759,24,645,63,2016-08-25,Standard Class,2016-08-30,40.784
2670,US-2016-139759,1277,645,63,2016-08-25,Standard Class,2016-08-30,105.96
2671,CA-2015-126403,163,646,112,2015-09-09,Second Class,2015-09-12,166.44
2672,CA-2015-126403,1402,646,112,2015-09-09,Second Class,2015-09-12,785.88
2673,CA-2015-126403,1403,646,112,2015-09-09,Second Class,2015-09-12,26.2
2674,CA-2015-126403,1245,646,112,2015-09-09,Second Class,2015-09-12,1325.85
2675,CA-2018-136875,448,647,143,2018-12-03,Same Day,2018-12-03,166.44
2676,CA-2018-132185,910,141,197,2018-11-27,Standard Class,2018-12-02,8.76
2677,CA-2018-132185,1310,141,197,2018-11-27,Standard Class,2018-12-02,43.584
2678,US-2015-160780,1086,648,260,2015-06-21,Same Day,2015-06-21,11.088
2679,US-2015-160780,736,648,260,2015-06-21,Same Day,2015-06-21,25.164
2680,CA-2018-127026,615,415,31,2018-01-21,Standard Class,2018-01-27,14.4
2681,CA-2018-127026,696,415,31,2018-01-21,Standard Class,2018-01-27,619.95
2682,CA-2018-127026,1404,415,31,2018-01-21,Standard Class,2018-01-27,89.52
2683,CA-2018-127026,1405,415,31,2018-01-21,Standard Class,2018-01-27,350.973
2684,CA-2018-127026,1406,415,31,2018-01-21,Standard Class,2018-01-27,164.99
2685,CA-2018-137085,1312,565,26,2018-06-29,Standard Class,2018-07-06,312.552
2686,CA-2017-133123,890,42,278,2017-09-06,Standard Class,2017-09-11,95.952
2687,CA-2017-133123,881,42,278,2017-09-06,Standard Class,2017-09-11,3.204
2688,US-2017-128195,1407,268,121,2017-08-04,First Class,2017-08-05,3.98
2689,CA-2016-153220,1408,290,4,2016-11-12,First Class,2016-11-14,15.7
2690,CA-2015-123064,1200,155,156,2015-06-30,First Class,2015-07-02,5.248
2691,CA-2018-156412,991,381,64,2018-12-04,Standard Class,2018-12-08,5.346
2692,US-2017-144211,1409,80,402,2017-08-28,Standard Class,2017-09-02,15.48
2693,US-2017-144211,1410,80,402,2017-08-28,Standard Class,2017-09-02,108.576
2694,CA-2017-138079,505,296,61,2017-01-22,Standard Class,2017-01-28,109.9
2695,CA-2015-143182,1007,298,187,2015-10-15,Standard Class,2015-10-20,15.384
2696,CA-2017-161662,424,649,403,2017-02-07,First Class,2017-02-09,30.352
2697,CA-2015-145317,1411,599,134,2015-03-18,Standard Class,2015-03-23,821.3
2698,CA-2015-145317,1412,599,134,2015-03-18,Standard Class,2015-03-23,22638.48
2699,CA-2015-145317,129,599,134,2015-03-18,Standard Class,2015-03-23,21.376
2700,CA-2015-145317,1413,599,134,2015-03-18,Standard Class,2015-03-23,8.016
2701,CA-2015-145317,1007,599,134,2015-03-18,Standard Class,2015-03-23,30.768
2702,CA-2015-145317,551,599,134,2015-03-18,Standard Class,2015-03-23,18.936
2703,CA-2015-145317,1155,599,134,2015-03-18,Standard Class,2015-03-23,122.352
2704,CA-2015-143413,1414,262,308,2015-05-24,Standard Class,2015-05-30,116.28
2705,CA-2018-156818,177,558,30,2018-07-11,Second Class,2018-07-13,132.6
2706,CA-2018-155873,1060,438,65,2018-06-16,Standard Class,2018-06-21,16.68
2707,CA-2018-155873,1415,438,65,2018-06-16,Standard Class,2018-06-21,19.44
2708,CA-2018-155873,1416,438,65,2018-06-16,Standard Class,2018-06-21,192.16
2709,CA-2016-121797,1417,231,14,2016-01-30,Standard Class,2016-02-06,227.36
2710,CA-2016-121797,1151,231,14,2016-01-30,Standard Class,2016-02-06,1919.976
2711,US-2016-120572,411,486,134,2016-12-11,Standard Class,2016-12-15,12.828
2712,CA-2018-132430,614,435,346,2018-10-09,First Class,2018-10-11,45.888
2713,CA-2018-146031,159,307,25,2018-07-29,Second Class,2018-08-01,60.12
2714,CA-2015-110100,723,63,125,2015-04-25,Standard Class,2015-04-29,302.376
2715,CA-2016-103723,1062,458,60,2016-12-01,Standard Class,2016-12-06,13.9
2716,CA-2015-127187,1418,435,24,2015-12-04,Standard Class,2015-12-08,129.98
2717,CA-2018-128475,358,650,113,2018-08-26,Standard Class,2018-09-01,71.98
2718,CA-2015-100006,1419,590,24,2015-09-07,Standard Class,2015-09-13,377.97
2719,CA-2018-144827,822,340,147,2018-12-21,Standard Class,2018-12-27,124.36
2720,CA-2015-110030,562,167,15,2015-12-06,Second Class,2015-12-08,23.976
2721,CA-2015-121286,204,22,183,2015-11-04,Second Class,2015-11-08,8.376
2722,CA-2015-121286,938,22,183,2015-11-04,Second Class,2015-11-08,58.24
2723,CA-2017-164735,721,484,213,2017-04-14,Second Class,2017-04-19,81.2
2724,CA-2015-153479,265,651,168,2015-10-04,Standard Class,2015-10-08,14.45
2725,CA-2015-153479,980,651,168,2015-10-04,Standard Class,2015-10-08,95.648
2726,CA-2018-149888,1212,213,75,2018-11-07,Standard Class,2018-11-13,359.97
2727,CA-2018-149888,1343,213,75,2018-11-07,Standard Class,2018-11-13,350.352
2728,CA-2018-119193,521,86,214,2018-12-22,First Class,2018-12-24,1.641
2729,CA-2018-119193,1335,86,214,2018-12-22,First Class,2018-12-24,629.958
2730,CA-2018-104801,148,652,60,2018-02-13,Standard Class,2018-02-19,6.63
2731,CA-2018-104801,652,652,60,2018-02-13,Standard Class,2018-02-19,799.96
2732,CA-2018-104801,217,652,60,2018-02-13,Standard Class,2018-02-19,107.53
2733,CA-2015-107594,688,14,171,2015-07-02,Standard Class,2015-07-06,73.98
2734,CA-2015-107594,797,14,171,2015-07-02,Standard Class,2015-07-06,5.58
2735,CA-2016-129770,34,556,404,2016-02-21,Second Class,2016-02-23,49.12
2736,CA-2016-115798,1420,108,285,2016-11-13,Standard Class,2016-11-19,377.97
2737,CA-2016-115798,671,108,285,2016-11-13,Standard Class,2016-11-19,42.28
2738,CA-2016-115798,900,108,285,2016-11-13,Standard Class,2016-11-19,299.97
2739,CA-2016-115798,818,108,285,2016-11-13,Standard Class,2016-11-19,89.98
2740,CA-2018-122707,1421,495,405,2018-04-16,First Class,2018-04-18,477.24
2741,CA-2018-122707,1422,495,405,2018-04-16,First Class,2018-04-18,25.98
2742,CA-2017-165015,1041,233,56,2017-02-25,Second Class,2017-02-27,46.72
2743,CA-2015-149244,1382,653,89,2015-11-04,Standard Class,2015-11-08,35.34
2744,CA-2016-140144,593,35,35,2016-06-20,Second Class,2016-06-25,257.64
2745,CA-2016-140144,67,35,35,2016-06-20,Second Class,2016-06-25,125.976
2746,CA-2018-163321,410,249,223,2018-08-07,Second Class,2018-08-11,79.992
2747,CA-2015-155887,602,410,118,2015-05-12,Standard Class,2015-05-17,700.056
2748,US-2016-165449,1423,400,406,2016-11-22,Standard Class,2016-11-26,27.168
2749,CA-2016-110247,1317,654,394,2016-12-04,Standard Class,2016-12-08,8.226
2750,US-2015-141257,1424,230,61,2015-06-08,Standard Class,2015-06-14,585.552
2751,CA-2015-154669,1425,613,407,2015-08-08,Second Class,2015-08-11,423.28
2752,CA-2015-158029,1154,521,142,2015-05-26,Standard Class,2015-05-30,225.296
2753,CA-2016-155306,1062,655,35,2016-04-17,Standard Class,2016-04-21,5.56
2754,CA-2016-155306,620,655,35,2016-04-17,Standard Class,2016-04-21,323.37
2755,CA-2016-155306,967,655,35,2016-04-17,Standard Class,2016-04-21,783.96
2756,CA-2016-155306,1365,655,35,2016-04-17,Standard Class,2016-04-21,1447.65
2757,CA-2016-155306,1332,655,35,2016-04-17,Standard Class,2016-04-21,11.96
2758,CA-2017-127775,658,302,46,2017-06-11,Second Class,2017-06-13,239.97
2759,CA-2017-146171,1007,656,113,2017-03-11,Standard Class,2017-03-15,76.92
2760,CA-2017-146171,773,656,113,2017-03-11,Standard Class,2017-03-15,481.32
2761,CA-2015-129574,365,657,408,2015-05-26,First Class,2015-05-29,48.4
2762,CA-2018-126536,1426,72,95,2018-10-12,First Class,2018-10-14,0.99
2763,CA-2018-126536,987,72,95,2018-10-12,First Class,2018-10-14,101.84
2764,CA-2018-165757,1427,485,12,2018-06-22,Standard Class,2018-06-28,10.332
2765,CA-2018-165757,351,485,12,2018-06-22,Standard Class,2018-06-28,31.155
2766,CA-2018-165757,1428,485,12,2018-06-22,Standard Class,2018-06-28,8.928
2767,CA-2018-167752,1429,356,64,2018-01-15,First Class,2018-01-18,34.384
2768,CA-2018-167752,228,356,64,2018-01-15,First Class,2018-01-18,1924.16
2769,US-2016-122140,1430,658,78,2016-04-02,Standard Class,2016-04-07,32.192
2770,US-2016-122140,1045,658,78,2016-04-02,Standard Class,2016-04-07,50.12
2771,US-2016-122140,1236,658,78,2016-04-02,Standard Class,2016-04-07,47.976
2772,CA-2017-163986,377,371,409,2017-09-03,Standard Class,2017-09-10,54.5
2773,CA-2018-158967,741,538,3,2018-12-10,First Class,2018-12-12,19.104
2774,CA-2017-131576,92,362,186,2017-11-22,Standard Class,2017-11-26,49.44
2775,CA-2018-143455,499,530,158,2018-11-11,Standard Class,2018-11-18,10.368
2776,CA-2017-144729,233,33,89,2017-10-21,Standard Class,2017-10-25,154.44
2777,CA-2016-127019,931,46,98,2016-12-21,Standard Class,2016-12-25,60.984
2778,CA-2016-138534,1122,342,410,2016-07-17,Second Class,2016-07-19,195.466
2779,CA-2018-108322,346,165,411,2018-04-30,Standard Class,2018-05-05,23.68
2780,CA-2018-108322,1431,165,411,2018-04-30,Standard Class,2018-05-05,2.376
2781,CA-2018-167668,199,647,46,2018-05-06,First Class,2018-05-08,59.2
2782,CA-2018-146724,209,644,88,2018-11-20,Standard Class,2018-11-27,22.0
2783,CA-2017-139878,958,437,152,2017-11-11,Standard Class,2017-11-16,257.98
2784,US-2017-106677,1432,156,64,2017-11-05,Standard Class,2017-11-10,23.988
2785,CA-2017-116974,1137,173,412,2017-10-09,Standard Class,2017-10-15,23.976
2786,CA-2016-149972,500,523,2,2016-09-21,First Class,2016-09-23,601.536
2787,CA-2016-149972,1433,523,2,2016-09-21,First Class,2016-09-23,7.9
2788,US-2015-117744,288,551,413,2015-12-02,Standard Class,2015-12-06,58.36
2789,US-2015-117744,135,551,413,2015-12-02,Standard Class,2015-12-06,16.464
2790,US-2015-117744,562,551,413,2015-12-02,Standard Class,2015-12-06,39.96
2791,CA-2015-125514,96,313,199,2015-09-21,First Class,2015-09-22,25.96
2792,CA-2015-125514,1205,313,199,2015-09-21,First Class,2015-09-22,36.27
2793,CA-2015-125514,816,313,199,2015-09-21,First Class,2015-09-22,6.48
2794,CA-2015-154599,665,635,414,2015-04-12,Standard Class,2015-04-17,1075.088
2795,CA-2015-154599,820,635,414,2015-04-12,Standard Class,2015-04-17,438.368
2796,CA-2015-154599,508,635,414,2015-04-12,Standard Class,2015-04-17,18.088
2797,CA-2015-154599,431,635,414,2015-04-12,Standard Class,2015-04-17,308.499
2798,CA-2018-158743,1217,491,366,2018-10-20,Standard Class,2018-10-27,13.36
2799,CA-2018-158743,682,491,366,2018-10-20,Standard Class,2018-10-27,39.96
2800,CA-2018-158743,706,491,366,2018-10-20,Standard Class,2018-10-27,145.85
2801,CA-2017-153318,470,330,124,2017-10-25,First Class,2017-10-28,783.96
2802,US-2016-110163,33,316,161,2016-11-01,First Class,2016-11-04,7.88
2803,CA-2018-143329,94,659,404,2018-11-03,Standard Class,2018-11-08,41.37
2804,CA-2016-159380,1118,474,35,2016-05-12,Standard Class,2016-05-16,12.84
2805,CA-2016-159380,1434,474,35,2016-05-12,Standard Class,2016-05-16,25.68
2806,CA-2016-122623,1273,231,294,2016-09-07,Standard Class,2016-09-11,47.516
2807,CA-2016-148635,1218,660,61,2016-07-25,Second Class,2016-07-27,9.42
2808,CA-2016-148635,1435,660,61,2016-07-25,Second Class,2016-07-27,12.96
2809,CA-2016-148635,1249,660,61,2016-07-25,Second Class,2016-07-27,704.9
2810,CA-2016-148635,1132,660,61,2016-07-25,Second Class,2016-07-27,561.568
2811,CA-2016-135685,369,487,202,2016-11-16,Second Class,2016-11-18,179.82
2812,CA-2016-135685,1436,487,202,2016-11-16,Second Class,2016-11-18,185.58
2813,CA-2016-135685,720,487,202,2016-11-16,Second Class,2016-11-18,214.11
2814,CA-2016-135685,1288,487,202,2016-11-16,Second Class,2016-11-18,999.96
2815,CA-2016-135685,563,487,202,2016-11-16,Second Class,2016-11-18,653.55
2816,CA-2016-104626,711,661,118,2016-09-01,Standard Class,2016-09-08,114.6
2817,CA-2016-104626,164,661,118,2016-09-01,Standard Class,2016-09-08,60.74
2818,CA-2016-104626,1293,661,118,2016-09-01,Standard Class,2016-09-08,124.36
2819,CA-2016-104626,246,661,118,2016-09-01,Standard Class,2016-09-08,1088.76
2820,CA-2017-160500,1339,662,143,2017-05-05,First Class,2017-05-08,6.72
2821,CA-2017-160500,210,662,143,2017-05-05,First Class,2017-05-08,298.776
2822,CA-2017-100202,203,380,159,2017-12-31,Standard Class,2018-01-05,302.376
2823,CA-2018-131016,312,420,175,2018-09-18,First Class,2018-09-20,8.928
2824,CA-2018-131016,1070,420,175,2018-09-18,First Class,2018-09-20,47.584
2825,US-2015-112914,1437,193,17,2015-09-25,Standard Class,2015-09-30,33.792
2826,US-2015-112914,588,193,17,2015-09-25,Standard Class,2015-09-30,300.5328
2827,US-2015-112914,1283,193,17,2015-09-25,Standard Class,2015-09-30,2.724
2828,US-2015-112914,30,193,17,2015-09-25,Standard Class,2015-09-30,3.264
2829,CA-2017-124149,1438,78,403,2017-04-23,First Class,2017-04-26,108.336
2830,CA-2017-124149,5,78,403,2017-04-23,First Class,2017-04-26,55.92
2831,CA-2017-124149,1439,78,403,2017-04-23,First Class,2017-04-26,78.304
2832,CA-2015-148915,1440,445,41,2015-11-01,Standard Class,2015-11-05,443.92
2833,CA-2015-148915,1418,445,41,2015-11-01,Standard Class,2015-11-05,155.976
2834,CA-2018-134649,148,663,405,2018-01-26,Second Class,2018-01-31,15.47
2835,CA-2018-134649,176,663,405,2018-01-26,Second Class,2018-01-31,7.16
2836,CA-2018-110842,931,316,2,2018-11-11,Standard Class,2018-11-16,10.89
2837,CA-2018-110842,1441,316,2,2018-11-11,Standard Class,2018-11-16,19.44
2838,CA-2018-110842,1000,316,2,2018-11-11,Standard Class,2018-11-16,121.6
2839,CA-2017-147368,947,647,394,2017-06-09,First Class,2017-06-12,695.7
2840,US-2016-104185,773,81,30,2016-09-03,Second Class,2016-09-08,120.33
2841,US-2015-125521,464,279,337,2015-03-14,Standard Class,2015-03-19,1139.92
2842,US-2018-135062,840,211,306,2018-08-31,Second Class,2018-09-04,229.544
2843,CA-2018-135650,436,664,144,2018-03-23,Standard Class,2018-03-27,143.728
2844,CA-2018-112865,1375,4,12,2018-05-18,Standard Class,2018-05-22,36.048
2845,US-2017-162852,532,411,397,2017-12-27,Standard Class,2017-12-31,845.488
2846,CA-2018-138163,208,191,289,2018-11-17,First Class,2018-11-20,50.94
2847,CA-2018-152093,451,382,156,2018-09-10,Standard Class,2018-09-15,762.594
2848,CA-2018-157854,1442,665,236,2018-04-08,Standard Class,2018-04-15,56.28
2849,CA-2018-157854,1177,665,236,2018-04-08,Standard Class,2018-04-15,2690.97
2850,CA-2017-123617,864,322,184,2017-11-28,Standard Class,2017-12-03,7.434
2851,US-2017-128293,460,347,75,2017-06-02,First Class,2017-06-05,64.784
2852,CA-2018-107342,729,666,135,2018-12-17,Standard Class,2018-12-22,28.16
2853,CA-2017-136371,1443,604,188,2017-03-19,Second Class,2017-03-21,14.98
2854,CA-2017-136371,535,604,188,2017-03-19,Second Class,2017-03-21,20.32
2855,CA-2018-137344,1032,614,118,2018-08-20,Same Day,2018-08-20,40.29
2856,CA-2018-169810,1388,182,375,2018-07-25,Standard Class,2018-07-31,20.23
2857,CA-2017-128594,446,138,89,2017-08-26,First Class,2017-08-29,1603.136
2858,CA-2017-154690,1154,667,306,2017-08-15,Second Class,2017-08-17,225.296
2859,CA-2018-138975,659,619,149,2018-05-19,Standard Class,2018-05-23,67.8
2860,CA-2018-138975,1444,619,149,2018-05-19,Standard Class,2018-05-23,377.97
2861,CA-2018-138975,200,619,149,2018-05-19,Standard Class,2018-05-23,1628.82
2862,CA-2018-138975,840,619,149,2018-05-19,Standard Class,2018-05-23,286.93
2863,CA-2018-106537,1397,303,415,2018-08-12,Standard Class,2018-08-17,20.736
2864,US-2018-103828,471,272,35,2018-08-13,Same Day,2018-08-13,31.44
2865,US-2018-103828,361,272,35,2018-08-13,Same Day,2018-08-13,83.79
2866,US-2018-103828,398,272,35,2018-08-13,Same Day,2018-08-13,59.52
2867,US-2018-103828,1445,272,35,2018-08-13,Same Day,2018-08-13,31.92
2868,CA-2017-115588,328,315,214,2017-11-10,Second Class,2017-11-12,14.72
2869,CA-2017-115588,721,315,214,2017-11-10,Second Class,2017-11-12,38.976
2870,CA-2018-143861,1446,63,105,2018-06-12,Standard Class,2018-06-19,17.088
2871,CA-2015-148040,1324,668,116,2015-03-22,Standard Class,2015-03-26,74.352
2872,CA-2015-148040,542,668,116,2015-03-22,Standard Class,2015-03-26,314.352
2873,CA-2018-135167,320,562,2,2018-06-15,Standard Class,2018-06-20,4.26
2874,CA-2018-137022,538,350,189,2018-11-16,Standard Class,2018-11-22,811.28
2875,US-2018-102638,132,267,46,2018-12-29,First Class,2018-12-31,6.03
2876,US-2017-167339,993,144,89,2017-01-21,Second Class,2017-01-23,153.568
2877,US-2017-167339,324,144,89,2017-01-21,Second Class,2017-01-23,1013.488
2878,CA-2017-152072,1250,657,74,2017-01-15,Standard Class,2017-01-19,52.34
2879,CA-2017-152072,373,657,74,2017-01-15,Standard Class,2017-01-19,4.66
2880,CA-2017-152072,107,657,74,2017-01-15,Standard Class,2017-01-19,254.97
2881,CA-2017-102932,16,175,416,2017-09-19,Second Class,2017-09-23,25.44
2882,CA-2017-102932,661,175,416,2017-09-19,Second Class,2017-09-23,27.93
2883,CA-2015-165540,609,613,397,2015-02-21,Standard Class,2015-02-25,8.85
2884,CA-2017-130799,853,319,95,2017-11-11,Second Class,2017-11-16,6.96
2885,CA-2017-164483,635,224,35,2017-01-30,Standard Class,2017-02-03,17.456
2886,US-2017-159856,390,213,286,2017-10-18,Standard Class,2017-10-22,307.92
2887,CA-2018-102099,454,213,142,2018-12-18,First Class,2018-12-19,6.63
2888,CA-2018-102099,861,213,142,2018-12-18,First Class,2018-12-19,12.96
2889,CA-2018-102099,731,213,142,2018-12-18,First Class,2018-12-19,32.4
2890,CA-2018-164049,1447,176,60,2018-11-02,Standard Class,2018-11-06,23.85
2891,CA-2015-142727,793,669,417,2015-04-29,Second Class,2015-05-01,51.96
2892,CA-2015-142727,953,669,417,2015-04-29,Second Class,2015-05-01,17.94
2893,CA-2018-139913,1448,37,145,2018-10-23,Standard Class,2018-10-29,11.56
2894,CA-2018-139913,219,37,145,2018-10-23,Standard Class,2018-10-29,26.4
2895,CA-2018-139913,1449,37,145,2018-10-23,Standard Class,2018-10-29,69.08
2896,CA-2018-139913,180,37,145,2018-10-23,Standard Class,2018-10-29,35.88
2897,CA-2015-169033,1069,28,255,2015-03-30,Standard Class,2015-04-03,49.65
2898,US-2017-164630,1328,425,44,2017-01-04,Standard Class,2017-01-09,959.968
2899,US-2016-114839,285,618,67,2016-04-26,Standard Class,2016-04-30,408.422
2900,CA-2016-166464,1328,39,46,2016-09-12,Standard Class,2016-09-17,479.984
2901,CA-2016-166464,396,39,46,2016-09-12,Standard Class,2016-09-17,12.6
2902,CA-2018-124898,780,627,113,2018-09-11,Standard Class,2018-09-15,184.66
2903,CA-2017-164035,1216,258,27,2017-06-12,Standard Class,2017-06-17,23.12
2904,CA-2017-153577,1071,543,418,2017-06-27,Standard Class,2017-07-01,37.464
2905,CA-2017-153577,1190,543,418,2017-06-27,Standard Class,2017-07-01,539.658
2906,CA-2015-127586,1450,38,61,2015-09-26,Standard Class,2015-09-30,310.12
2907,CA-2018-121615,1451,352,20,2018-11-03,Standard Class,2018-11-09,8.56
2908,CA-2018-121615,471,352,20,2018-11-03,Standard Class,2018-11-09,52.4
2909,CA-2018-121615,1141,352,20,2018-11-03,Standard Class,2018-11-09,14.94
2910,CA-2018-166415,1029,251,6,2018-02-19,Standard Class,2018-02-23,11.22
2911,CA-2016-118444,644,105,249,2016-11-05,Standard Class,2016-11-09,387.136
2912,CA-2015-113929,1452,238,419,2015-06-16,Standard Class,2015-06-21,41.4
2913,CA-2015-113929,1453,238,419,2015-06-16,Standard Class,2015-06-21,35.0
2914,CA-2015-113929,92,238,419,2015-06-16,Standard Class,2015-06-21,39.552
2915,CA-2016-134747,1410,352,420,2016-10-12,Second Class,2016-10-17,135.72
2916,CA-2016-134747,1376,352,420,2016-10-12,Second Class,2016-10-17,12.56
2917,CA-2016-134747,985,352,420,2016-10-12,Second Class,2016-10-17,263.96
2918,CA-2018-155047,1454,340,78,2018-08-27,First Class,2018-08-30,5.952
2919,CA-2017-160129,1433,625,12,2017-11-23,Same Day,2017-11-23,15.8
2920,CA-2017-160129,1105,625,12,2017-11-23,Same Day,2017-11-23,14.368
2921,CA-2017-160129,981,625,12,2017-11-23,Same Day,2017-11-23,70.448
2922,CA-2018-164329,558,463,10,2018-01-30,Same Day,2018-01-30,129.3
2923,US-2016-141453,626,490,111,2016-11-30,Second Class,2016-12-03,3.882
2924,CA-2015-156993,830,339,152,2015-06-28,Standard Class,2015-07-04,6.08
2925,CA-2015-157721,942,595,290,2015-09-02,First Class,2015-09-05,19.9
2926,CA-2015-157721,1455,595,290,2015-09-02,First Class,2015-09-05,70.71
2927,CA-2018-128629,1449,670,113,2018-07-10,Second Class,2018-07-14,18.84
2928,CA-2018-158106,827,565,421,2018-06-04,Standard Class,2018-06-10,8.64
2929,US-2018-120390,317,275,180,2018-10-19,Standard Class,2018-10-26,1633.188
2930,CA-2018-143434,628,468,81,2018-11-18,Standard Class,2018-11-24,19.76
2931,CA-2016-168564,926,628,10,2016-08-08,Same Day,2016-08-08,6.608
2932,CA-2016-168564,249,628,10,2016-08-08,Same Day,2016-08-08,7.28
2933,CA-2016-168564,324,628,10,2016-08-08,Same Day,2016-08-08,144.784
2934,US-2017-169040,967,219,60,2017-12-06,Standard Class,2017-12-12,156.792
2935,US-2017-169040,1401,219,60,2017-12-06,Standard Class,2017-12-12,431.976
2936,US-2017-169040,82,219,60,2017-12-06,Standard Class,2017-12-12,35.89
2937,US-2017-169040,675,219,60,2017-12-06,Standard Class,2017-12-12,47.208
2938,US-2017-169040,130,219,60,2017-12-06,Standard Class,2017-12-12,248.08
2939,US-2017-169040,68,219,60,2017-12-06,Standard Class,2017-12-12,189.7
2940,US-2017-169040,445,219,60,2017-12-06,Standard Class,2017-12-12,59.808
2941,CA-2018-155880,1456,252,202,2018-03-25,Standard Class,2018-03-31,90.99
2942,CA-2018-155880,636,252,202,2018-03-25,Standard Class,2018-03-31,1526.56
2943,CA-2018-155880,813,252,202,2018-03-25,Standard Class,2018-03-31,368.97
2944,CA-2018-126242,299,499,14,2018-11-19,Standard Class,2018-11-24,305.01
2945,CA-2018-126242,1457,499,14,2018-11-19,Standard Class,2018-11-24,18.7
2946,CA-2017-166443,494,294,35,2017-11-04,First Class,2017-11-05,38.29
2947,CA-2018-169859,1458,487,143,2018-12-14,Standard Class,2018-12-18,26.25
2948,CA-2018-169859,1459,487,143,2018-12-14,Standard Class,2018-12-18,64.96
2949,CA-2018-169859,756,487,143,2018-12-14,Standard Class,2018-12-18,43.7
2950,CA-2018-134915,198,671,276,2018-11-12,Same Day,2018-11-12,41.6
2951,CA-2018-134915,1216,671,276,2018-11-12,Same Day,2018-11-12,23.12
2952,CA-2018-134915,1460,671,276,2018-11-12,Same Day,2018-11-12,113.888
2953,CA-2018-134915,1461,671,276,2018-11-12,Same Day,2018-11-12,113.568
2954,CA-2018-134915,501,671,276,2018-11-12,Same Day,2018-11-12,7.92
2955,CA-2018-134915,1462,671,276,2018-11-12,Same Day,2018-11-12,671.984
2956,CA-2017-153353,885,56,46,2017-08-18,Standard Class,2017-08-24,39.99
2957,CA-2018-123638,475,672,290,2018-06-27,Standard Class,2018-07-04,191.646
2958,CA-2018-168900,9,130,158,2018-05-04,Standard Class,2018-05-09,2.313
2959,CA-2016-158456,800,447,4,2016-12-24,Standard Class,2016-12-29,19.936
2960,CA-2016-158456,272,447,4,2016-12-24,Standard Class,2016-12-29,45.92
2961,CA-2018-143665,988,179,61,2018-04-26,Standard Class,2018-05-01,20.34
2962,CA-2018-143665,1124,179,61,2018-04-26,Standard Class,2018-05-01,39.28
2963,CA-2018-137428,24,673,219,2018-12-16,Second Class,2018-12-21,81.568
2964,CA-2018-137428,164,673,219,2018-12-16,Second Class,2018-12-21,97.184
2965,CA-2018-137428,526,673,219,2018-12-16,Second Class,2018-12-21,24.32
2966,CA-2018-137428,1463,673,219,2018-12-16,Second Class,2018-12-21,18.96
2967,CA-2015-162866,1002,477,301,2015-12-27,Standard Class,2015-12-31,32.952
2968,CA-2015-162866,1191,477,301,2015-12-27,Standard Class,2015-12-31,30.016
2969,CA-2018-167941,78,536,306,2018-11-06,Second Class,2018-11-09,499.584
2970,CA-2018-167941,586,536,306,2018-11-06,Second Class,2018-11-09,31.104
2971,CA-2018-167941,556,536,306,2018-11-06,Second Class,2018-11-09,13.272
2972,CA-2018-167941,1382,536,306,2018-11-06,Second Class,2018-11-09,28.272
2973,CA-2018-167941,460,536,306,2018-11-06,Second Class,2018-11-09,259.136
2974,CA-2018-111808,871,240,312,2018-12-16,Standard Class,2018-12-20,10.8
2975,CA-2016-137512,617,166,293,2016-05-07,Standard Class,2016-05-12,244.006
2976,CA-2016-137512,1464,166,293,2016-05-07,Standard Class,2016-05-12,15.936
2977,CA-2018-139773,1465,2,106,2018-12-04,Same Day,2018-12-04,188.552
2978,CA-2018-134607,1012,333,145,2018-10-03,Second Class,2018-10-08,22.58
2979,CA-2015-109232,1456,445,422,2015-01-13,Second Class,2015-01-16,545.94
2980,CA-2016-139850,1466,674,64,2016-06-12,Standard Class,2016-06-17,20.736
2981,CA-2016-139850,1252,674,64,2016-06-12,Standard Class,2016-06-17,43.296
2982,CA-2015-131310,1465,53,61,2015-07-12,Standard Class,2015-07-18,123.136
2983,CA-2015-131310,654,53,61,2015-07-12,Standard Class,2015-07-18,11.264
2984,US-2015-112872,331,54,330,2015-12-06,Second Class,2015-12-11,53.424
2985,US-2015-112872,1259,54,330,2015-12-06,Second Class,2015-12-11,275.49
2986,CA-2017-139269,1467,675,113,2017-05-25,Standard Class,2017-05-30,24.96
2987,CA-2017-139269,365,675,113,2017-05-25,Standard Class,2017-05-30,19.36
2988,CA-2017-139269,427,675,113,2017-05-25,Standard Class,2017-05-30,1267.65
2989,CA-2017-139010,1422,638,4,2017-02-21,Second Class,2017-02-26,12.99
2990,CA-2017-139010,1459,638,4,2017-02-21,Second Class,2017-02-26,18.56
2991,CA-2017-139010,436,638,4,2017-02-21,Second Class,2017-02-26,449.15
2992,CA-2017-139010,79,638,4,2017-02-21,Second Class,2017-02-26,31.248
2993,CA-2017-134376,565,641,24,2017-10-02,Standard Class,2017-10-06,61.44
2994,CA-2018-147291,1189,78,84,2018-03-11,Standard Class,2018-03-17,895.92
2995,CA-2017-112893,69,248,352,2017-09-09,Second Class,2017-09-13,55.36
2996,US-2015-150532,5,172,52,2015-07-14,Standard Class,2015-07-21,55.92
2997,CA-2015-138317,838,509,75,2015-06-21,Standard Class,2015-06-25,24.896
2998,CA-2015-138317,1468,509,75,2015-06-21,Standard Class,2015-06-25,3.984
2999,CA-2015-138317,247,509,75,2015-06-21,Standard Class,2015-06-25,95.968
3000,CA-2015-138317,1469,509,75,2015-06-21,Standard Class,2015-06-25,206.991
3001,CA-2015-138317,1110,509,75,2015-06-21,Standard Class,2015-06-25,44.416
3002,CA-2015-138317,492,509,75,2015-06-21,Standard Class,2015-06-25,9.006
3003,CA-2016-130610,1470,164,423,2016-07-05,Standard Class,2016-07-10,19.0
3004,CA-2018-104381,1125,280,145,2018-12-16,Standard Class,2018-12-23,33.376
3005,CA-2017-131499,1471,676,165,2017-09-08,First Class,2017-09-10,207.48
3006,CA-2015-148761,998,51,424,2015-05-17,Standard Class,2015-05-21,91.68
3007,CA-2018-116519,1108,258,30,2018-10-13,First Class,2018-10-15,904.9
3008,CA-2015-130729,277,212,349,2015-10-24,Standard Class,2015-10-29,34.272
3009,CA-2017-124772,1269,507,263,2017-12-05,First Class,2017-12-06,191.82
3010,CA-2017-115525,1307,646,214,2017-07-25,Standard Class,2017-07-29,243.88
3011,CA-2018-134845,386,677,128,2018-04-17,Standard Class,2018-04-23,12.03
3012,CA-2018-134845,156,677,128,2018-04-17,Standard Class,2018-04-23,2549.985
3013,CA-2018-134845,380,677,128,2018-04-17,Standard Class,2018-04-23,21.594
3014,CA-2018-134845,592,677,128,2018-04-17,Standard Class,2018-04-23,8.964
3015,CA-2018-134845,511,677,128,2018-04-17,Standard Class,2018-04-23,20.736
3016,US-2016-138919,739,61,46,2016-09-17,Standard Class,2016-09-21,344.22
3017,US-2017-160528,419,415,425,2017-08-23,Standard Class,2017-08-30,727.296
3018,US-2017-160528,1156,415,425,2017-08-23,Standard Class,2017-08-30,22.608
3019,US-2017-160528,1201,415,425,2017-08-23,Standard Class,2017-08-30,666.4
3020,CA-2016-123568,1472,184,9,2016-11-08,Standard Class,2016-11-14,5.04
3021,CA-2016-123568,1031,184,9,2016-11-08,Standard Class,2016-11-14,92.94
3022,CA-2016-123568,643,184,9,2016-11-08,Standard Class,2016-11-14,66.69
3023,CA-2016-123568,711,184,9,2016-11-08,Standard Class,2016-11-14,91.68
3024,CA-2018-124674,1276,678,231,2018-11-17,Standard Class,2018-11-23,327.7328
3025,CA-2016-164441,306,550,165,2016-11-08,Standard Class,2016-11-13,52.272
3026,CA-2016-164441,458,550,165,2016-11-08,Standard Class,2016-11-13,17.94
3027,CA-2018-169054,1061,247,12,2018-04-22,Standard Class,2018-04-26,254.352
3028,CA-2015-106719,1473,517,426,2015-08-24,Same Day,2015-08-24,8.288
3029,CA-2018-116855,932,483,337,2018-12-17,Standard Class,2018-12-21,504.9
3030,US-2017-164189,1420,113,427,2017-03-24,Standard Class,2017-03-28,403.168
3031,CA-2016-168480,1196,679,367,2016-09-21,Standard Class,2016-09-27,194.32
3032,CA-2016-168480,1063,679,367,2016-09-21,Standard Class,2016-09-27,25.99
3033,US-2017-114293,1226,424,427,2017-11-21,Standard Class,2017-11-26,195.136
3034,CA-2018-134173,1115,145,106,2018-09-16,Standard Class,2018-09-21,20.736
3035,US-2016-123960,1045,206,69,2016-06-11,Standard Class,2016-06-16,53.7
3036,US-2016-123960,1473,206,69,2016-06-11,Standard Class,2016-06-16,36.26
3037,US-2016-123960,1474,206,69,2016-06-11,Standard Class,2016-06-16,56.3
3038,US-2016-123960,499,206,69,2016-06-11,Standard Class,2016-06-16,32.4
3039,US-2016-123960,1475,206,69,2016-06-11,Standard Class,2016-06-16,29.16
3040,CA-2018-101749,720,443,55,2018-10-03,Standard Class,2018-10-08,171.288
3041,US-2017-147991,1007,10,428,2017-05-05,Standard Class,2017-05-09,16.72
3042,CA-2018-149559,861,581,107,2018-09-11,Same Day,2018-09-12,12.96
3043,CA-2018-149559,1476,581,107,2018-09-11,Same Day,2018-09-12,22.18
3044,CA-2018-149559,1477,581,107,2018-09-11,Same Day,2018-09-12,2054.272
3045,CA-2016-135174,639,547,412,2016-04-30,Second Class,2016-05-02,1022.97
3046,CA-2018-125290,1478,255,40,2018-11-06,Second Class,2018-11-10,13.9
3047,CA-2018-125290,814,255,40,2018-11-06,Second Class,2018-11-10,26.38
3048,CA-2015-137351,9,141,60,2015-09-30,Standard Class,2015-10-04,43.176
3049,CA-2018-121419,122,680,113,2018-04-02,First Class,2018-04-04,411.8
3050,CA-2018-121419,294,680,113,2018-04-02,First Class,2018-04-04,360.0
3051,US-2018-148054,1479,126,429,2018-10-06,Standard Class,2018-10-11,41.96
3052,US-2018-148054,1052,126,429,2018-10-06,Standard Class,2018-10-11,227.84
3053,US-2018-148054,1238,126,429,2018-10-06,Standard Class,2018-10-11,37.94
3054,CA-2017-128517,1368,681,84,2017-04-09,Second Class,2017-04-14,517.9
3055,CA-2017-128517,447,681,84,2017-04-09,Second Class,2017-04-14,5.28
3056,US-2016-100377,891,478,37,2016-08-28,Standard Class,2016-09-01,2799.96
3057,CA-2018-131492,1344,512,95,2018-10-19,Second Class,2018-10-24,8.96
3058,CA-2018-131492,1043,512,95,2018-10-19,Second Class,2018-10-24,31.5
3059,CA-2018-131492,678,512,95,2018-10-19,Second Class,2018-10-24,30.56
3060,CA-2018-131492,1480,512,95,2018-10-19,Second Class,2018-10-24,24.368
3061,CA-2017-144554,1234,665,56,2017-11-07,Standard Class,2017-11-12,119.976
3062,CA-2018-127621,795,682,177,2018-03-03,Standard Class,2018-03-07,26.88
3063,CA-2016-145184,1481,252,285,2016-11-27,First Class,2016-11-29,83.97
3064,CA-2016-145184,1482,252,285,2016-11-27,First Class,2016-11-29,104.97
3065,CA-2018-106859,76,683,383,2018-03-13,Second Class,2018-03-18,90.8
3066,CA-2018-106859,723,683,383,2018-03-13,Second Class,2018-03-18,140.736
3067,CA-2018-106859,1483,683,383,2018-03-13,Second Class,2018-03-18,214.95
3068,CA-2018-106859,1484,683,383,2018-03-13,Second Class,2018-03-18,45.36
3069,CA-2018-106859,1416,683,383,2018-03-13,Second Class,2018-03-18,288.24
3070,US-2018-120089,1471,530,214,2018-11-30,Same Day,2018-11-30,663.936
3071,CA-2015-119375,1075,290,285,2015-11-17,Standard Class,2015-11-22,2934.33
3072,CA-2015-119375,1485,290,285,2015-11-17,Standard Class,2015-11-22,124.41
3073,CA-2015-119375,685,290,285,2015-11-17,Standard Class,2015-11-22,57.75
3074,CA-2017-125206,1278,236,63,2017-01-03,First Class,2017-01-05,114.46
3075,CA-2016-126137,632,95,4,2016-10-03,Standard Class,2016-10-08,120.666
3076,CA-2015-143903,385,455,163,2015-07-20,Standard Class,2015-07-24,342.864
3077,CA-2015-143903,905,455,163,2015-07-20,Standard Class,2015-07-24,16.74
3078,CA-2015-143903,484,455,163,2015-07-20,Standard Class,2015-07-24,981.372
3079,CA-2015-104780,182,405,89,2015-05-21,Standard Class,2015-05-25,31.84
3080,CA-2018-101182,586,684,430,2018-09-04,First Class,2018-09-05,12.96
3081,CA-2018-101182,832,684,430,2018-09-04,First Class,2018-09-05,43.176
3082,US-2018-132297,706,109,176,2018-05-27,Standard Class,2018-06-02,58.34
3083,US-2018-132297,1401,109,176,2018-05-27,Standard Class,2018-06-02,539.97
3084,CA-2015-100328,186,210,24,2015-01-28,Standard Class,2015-02-03,3.928
3085,CA-2018-118773,383,600,33,2018-02-09,Standard Class,2018-02-14,252.784
3086,CA-2018-118773,658,600,33,2018-02-09,Standard Class,2018-02-14,127.984
3087,CA-2018-118773,1468,600,33,2018-02-09,Standard Class,2018-02-14,3.984
3088,CA-2018-118773,792,600,33,2018-02-09,Standard Class,2018-02-14,12.992
3089,US-2018-159205,1123,627,1,2018-03-31,Second Class,2018-04-02,61.0
3090,US-2018-159205,1486,627,1,2018-03-31,Second Class,2018-04-02,671.93
3091,CA-2017-112123,670,4,285,2017-03-03,Standard Class,2017-03-08,447.86
3092,CA-2017-112123,665,4,285,2017-03-03,Standard Class,2017-03-08,479.95
3093,CA-2017-112123,1487,4,285,2017-03-03,Standard Class,2017-03-08,166.44
3094,CA-2016-114468,559,144,431,2016-08-23,Same Day,2016-08-23,31.68
3095,CA-2016-114468,1146,144,431,2016-08-23,Same Day,2016-08-23,10.368
3096,CA-2016-114468,1015,144,431,2016-08-23,Same Day,2016-08-23,12.032
3097,CA-2016-114468,337,144,431,2016-08-23,Same Day,2016-08-23,5.768
3098,CA-2018-135692,323,52,7,2018-04-27,Standard Class,2018-05-01,33.12
3099,CA-2018-135692,318,52,7,2018-04-27,Standard Class,2018-05-01,220.2656
3100,CA-2018-131233,1367,395,24,2018-04-14,Standard Class,2018-04-19,10.776
3101,CA-2018-131233,714,395,24,2018-04-14,Standard Class,2018-04-19,242.352
3102,CA-2018-119578,414,685,259,2018-12-22,Second Class,2018-12-27,695.16
3103,CA-2018-119578,1488,685,259,2018-12-22,Second Class,2018-12-27,220.98
3104,CA-2017-124562,1489,656,48,2017-12-08,Standard Class,2017-12-12,12.957
3105,US-2018-140074,1490,686,24,2018-03-23,Standard Class,2018-03-29,25.68
3106,CA-2017-103037,523,176,33,2017-07-25,Standard Class,2017-07-29,15.712
3107,CA-2018-127460,822,436,174,2018-07-10,Standard Class,2018-07-14,298.464
3108,CA-2017-121671,1491,5,334,2017-07-17,Standard Class,2017-07-22,21.93
3109,CA-2017-121671,872,5,334,2017-07-17,Standard Class,2017-07-22,242.94
3110,CA-2017-121671,828,5,334,2017-07-17,Standard Class,2017-07-22,7.64
3111,CA-2017-121671,549,5,334,2017-07-17,Standard Class,2017-07-22,51.84
3112,CA-2017-121671,1245,5,334,2017-07-17,Standard Class,2017-07-22,265.17
3113,CA-2017-150350,1492,475,60,2017-08-23,Standard Class,2017-08-30,837.6
3114,CA-2017-150350,114,475,60,2017-08-23,Standard Class,2017-08-30,135.9
3115,CA-2017-150350,1216,475,60,2017-08-23,Standard Class,2017-08-30,34.68
3116,CA-2017-150350,914,475,60,2017-08-23,Standard Class,2017-08-30,532.704
3117,CA-2017-150350,23,475,60,2017-08-23,Standard Class,2017-08-30,43.1
3118,CA-2017-150350,169,475,60,2017-08-23,Standard Class,2017-08-30,15.88
3119,CA-2016-121720,300,532,153,2016-06-11,First Class,2016-06-12,1123.92
3120,CA-2016-121720,496,532,153,2016-06-11,First Class,2016-06-12,249.584
3121,CA-2016-121720,1493,532,153,2016-06-11,First Class,2016-06-12,48.672
3122,CA-2016-121720,109,532,153,2016-06-11,First Class,2016-06-12,60.768
3123,CA-2016-121720,271,532,153,2016-06-11,First Class,2016-06-12,78.6
3124,CA-2016-121720,1376,532,153,2016-06-11,First Class,2016-06-12,3.768
3125,CA-2016-121720,487,532,153,2016-06-11,First Class,2016-06-12,1036.624
3126,CA-2016-121720,719,532,153,2016-06-11,First Class,2016-06-12,563.808
3127,CA-2018-149895,884,687,64,2018-09-08,Standard Class,2018-09-12,258.528
3128,CA-2018-147564,1494,670,165,2018-10-02,Standard Class,2018-10-06,49.12
3129,CA-2015-136399,643,386,14,2015-12-16,First Class,2015-12-17,44.46
3130,CA-2015-136399,292,386,14,2015-12-16,First Class,2015-12-17,241.568
3131,CA-2015-136399,553,386,14,2015-12-16,First Class,2015-12-17,395.0
3132,CA-2015-136399,35,386,14,2015-12-16,First Class,2015-12-17,627.168
3133,CA-2015-107916,1495,688,188,2015-08-24,First Class,2015-08-26,13.28
3134,CA-2015-107916,1086,688,188,2015-08-24,First Class,2015-08-26,12.672
3135,CA-2018-164168,998,61,177,2018-11-12,Standard Class,2018-11-18,30.56
3136,CA-2018-164168,572,61,177,2018-11-12,Standard Class,2018-11-18,77.952
3137,CA-2018-164168,1496,61,177,2018-11-12,Standard Class,2018-11-18,67.992
3138,CA-2018-164168,589,61,177,2018-11-12,Standard Class,2018-11-18,12.224
3139,CA-2018-164168,1131,61,177,2018-11-12,Standard Class,2018-11-18,44.784
3140,CA-2018-164168,286,61,177,2018-11-12,Standard Class,2018-11-18,22.848
3141,CA-2016-112557,15,140,46,2016-04-25,First Class,2016-04-28,206.43
3142,US-2015-122959,116,389,66,2015-12-12,Same Day,2015-12-12,210.392
3143,CA-2018-162572,247,182,94,2018-09-25,Second Class,2018-09-27,119.96
3144,CA-2018-162572,148,182,94,2018-09-25,Second Class,2018-09-27,10.608
3145,US-2017-148110,475,256,111,2017-09-05,Standard Class,2017-09-11,347.802
3146,CA-2018-131828,1497,689,60,2018-02-11,Second Class,2018-02-13,963.136
3147,CA-2018-131828,688,689,60,2018-02-11,Second Class,2018-02-13,88.776
3148,CA-2015-109218,314,256,26,2015-06-30,Second Class,2015-07-03,32.4
3149,CA-2017-120558,491,280,46,2017-06-07,First Class,2017-06-10,32.4
3150,US-2015-109036,255,169,6,2015-12-20,Standard Class,2015-12-25,31.05
3151,CA-2016-147830,696,174,56,2016-12-15,First Class,2016-12-18,2025.36
3152,CA-2016-147830,1498,174,56,2016-12-15,First Class,2016-12-18,1799.994
3153,CA-2016-147830,1496,174,56,2016-12-15,First Class,2016-12-18,101.988
3154,CA-2016-147830,268,174,56,2016-12-15,First Class,2016-12-18,262.864
3155,CA-2018-150497,1499,417,432,2018-07-20,Standard Class,2018-07-24,735.98
3156,CA-2015-128986,969,690,276,2015-08-03,Second Class,2015-08-05,93.024
3157,CA-2016-139584,11,614,30,2016-08-24,Standard Class,2016-08-28,284.364
3158,CA-2016-139584,198,614,30,2016-08-24,Standard Class,2016-08-28,26.0
3159,US-2017-162677,1037,204,223,2017-03-26,First Class,2017-03-27,67.64
3160,US-2017-162677,960,204,223,2017-03-26,First Class,2017-03-27,119.976
3161,US-2015-150924,1500,691,33,2015-09-12,Second Class,2015-09-16,5.18
3162,CA-2015-153969,838,521,10,2015-09-21,Standard Class,2015-09-25,15.56
3163,CA-2015-153969,1359,521,10,2015-09-21,Standard Class,2015-09-25,78.35
3164,CA-2015-153969,1501,521,10,2015-09-21,Standard Class,2015-09-25,59.52
3165,CA-2015-153969,1451,521,10,2015-09-21,Standard Class,2015-09-25,38.52
3166,CA-2015-153969,1502,521,10,2015-09-21,Standard Class,2015-09-25,239.984
3167,CA-2015-153969,1409,521,10,2015-09-21,Standard Class,2015-09-25,19.35
3168,CA-2017-146682,279,148,242,2017-10-29,First Class,2017-10-31,67.0
3169,CA-2017-138695,1226,170,394,2017-05-28,Standard Class,2017-06-03,390.272
3170,CA-2017-138695,458,170,394,2017-05-28,Standard Class,2017-06-03,62.192
3171,CA-2018-107461,1407,8,38,2018-12-21,Second Class,2018-12-26,23.88
3172,US-2017-133879,742,447,37,2017-03-21,Standard Class,2017-03-28,3.168
3173,US-2017-133879,663,447,37,2017-03-21,Standard Class,2017-03-28,528.43
3174,US-2017-133879,1261,447,37,2017-03-21,Standard Class,2017-03-28,13.392
3175,CA-2018-157483,1503,213,84,2018-11-11,Standard Class,2018-11-18,181.86
3176,US-2018-132059,790,276,376,2018-09-23,Standard Class,2018-09-29,180.588
3177,US-2018-132059,1049,276,376,2018-09-23,Standard Class,2018-09-29,47.984
3178,CA-2018-122280,946,130,24,2018-09-10,Same Day,2018-09-10,18.76
3179,CA-2018-105235,6,417,165,2018-12-05,Standard Class,2018-12-11,20.94
3180,CA-2018-105235,139,417,165,2018-12-05,Standard Class,2018-12-11,58.68
3181,CA-2018-105235,474,417,165,2018-12-05,Standard Class,2018-12-11,254.9
3182,CA-2018-152912,545,313,210,2018-11-09,Second Class,2018-11-12,9.64
3183,CA-2018-152912,718,313,210,2018-11-09,Second Class,2018-11-12,826.62
3184,CA-2018-152912,246,313,210,2018-11-09,Second Class,2018-11-12,1633.14
3185,CA-2018-152912,246,313,210,2018-11-09,Second Class,2018-11-12,544.38
3186,CA-2015-123498,1312,569,17,2015-11-07,First Class,2015-11-09,26.046
3187,CA-2015-123498,1504,569,17,2015-11-07,First Class,2015-11-09,74.352
3188,CA-2018-159352,858,11,112,2018-03-12,Standard Class,2018-03-17,69.93
3189,US-2018-146416,1172,69,433,2018-10-20,Second Class,2018-10-22,3.75
3190,US-2018-146416,1505,69,433,2018-10-20,Second Class,2018-10-22,20.928
3191,US-2016-163783,1506,661,27,2016-12-27,Standard Class,2017-01-01,12.672
3192,CA-2018-123981,804,339,46,2018-10-02,Standard Class,2018-10-08,65.99
3193,CA-2018-158953,249,615,434,2018-06-04,Standard Class,2018-06-08,6.37
3194,CA-2015-165428,526,692,67,2015-09-01,First Class,2015-09-04,3.648
3195,CA-2015-165428,261,692,67,2015-09-01,First Class,2015-09-04,31.104
3196,CA-2017-169026,1507,476,130,2017-08-08,Standard Class,2017-08-13,23.34
3197,CA-2018-109750,313,93,30,2018-07-22,Standard Class,2018-07-28,29.97
3198,CA-2016-149384,1391,14,286,2016-07-10,Same Day,2016-07-10,3.366
3199,CA-2015-131527,1508,510,223,2015-12-01,Standard Class,2015-12-07,95.968
3200,CA-2018-164000,1413,693,64,2018-12-18,Standard Class,2018-12-22,18.704
3201,CA-2015-164224,1293,75,76,2015-05-18,Second Class,2015-05-20,149.232
3202,CA-2015-164224,1051,75,76,2015-05-18,Second Class,2015-05-20,15.936
3203,CA-2015-158372,540,77,89,2015-11-10,Standard Class,2015-11-16,601.536
3204,CA-2015-158372,917,77,89,2015-11-10,Standard Class,2015-11-16,10.99
3205,CA-2015-158372,64,77,89,2015-11-10,Standard Class,2015-11-16,39.88
3206,CA-2015-158372,566,77,89,2015-11-10,Standard Class,2015-11-16,62.24
3207,CA-2015-158372,883,77,89,2015-11-10,Standard Class,2015-11-16,53.2
3208,CA-2015-158372,1509,77,89,2015-11-10,Standard Class,2015-11-16,39.84
3209,CA-2017-108882,1510,157,253,2017-01-09,Standard Class,2017-01-15,349.95
3210,CA-2017-108882,67,157,253,2017-01-09,Standard Class,2017-01-15,377.928
3211,US-2018-108245,408,65,435,2018-09-22,Standard Class,2018-09-27,13.392
3212,US-2018-108245,386,65,435,2018-09-22,Standard Class,2018-09-27,11.228
3213,CA-2015-142314,552,228,238,2015-12-23,Standard Class,2015-12-28,207.24
3214,CA-2017-132409,869,261,64,2017-05-26,Standard Class,2017-06-01,1.504
3215,CA-2017-132409,1113,261,64,2017-05-26,Standard Class,2017-06-01,34.848
3216,CA-2018-150189,50,365,436,2018-07-08,First Class,2018-07-10,75.18
3217,CA-2015-114433,1234,269,233,2015-05-13,Standard Class,2015-05-17,149.97
3218,CA-2018-104640,761,396,24,2018-11-10,Standard Class,2018-11-16,931.176
3219,CA-2018-104640,884,396,24,2018-11-10,Standard Class,2018-11-16,430.88
3220,US-2016-137008,1238,688,101,2016-10-02,Standard Class,2016-10-08,94.85
3221,US-2016-137008,119,688,101,2016-10-02,Standard Class,2016-10-08,51.12
3222,US-2016-137008,294,688,101,2016-10-02,Standard Class,2016-10-08,90.0
3223,CA-2015-108189,1018,21,286,2015-10-02,First Class,2015-10-05,9.408
3224,CA-2015-108189,849,21,286,2015-10-02,First Class,2015-10-05,4.672
3225,CA-2015-108189,257,21,286,2015-10-02,First Class,2015-10-05,318.4
3226,CA-2015-108189,1511,21,286,2015-10-02,First Class,2015-10-05,12.768
3227,CA-2015-108189,1512,21,286,2015-10-02,First Class,2015-10-05,15.36
3228,CA-2015-108189,665,21,286,2015-10-02,First Class,2015-10-05,230.376
3229,CA-2015-108189,1045,21,286,2015-10-02,First Class,2015-10-05,7.16
3230,CA-2015-154641,459,108,46,2015-08-11,Standard Class,2015-08-16,375.34
3231,CA-2018-131625,936,203,30,2018-09-01,Second Class,2018-09-05,114.9
3232,US-2018-156356,1312,445,15,2018-04-16,Standard Class,2018-04-22,26.046
3233,US-2018-156356,498,445,15,2018-04-16,Standard Class,2018-04-22,2.896
3234,US-2018-156356,1513,445,15,2018-04-16,Standard Class,2018-04-22,32.544
3235,CA-2017-138933,592,692,216,2017-04-24,First Class,2017-04-27,3.984
3236,CA-2017-140746,258,117,70,2017-01-15,Same Day,2017-01-15,181.797
3237,CA-2017-146836,356,694,24,2017-05-02,Same Day,2017-05-02,44.94
3238,CA-2017-146836,413,694,24,2017-05-02,Same Day,2017-05-02,45.576
3239,US-2017-127971,1210,695,15,2017-11-20,Standard Class,2017-11-27,318.43
3240,US-2017-127971,1514,695,15,2017-11-20,Standard Class,2017-11-27,122.92
3241,US-2017-127971,326,695,15,2017-11-20,Standard Class,2017-11-27,7.068
3242,US-2017-140809,1012,317,102,2017-02-01,First Class,2017-02-03,56.45
3243,CA-2018-114524,1473,284,37,2018-03-31,Second Class,2018-04-05,13.468
3244,CA-2018-113355,1515,696,71,2018-12-01,Standard Class,2018-12-05,219.8
3245,CA-2018-113355,292,696,71,2018-12-01,Standard Class,2018-12-05,317.058
3246,US-2018-140907,961,131,6,2018-12-10,Second Class,2018-12-12,49.08
3247,US-2018-140907,392,131,6,2018-12-10,Second Class,2018-12-12,324.9
3248,US-2018-140907,1516,131,6,2018-12-10,Second Class,2018-12-12,18.24
3249,CA-2017-159730,1460,320,6,2017-09-17,Standard Class,2017-09-21,113.888
3250,CA-2017-159730,666,320,6,2017-09-17,Standard Class,2017-09-21,105.584
3251,CA-2017-157868,1054,566,437,2017-12-23,Standard Class,2017-12-29,24.85
3252,CA-2018-119389,1002,697,75,2018-04-17,First Class,2018-04-19,60.312
3253,CA-2018-110373,426,16,27,2018-10-27,Second Class,2018-10-30,7.056
3254,CA-2018-110373,1260,16,27,2018-10-27,Second Class,2018-10-30,27.184
3255,CA-2017-155474,234,418,60,2017-07-08,Standard Class,2017-07-14,107.984
3256,CA-2017-155474,1233,418,60,2017-07-08,Standard Class,2017-07-14,19.296
3257,CA-2016-155453,746,20,134,2016-08-09,Standard Class,2016-08-14,4.608
3258,US-2017-161844,973,461,79,2017-12-09,Second Class,2017-12-14,79.974
3259,US-2017-161844,697,461,79,2017-12-09,Second Class,2017-12-14,2.946
3260,US-2017-162103,461,698,418,2017-11-13,Standard Class,2017-11-17,3.136
3261,CA-2015-151554,1517,699,90,2015-11-14,First Class,2015-11-15,20.736
3262,CA-2015-140662,960,132,10,2015-11-17,First Class,2015-11-19,99.98
3263,CA-2015-140662,657,132,10,2015-11-17,First Class,2015-11-19,733.95
3264,CA-2015-140662,1430,132,10,2015-11-17,First Class,2015-11-19,241.44
3265,CA-2017-122518,1043,576,124,2017-03-04,Second Class,2017-03-08,10.08
3266,US-2015-126571,719,536,75,2015-10-11,Standard Class,2015-10-15,281.904
3267,US-2015-126571,557,536,75,2015-10-11,Standard Class,2015-10-15,201.432
3268,CA-2015-143840,705,700,34,2015-05-22,Standard Class,2015-05-29,135.98
3269,CA-2015-143840,1518,700,34,2015-05-22,Standard Class,2015-05-29,44.95
3270,CA-2015-115980,1426,101,375,2015-07-15,Standard Class,2015-07-19,2.97
3271,CA-2015-115980,53,101,375,2015-07-15,Standard Class,2015-07-19,6.54
3272,CA-2016-155145,1426,635,438,2016-12-27,Second Class,2016-12-29,7.92
3273,CA-2016-146038,24,696,14,2016-02-09,Standard Class,2016-02-16,203.92
3274,CA-2018-133865,891,391,4,2018-05-08,Standard Class,2018-05-12,3359.952
3275,CA-2018-116358,830,367,439,2018-11-02,Standard Class,2018-11-06,18.24
3276,CA-2018-116358,183,367,439,2018-11-02,Standard Class,2018-11-06,27.78
3277,CA-2015-102988,347,621,213,2015-04-05,Second Class,2015-04-09,22.96
3278,CA-2015-102988,1130,621,213,2015-04-05,Second Class,2015-04-09,28.99
3279,CA-2015-102988,220,621,213,2015-04-05,Second Class,2015-04-09,12.96
3280,CA-2015-102988,1211,621,213,2015-04-05,Second Class,2015-04-09,22.96
3281,CA-2015-102988,466,621,213,2015-04-05,Second Class,2015-04-09,4164.05
3282,US-2015-117170,1017,447,314,2015-09-17,Standard Class,2015-09-24,47.984
3283,US-2015-117170,875,447,314,2015-09-17,Standard Class,2015-09-24,4.624
3284,CA-2015-159478,535,187,46,2015-09-30,Standard Class,2015-10-06,15.24
3285,CA-2015-103702,472,315,323,2015-09-12,Standard Class,2015-09-17,63.924
3286,CA-2018-150525,837,656,315,2018-02-20,Standard Class,2018-02-25,6.56
3287,CA-2018-150525,1519,656,315,2018-02-20,Standard Class,2018-02-25,13.11
3288,CA-2016-157770,639,362,440,2016-12-13,First Class,2016-12-15,494.376
3289,CA-2016-157770,348,362,440,2016-12-13,First Class,2016-12-15,29.2
3290,CA-2016-157770,101,362,440,2016-12-13,First Class,2016-12-15,248.85
3291,CA-2016-157770,1520,362,440,2016-12-13,First Class,2016-12-15,36.24
3292,CA-2017-167290,513,640,423,2017-10-30,Standard Class,2017-11-04,11.68
3293,CA-2015-106264,169,243,143,2015-12-26,Standard Class,2015-12-30,11.91
3294,CA-2015-106264,853,243,143,2015-12-26,Standard Class,2015-12-30,3.48
3295,CA-2015-138023,613,169,177,2015-08-15,First Class,2015-08-18,30.96
3296,CA-2018-113418,1521,476,46,2018-10-01,First Class,2018-10-03,1704.89
3297,US-2016-110569,625,13,52,2016-05-23,Standard Class,2016-05-30,19.194
3298,US-2016-110569,514,13,52,2016-05-23,Standard Class,2016-05-30,121.792
3299,CA-2018-136308,1151,361,35,2018-11-16,Same Day,2018-11-16,1919.976
3300,US-2015-159926,14,230,12,2015-11-18,Standard Class,2015-11-22,50.997
3301,US-2015-159926,83,230,12,2015-11-18,Standard Class,2015-11-22,76.792
3302,US-2015-159926,1522,230,12,2015-11-18,Standard Class,2015-11-22,539.964
3303,US-2015-159926,1002,230,12,2015-11-18,Standard Class,2015-11-22,60.312
3304,US-2015-159926,871,230,12,2015-11-18,Standard Class,2015-11-22,1.944
3305,CA-2015-104738,898,408,162,2015-12-30,Second Class,2016-01-01,12.984
3306,CA-2015-104738,1237,408,162,2015-12-30,Second Class,2016-01-01,217.584
3307,CA-2015-104738,820,408,162,2015-12-30,Second Class,2016-01-01,328.776
3308,CA-2015-104738,316,408,162,2015-12-30,Second Class,2016-01-01,2.286
3309,CA-2015-104738,247,408,162,2015-12-30,Second Class,2016-01-01,47.984
3310,CA-2016-144386,1086,266,30,2016-11-05,Standard Class,2016-11-11,25.344
3311,CA-2017-111416,921,561,46,2017-09-17,Standard Class,2017-09-22,232.4
3312,CA-2017-162747,894,693,252,2017-03-20,Second Class,2017-03-25,86.45
3313,US-2015-133130,292,514,89,2015-09-27,Standard Class,2015-10-01,603.92
3314,US-2015-133130,1128,514,89,2015-09-27,Standard Class,2015-10-01,81.98
3315,CA-2018-169978,292,644,188,2018-12-24,Standard Class,2018-12-28,271.764
3316,CA-2018-169978,1121,644,188,2018-12-24,Standard Class,2018-12-28,14.376
3317,CA-2018-161739,1305,495,218,2018-11-10,Second Class,2018-11-15,341.96
3318,CA-2016-165057,627,57,72,2016-09-11,Standard Class,2016-09-15,181.35
3319,CA-2016-165057,1187,57,72,2016-09-11,Standard Class,2016-09-15,8.64
3320,CA-2015-134551,1038,701,85,2015-12-20,Standard Class,2015-12-25,43.512
3321,CA-2015-134551,158,701,85,2015-12-20,Standard Class,2015-12-25,662.88
3322,CA-2015-134551,1077,701,85,2015-12-20,Standard Class,2015-12-25,25.92
3323,CA-2016-120810,10,275,30,2016-07-23,Standard Class,2016-07-27,68.94
3324,CA-2016-120810,593,275,30,2016-07-23,Standard Class,2016-07-27,128.82
3325,CA-2015-165309,1177,31,15,2015-11-11,Standard Class,2015-11-15,896.99
3326,CA-2015-165309,1489,31,15,2015-11-11,Standard Class,2015-11-15,1.234
3327,CA-2015-165309,1474,31,15,2015-11-11,Standard Class,2015-11-15,67.56
3328,CA-2015-165309,363,31,15,2015-11-11,Standard Class,2015-11-15,21.72
3329,CA-2015-165309,1523,31,15,2015-11-11,Standard Class,2015-11-15,262.336
3330,CA-2015-165309,919,31,15,2015-11-11,Standard Class,2015-11-15,148.48
3331,CA-2015-165309,1162,31,15,2015-11-11,Standard Class,2015-11-15,241.176
3332,CA-2018-122595,1524,40,156,2018-12-14,Standard Class,2018-12-20,227.976
3333,CA-2018-122595,1514,40,156,2018-12-14,Standard Class,2018-12-20,52.68
3334,CA-2018-122595,1525,40,156,2018-12-14,Standard Class,2018-12-20,2.032
3335,US-2018-109253,787,702,233,2018-08-21,First Class,2018-08-22,17.12
3336,US-2018-109253,525,702,233,2018-08-21,First Class,2018-08-22,431.968
3337,US-2018-109253,1526,702,233,2018-08-21,First Class,2018-08-22,129.92
3338,US-2018-109253,11,702,233,2018-08-21,First Class,2018-08-22,568.728
3339,US-2018-109253,1527,702,233,2018-08-21,First Class,2018-08-22,117.144
3340,US-2018-109253,1528,702,233,2018-08-21,First Class,2018-08-22,203.52
3341,US-2018-109253,323,702,233,2018-08-21,First Class,2018-08-22,51.75
3342,CA-2017-145982,1128,27,359,2017-08-27,Second Class,2017-09-01,122.97
3343,CA-2017-145982,1111,27,359,2017-08-27,Second Class,2017-09-01,244.615
3344,CA-2017-145982,223,27,359,2017-08-27,Second Class,2017-09-01,59.97
3345,CA-2017-145982,188,27,359,2017-08-27,Second Class,2017-09-01,81.54
3346,CA-2017-145982,849,27,359,2017-08-27,Second Class,2017-09-01,11.68
3347,CA-2017-145982,1459,27,359,2017-08-27,Second Class,2017-09-01,29.0
3348,CA-2016-112014,401,22,441,2016-08-13,Standard Class,2016-08-20,50.8
3349,CA-2018-154732,28,125,37,2018-11-05,First Class,2018-11-07,16.03
3350,US-2017-157308,697,393,60,2017-08-17,Standard Class,2017-08-21,15.712
3351,CA-2017-147536,1049,240,24,2017-12-26,Standard Class,2017-12-31,89.97
3352,US-2015-134733,1529,313,89,2015-09-23,Standard Class,2015-09-28,435.999
3353,US-2015-134733,67,313,89,2015-09-23,Standard Class,2015-09-28,83.984
3354,US-2015-150434,1150,120,319,2015-07-19,Standard Class,2015-07-24,359.98
3355,US-2015-150434,1530,120,319,2015-07-19,Standard Class,2015-07-24,70.56
3356,US-2015-150434,865,120,319,2015-07-19,Standard Class,2015-07-24,20.88
3357,US-2015-150434,316,120,319,2015-07-19,Standard Class,2015-07-24,3.81
3358,CA-2018-100335,886,377,27,2018-09-07,Standard Class,2018-09-13,73.008
3359,CA-2017-139234,386,579,27,2017-05-06,Standard Class,2017-05-10,3.208
3360,CA-2017-139234,961,579,27,2017-05-06,Standard Class,2017-05-10,26.176
3361,US-2016-142020,230,427,24,2016-06-04,Second Class,2016-06-08,30.44
3362,US-2016-142020,1531,427,24,2016-06-04,Second Class,2016-06-08,35.28
3363,CA-2016-139962,499,657,442,2016-12-13,Standard Class,2016-12-20,19.44
3364,CA-2016-139962,93,657,442,2016-12-13,Standard Class,2016-12-20,37.88
3365,CA-2017-130050,741,467,67,2017-07-16,Second Class,2017-07-18,9.552
3366,CA-2015-115161,1107,703,169,2015-01-31,First Class,2015-02-02,290.666
3367,CA-2015-165379,935,313,163,2015-07-09,Standard Class,2015-07-15,10.368
3368,CA-2015-165379,1358,313,163,2015-07-09,Standard Class,2015-07-15,14.352
3369,CA-2016-115511,1532,509,122,2016-11-21,Standard Class,2016-11-25,141.96
3370,CA-2016-115511,341,509,122,2016-11-21,Standard Class,2016-11-25,66.048
3371,CA-2017-134887,218,510,137,2017-03-25,Same Day,2017-03-25,1287.45
3372,CA-2018-123778,974,95,35,2018-09-23,Standard Class,2018-09-30,25.824
3373,CA-2018-123778,1430,95,35,2018-09-23,Standard Class,2018-09-30,160.96
3374,CA-2016-161718,1463,3,419,2016-12-04,Standard Class,2016-12-10,28.44
3375,CA-2016-161718,395,3,419,2016-12-04,Standard Class,2016-12-10,364.41
3376,CA-2016-161718,434,3,419,2016-12-04,Standard Class,2016-12-10,39.96
3377,CA-2016-161718,229,3,419,2016-12-04,Standard Class,2016-12-10,361.764
3378,CA-2017-100671,1019,704,443,2017-11-01,First Class,2017-11-04,111.672
3379,CA-2018-142867,1427,179,15,2018-03-17,Standard Class,2018-03-21,13.776
3380,CA-2018-142867,1533,179,15,2018-03-17,Standard Class,2018-03-21,10.272
3381,CA-2018-103156,1534,144,75,2018-11-23,First Class,2018-11-24,24.048
3382,US-2018-162208,136,408,86,2018-08-27,First Class,2018-08-30,2.896
3383,CA-2016-130659,1304,334,46,2016-12-04,Second Class,2016-12-09,17.94
3384,CA-2016-130659,1535,334,46,2016-12-04,Second Class,2016-12-09,384.174
3385,CA-2016-130659,908,334,46,2016-12-04,Second Class,2016-12-09,1799.75
3386,CA-2018-148404,246,657,44,2018-10-07,Standard Class,2018-10-11,580.672
3387,CA-2018-148404,551,657,44,2018-10-07,Standard Class,2018-10-11,18.936
3388,CA-2018-148404,873,657,44,2018-10-07,Standard Class,2018-10-11,222.384
3389,CA-2018-148404,913,657,44,2018-10-07,Standard Class,2018-10-11,50.454
3390,CA-2018-148404,978,657,44,2018-10-07,Standard Class,2018-10-11,154.764
3391,CA-2018-101077,1434,552,177,2018-03-25,Second Class,2018-03-30,6.848
3392,CA-2015-166471,639,378,6,2015-08-09,Standard Class,2015-08-13,1091.168
3393,CA-2015-166471,1076,378,6,2015-08-09,Standard Class,2015-08-13,219.168
3394,CA-2015-105340,1003,700,90,2015-11-22,First Class,2015-11-25,6.928
3395,US-2018-131583,1306,489,106,2018-06-10,Same Day,2018-06-10,40.032
3396,US-2018-148362,1440,581,304,2018-07-01,Standard Class,2018-07-08,443.92
3397,US-2018-148362,14,581,304,2018-07-01,Standard Class,2018-07-08,169.99
3398,US-2018-148362,491,581,304,2018-07-01,Standard Class,2018-07-08,25.92
3399,CA-2015-102274,688,705,127,2015-11-21,Standard Class,2015-11-26,36.99
3400,CA-2015-102274,1079,705,127,2015-11-21,Standard Class,2015-11-26,629.1
3401,CA-2015-102274,558,705,127,2015-11-21,Standard Class,2015-11-26,193.95
3402,CA-2015-102274,7,705,127,2015-11-21,Standard Class,2015-11-26,5.46
3403,CA-2016-129700,741,157,444,2016-05-04,First Class,2016-05-05,22.288
3404,CA-2018-168739,1536,522,15,2018-05-29,Standard Class,2018-06-05,65.424
3405,CA-2016-152527,42,497,26,2016-10-17,Same Day,2016-10-17,77.88
3406,US-2015-150119,229,698,48,2015-04-23,Standard Class,2015-04-27,281.372
3407,US-2015-150119,229,698,48,2015-04-23,Standard Class,2015-04-27,281.372
3408,US-2015-150119,745,698,48,2015-04-23,Standard Class,2015-04-27,7.488
3409,US-2015-150119,771,698,48,2015-04-23,Standard Class,2015-04-27,22.336
3410,US-2018-150847,499,224,48,2018-04-30,Standard Class,2018-05-06,10.368
3411,CA-2017-100244,1491,621,35,2017-09-20,Standard Class,2017-09-24,65.79
3412,CA-2017-100244,14,621,35,2017-09-20,Standard Class,2017-09-24,271.984
3413,CA-2017-100244,135,621,35,2017-09-20,Standard Class,2017-09-24,11.76
3414,CA-2017-100244,1414,621,35,2017-09-20,Standard Class,2017-09-24,77.52
3415,CA-2017-100244,1000,621,35,2017-09-20,Standard Class,2017-09-24,48.64
3416,CA-2017-116540,1089,197,8,2017-09-02,Same Day,2017-09-02,1.81
3417,CA-2017-116540,926,197,8,2017-09-02,Same Day,2017-09-02,8.26
3418,CA-2016-151841,931,680,43,2016-04-27,Standard Class,2016-05-02,43.56
3419,CA-2016-151841,504,680,43,2016-04-27,Standard Class,2016-05-02,5.84
3420,CA-2016-150791,663,255,24,2016-09-06,Standard Class,2016-09-13,271.764
3421,CA-2017-134803,165,53,26,2017-05-28,Standard Class,2017-06-03,262.24
3422,CA-2017-134803,1275,53,26,2017-05-28,Standard Class,2017-06-03,182.72
3423,CA-2017-134803,1203,53,26,2017-05-28,Standard Class,2017-06-03,131.6
3424,CA-2017-134803,21,53,26,2017-05-28,Standard Class,2017-06-03,22.72
3425,CA-2017-134803,1492,53,26,2017-05-28,Standard Class,2017-06-03,558.4
3426,CA-2016-153381,32,369,445,2016-09-24,Standard Class,2016-09-28,15.24
3427,CA-2016-153381,1154,369,445,2016-09-24,Standard Class,2016-09-28,1408.1
3428,US-2018-111024,1537,450,403,2018-07-03,Second Class,2018-07-06,32.896
3429,US-2018-111024,364,450,403,2018-07-03,Second Class,2018-07-06,215.148
3430,US-2018-111024,1409,450,403,2018-07-03,Second Class,2018-07-06,30.96
3431,CA-2018-148264,338,167,96,2018-12-08,First Class,2018-12-09,29.79
3432,CA-2018-148264,1538,167,96,2018-12-08,First Class,2018-12-09,128.9
3433,CA-2018-148264,653,167,96,2018-12-08,First Class,2018-12-09,60.12
3434,CA-2018-131212,1340,270,292,2018-12-05,Standard Class,2018-12-09,24.816
3435,CA-2018-131212,745,270,292,2018-12-05,Standard Class,2018-12-09,14.976
3436,US-2016-100531,444,393,27,2016-09-27,First Class,2016-09-29,15.08
3437,US-2016-100531,527,393,27,2016-09-27,First Class,2016-09-29,24.288
3438,CA-2018-152583,527,363,163,2018-10-30,Same Day,2018-10-30,16.192
3439,CA-2018-152583,364,363,163,2018-10-30,Same Day,2018-10-30,251.006
3440,CA-2018-152583,1012,363,163,2018-10-30,Same Day,2018-10-30,54.192
3441,CA-2016-144099,62,286,35,2016-11-29,Same Day,2016-11-30,4.304
3442,CA-2015-158337,566,568,24,2015-03-11,Second Class,2015-03-14,108.92
3443,CA-2018-168858,408,252,165,2018-11-19,Standard Class,2018-11-23,16.74
3444,CA-2018-168858,848,252,165,2018-11-19,Standard Class,2018-11-23,2504.74
3445,CA-2017-116344,46,706,12,2017-07-29,Standard Class,2017-08-02,84.784
3446,CA-2016-131779,1199,98,285,2016-06-12,Standard Class,2016-06-17,29.9
3447,CA-2017-158869,259,707,24,2017-08-06,First Class,2017-08-07,70.88
3448,CA-2018-102554,869,608,341,2018-06-11,Standard Class,2018-06-15,3.76
3449,CA-2017-162614,823,622,14,2017-10-07,Standard Class,2017-10-13,27.264
3450,CA-2015-168592,1202,504,95,2015-09-08,Standard Class,2015-09-14,56.65
3451,CA-2015-168592,329,504,95,2015-09-08,Standard Class,2015-09-14,14.97
3452,CA-2015-168592,132,504,95,2015-09-08,Standard Class,2015-09-14,4.02
3453,CA-2015-157609,1539,608,314,2015-03-16,Second Class,2015-03-21,471.92
3454,CA-2016-153325,909,462,257,2016-03-01,Second Class,2016-03-02,58.72
3455,CA-2016-153626,1540,13,395,2016-07-09,Standard Class,2016-07-14,5.16
3456,CA-2017-166485,1541,118,395,2017-02-20,Standard Class,2017-02-27,16.496
3457,CA-2018-136448,1017,549,106,2018-09-16,First Class,2018-09-18,71.976
3458,CA-2018-136448,1442,549,106,2018-09-16,First Class,2018-09-18,22.512
3459,CA-2018-136448,1213,549,106,2018-09-16,First Class,2018-09-18,3.444
3460,CA-2018-136448,1177,549,106,2018-09-16,First Class,2018-09-18,538.194
3461,CA-2018-136448,247,549,106,2018-09-16,First Class,2018-09-18,47.984
3462,CA-2018-114258,349,606,177,2018-11-05,Second Class,2018-11-10,492.768
3463,CA-2016-152611,895,568,347,2016-02-20,Second Class,2016-02-23,286.79
3464,CA-2017-165470,70,708,134,2017-11-25,Standard Class,2017-11-30,5.08
3465,CA-2018-128699,877,445,134,2018-12-03,Second Class,2018-12-05,47.992
3466,US-2016-147242,1272,554,442,2016-09-10,Standard Class,2016-09-14,61.96
3467,US-2016-147242,200,554,442,2016-09-10,Standard Class,2016-09-14,361.96
3468,US-2016-147242,335,554,442,2016-09-10,Standard Class,2016-09-14,278.82
3469,CA-2017-146143,1381,267,130,2017-12-14,Standard Class,2017-12-19,133.38
3470,CA-2016-100888,682,709,223,2016-04-06,Standard Class,2016-04-10,47.952
3471,US-2017-150035,905,489,35,2017-12-01,Standard Class,2017-12-05,16.74
3472,CA-2018-122644,988,246,48,2018-11-12,Standard Class,2018-11-17,10.848
3473,CA-2018-122644,568,246,48,2018-11-12,Standard Class,2018-11-17,18.544
3474,CA-2018-111815,324,213,446,2018-03-03,Standard Class,2018-03-10,180.98
3475,CA-2018-111815,1136,213,446,2018-03-03,Standard Class,2018-03-10,99.98
3476,CA-2017-144911,61,339,439,2017-11-27,First Class,2017-11-30,34.95
3477,CA-2017-144911,1000,339,439,2017-11-27,First Class,2017-11-30,152.0
3478,CA-2015-143385,1387,82,447,2015-08-31,Standard Class,2015-09-05,92.52
3479,CA-2017-131289,19,408,95,2017-12-08,Standard Class,2017-12-14,8.56
3480,CA-2017-131289,1542,408,95,2017-12-08,Standard Class,2017-12-14,45.36
3481,CA-2017-131289,1235,408,95,2017-12-08,Standard Class,2017-12-14,1421.664
3482,CA-2015-124023,1074,308,272,2015-04-07,First Class,2015-04-10,8.96
3483,CA-2015-124688,1134,567,29,2015-08-27,First Class,2015-08-29,579.95
3484,CA-2015-124688,1028,567,29,2015-08-27,First Class,2015-08-29,29.12
3485,CA-2015-124688,1383,567,29,2015-08-27,First Class,2015-08-29,1202.94
3486,CA-2017-151169,923,502,285,2017-10-21,Standard Class,2017-10-26,7.92
3487,US-2017-134761,1410,204,448,2017-11-30,Same Day,2017-11-30,36.192
3488,CA-2018-120705,197,676,3,2018-09-05,Standard Class,2018-09-11,147.184
3489,CA-2016-157322,285,585,449,2016-07-02,Standard Class,2016-07-06,408.422
3490,CA-2016-157322,1210,585,449,2016-07-02,Standard Class,2016-07-06,382.116
3491,CA-2016-157322,457,585,449,2016-07-02,Standard Class,2016-07-06,68.6
3492,CA-2016-157322,246,585,449,2016-07-02,Standard Class,2016-07-06,435.504
3493,CA-2016-157322,162,585,449,2016-07-02,Standard Class,2016-07-06,11.168
3494,CA-2018-142034,1543,209,450,2018-09-24,Standard Class,2018-09-28,72.0
3495,CA-2018-142034,1544,209,450,2018-09-24,Standard Class,2018-09-28,655.9
3496,CA-2018-142034,663,209,450,2018-09-24,Standard Class,2018-09-28,603.92
3497,CA-2017-107328,856,403,2,2017-08-08,Standard Class,2017-08-15,513.024
3498,CA-2017-107328,724,403,2,2017-08-08,Standard Class,2017-08-15,487.92
3499,CA-2017-107328,316,403,2,2017-08-08,Standard Class,2017-08-15,15.24
3500,CA-2017-108616,1510,301,272,2017-09-29,Standard Class,2017-10-03,209.97
3501,CA-2017-108616,543,301,272,2017-09-29,Standard Class,2017-10-03,62.94
3502,CA-2017-108616,131,301,272,2017-09-29,Standard Class,2017-10-03,25.92
3503,CA-2018-125115,512,710,111,2018-04-10,Same Day,2018-04-10,10.368
3504,CA-2018-125115,686,710,111,2018-04-10,Same Day,2018-04-10,95.736
3505,CA-2017-150945,907,452,30,2017-12-18,Second Class,2017-12-20,900.08
3506,CA-2015-166863,1371,711,302,2015-06-20,Standard Class,2015-06-24,201.584
3507,CA-2015-166863,16,711,302,2015-06-20,Standard Class,2015-06-24,3.392
3508,CA-2015-166863,1545,711,302,2015-06-20,Standard Class,2015-06-24,193.0656
3509,CA-2015-166863,779,711,302,2015-06-20,Standard Class,2015-06-24,15.552
3510,CA-2015-166863,58,711,302,2015-06-20,Standard Class,2015-06-24,11.648
3511,CA-2015-166863,1492,711,302,2015-06-20,Standard Class,2015-06-24,418.8
3512,CA-2015-166863,73,711,302,2015-06-20,Standard Class,2015-06-24,509.488
3513,CA-2018-140326,1546,305,156,2018-09-04,First Class,2018-09-06,825.174
3514,CA-2018-140326,957,305,156,2018-09-04,First Class,2018-09-06,17.76
3515,CA-2018-140326,131,305,156,2018-09-04,First Class,2018-09-06,6.912
3516,CA-2017-168536,177,562,130,2017-12-20,Standard Class,2017-12-24,66.3
3517,US-2017-113649,1013,67,306,2017-08-09,First Class,2017-08-12,30.816
3518,US-2017-113649,1481,67,306,2017-08-09,First Class,2017-08-12,44.784
3519,US-2017-113649,160,67,306,2017-08-09,First Class,2017-08-12,569.536
3520,CA-2016-124975,1338,676,174,2016-06-22,First Class,2016-06-25,796.425
3521,CA-2016-168767,386,679,379,2016-04-10,Standard Class,2016-04-15,12.832
3522,CA-2017-114482,372,665,194,2017-11-21,Second Class,2017-11-25,40.46
3523,CA-2017-114482,234,665,194,2017-11-21,Second Class,2017-11-25,404.94
3524,CA-2017-137673,175,505,189,2017-09-05,Standard Class,2017-09-10,116.0
3525,CA-2017-132731,1547,655,177,2017-11-24,Standard Class,2017-11-28,657.552
3526,CA-2018-148922,652,712,130,2018-12-10,Second Class,2018-12-15,599.97
3527,CA-2018-148922,781,712,130,2018-12-10,Second Class,2018-12-15,38.97
3528,CA-2018-148922,1548,712,130,2018-12-10,Second Class,2018-12-15,45.84
3529,CA-2017-130680,1379,218,143,2017-06-24,Standard Class,2017-06-29,38.24
3530,CA-2016-141145,478,592,415,2016-09-17,Standard Class,2016-09-23,87.168
3531,US-2017-152835,19,533,377,2017-05-19,Standard Class,2017-05-23,21.4
3532,CA-2017-155565,134,554,46,2017-05-28,Same Day,2017-05-28,54.9
3533,CA-2015-110849,1549,253,14,2015-04-18,Standard Class,2015-04-23,287.968
3534,CA-2015-110849,837,253,14,2015-04-18,Standard Class,2015-04-23,13.12
3535,CA-2015-110849,1540,253,14,2015-04-18,Standard Class,2015-04-23,10.75
3536,CA-2015-110849,196,253,14,2015-04-18,Standard Class,2015-04-23,11.62
3537,CA-2017-145842,1034,249,24,2017-06-17,Second Class,2017-06-20,40.74
3538,CA-2015-158771,18,116,1,2015-05-09,Same Day,2015-05-09,83.25
3539,CA-2015-158771,1043,116,1,2015-05-09,Same Day,2015-05-09,9.45
3540,CA-2015-158771,1009,116,1,2015-05-09,Same Day,2015-05-09,20.65
3541,CA-2015-158771,1077,116,1,2015-05-09,Same Day,2015-05-09,45.36
3542,CA-2017-157511,1349,278,48,2017-09-18,First Class,2017-09-20,5.352
3543,CA-2017-157511,475,278,48,2017-09-18,First Class,2017-09-20,99.372
3544,CA-2017-157511,1217,278,48,2017-09-18,First Class,2017-09-20,2.672
3545,CA-2018-121216,1057,463,357,2018-12-23,Second Class,2018-12-25,28.672
3546,CA-2018-121216,1550,463,357,2018-12-23,Second Class,2018-12-25,29.312
3547,CA-2018-155292,465,280,127,2018-10-30,First Class,2018-11-01,105.98
3548,CA-2018-155292,355,280,127,2018-10-30,First Class,2018-11-01,35.06
3549,CA-2018-155292,1273,280,127,2018-10-30,First Class,2018-11-01,33.94
3550,CA-2018-155292,1551,280,127,2018-10-30,First Class,2018-11-01,30.0
3551,CA-2017-152555,1238,468,156,2017-03-29,Second Class,2017-04-02,45.528
3552,CA-2017-152555,229,468,156,2017-03-29,Second Class,2017-04-02,844.116
3553,CA-2017-152555,144,468,156,2017-03-29,Second Class,2017-04-02,812.736
3554,CA-2018-107832,445,396,75,2018-11-23,Second Class,2018-11-26,7.476
3555,CA-2015-120838,547,23,2,2015-03-23,Second Class,2015-03-26,330.4
3556,CA-2015-120838,1552,23,2,2015-03-23,Second Class,2015-03-26,604.752
3557,CA-2018-118542,833,143,142,2018-12-01,Standard Class,2018-12-05,45.36
3558,CA-2018-118542,859,143,142,2018-12-01,Standard Class,2018-12-05,10.128
3559,CA-2018-152737,1283,701,35,2018-11-07,Standard Class,2018-11-12,21.792
3560,CA-2018-152737,990,701,35,2018-11-07,Standard Class,2018-11-12,439.8
3561,CA-2018-109757,680,199,76,2018-09-04,Second Class,2018-09-09,8.256
3562,CA-2018-109757,823,199,76,2018-09-04,Second Class,2018-09-09,25.56
3563,CA-2018-109757,25,199,76,2018-09-04,Second Class,2018-09-09,4.368
3564,CA-2018-109757,1553,199,76,2018-09-04,Second Class,2018-09-09,11.52
3565,CA-2017-130029,1554,151,14,2017-07-03,First Class,2017-07-06,12.96
3566,CA-2017-130029,1080,151,14,2017-07-03,First Class,2017-07-06,3.96
3567,CA-2018-103877,116,373,54,2018-09-07,Standard Class,2018-09-14,1577.94
3568,CA-2017-137176,1442,627,78,2017-09-09,Second Class,2017-09-14,15.008
3569,CA-2018-168109,247,83,60,2018-07-03,Same Day,2018-07-03,59.98
3570,CA-2018-168109,207,83,60,2018-07-03,Same Day,2018-07-03,2395.2
3571,CA-2018-168109,696,83,60,2018-07-03,Same Day,2018-07-03,1687.8
3572,CA-2018-168109,313,83,60,2018-07-03,Same Day,2018-07-03,7.992
3573,US-2018-126081,645,713,351,2018-06-29,Standard Class,2018-07-04,5.184
3574,CA-2018-117023,242,528,255,2018-08-07,Standard Class,2018-08-12,11.68
3575,CA-2018-117023,1555,528,255,2018-08-07,Standard Class,2018-08-12,104.8
3576,CA-2016-143532,671,420,451,2016-03-19,Standard Class,2016-03-24,14.496
3577,CA-2017-103163,571,87,410,2017-06-07,Standard Class,2017-06-11,4.784
3578,CA-2017-103163,205,87,410,2017-06-07,Standard Class,2017-06-11,4.73
3579,CA-2017-104157,1556,364,130,2017-07-25,Standard Class,2017-07-29,7.89
3580,CA-2017-104157,1403,364,130,2017-07-25,Standard Class,2017-07-29,65.5
3581,CA-2017-104157,336,364,130,2017-07-25,Standard Class,2017-07-29,2430.08
3582,CA-2018-117807,922,55,11,2018-10-01,Standard Class,2018-10-07,104.85
3583,CA-2016-121650,131,471,31,2016-12-10,Standard Class,2016-12-16,3.9
3584,CA-2016-121650,1383,471,31,2016-12-10,Standard Class,2016-12-16,801.96
3585,CA-2016-121650,993,471,31,2016-12-10,Standard Class,2016-12-16,191.96
3586,CA-2016-121650,710,471,31,2016-12-10,Standard Class,2016-12-16,2.61
3587,CA-2018-161823,80,637,35,2018-09-03,Standard Class,2018-09-08,5.96
3588,CA-2018-121839,1149,415,403,2018-09-24,Standard Class,2018-09-28,1169.694
3589,CA-2018-158729,466,550,299,2018-12-19,First Class,2018-12-21,1665.62
3590,CA-2018-146535,615,87,127,2018-11-24,Standard Class,2018-11-30,2.88
3591,CA-2018-146535,773,87,127,2018-11-24,Standard Class,2018-11-30,1443.96
3592,CA-2015-154186,504,268,33,2015-12-13,Second Class,2015-12-15,2.92
3593,CA-2017-108434,1450,507,24,2017-12-05,Second Class,2017-12-07,465.18
3594,CA-2017-164154,445,126,214,2017-09-11,Standard Class,2017-09-17,22.428
3595,CA-2017-164154,1191,126,214,2017-09-11,Standard Class,2017-09-17,37.52
3596,CA-2018-148012,347,367,106,2018-12-09,Standard Class,2018-12-15,2.624
3597,CA-2015-102869,740,96,12,2015-09-09,Second Class,2015-09-14,15.552
3598,CA-2015-102869,1557,96,12,2015-09-09,Second Class,2015-09-14,64.704
3599,CA-2015-102869,1028,96,12,2015-09-09,Second Class,2015-09-14,17.472
3600,CA-2015-102869,945,96,12,2015-09-09,Second Class,2015-09-14,135.516
3601,CA-2018-138310,877,414,77,2018-06-26,Standard Class,2018-06-30,431.928
3602,CA-2015-159835,566,714,106,2015-11-17,Standard Class,2015-11-24,12.448
3603,CA-2015-159835,500,714,106,2015-11-17,Standard Class,2015-11-24,657.93
3604,CA-2018-112956,448,275,210,2018-08-21,Standard Class,2018-08-27,277.4
3605,CA-2018-112956,981,275,210,2018-08-21,Standard Class,2018-08-27,25.16
3606,CA-2018-112956,936,275,210,2018-08-21,Standard Class,2018-08-27,91.92
3607,CA-2017-119683,707,243,24,2017-03-12,Second Class,2017-03-16,29.34
3608,CA-2015-163559,921,462,46,2015-09-23,Second Class,2015-09-28,139.44
3609,CA-2015-140228,746,335,56,2015-04-28,Standard Class,2015-05-03,6.912
3610,CA-2015-140228,1012,335,56,2015-04-28,Standard Class,2015-05-03,27.096
3611,CA-2015-140228,1440,335,56,2015-04-28,Standard Class,2015-05-03,177.568
3612,US-2017-131674,1313,715,163,2017-11-29,Second Class,2017-12-01,58.416
3613,CA-2016-110093,1537,438,64,2016-12-03,Standard Class,2016-12-08,16.448
3614,CA-2016-110093,44,438,64,2016-12-03,Standard Class,2016-12-08,36.784
3615,CA-2018-112529,976,35,66,2018-11-19,First Class,2018-11-21,718.116
3616,CA-2018-112529,1069,35,66,2018-11-19,First Class,2018-11-21,31.776
3617,CA-2017-154536,49,210,75,2017-09-05,Standard Class,2017-09-09,9.555
3618,CA-2018-141929,570,268,26,2018-09-04,Standard Class,2018-09-08,487.984
3619,CA-2018-141929,1092,268,26,2018-09-04,Standard Class,2018-09-08,5.56
3620,CA-2018-141929,124,268,26,2018-09-04,Standard Class,2018-09-08,217.85
3621,CA-2017-109743,1386,65,297,2017-09-22,Standard Class,2017-09-29,40.776
3622,CA-2017-109743,1558,65,297,2017-09-22,Standard Class,2017-09-29,63.936
3623,CA-2015-159184,1147,548,257,2015-09-14,Standard Class,2015-09-19,142.4
3624,CA-2015-159184,176,548,257,2015-09-14,Standard Class,2015-09-19,7.16
3625,CA-2018-113530,475,605,10,2018-05-19,Second Class,2018-05-21,681.408
3626,CA-2018-113530,1040,605,10,2018-05-19,Second Class,2018-05-21,3.52
3627,CA-2018-113530,312,605,10,2018-05-19,Second Class,2018-05-21,5.58
3628,CA-2018-113530,478,605,10,2018-05-19,Second Class,2018-05-21,36.32
3629,CA-2015-169726,1499,99,6,2015-08-09,Standard Class,2015-08-13,2060.744
3630,CA-2018-155957,1113,567,48,2018-11-26,Standard Class,2018-11-30,52.272
3631,CA-2018-155957,514,567,48,2018-11-26,Standard Class,2018-11-30,213.136
3632,CA-2018-132178,1157,716,26,2018-05-03,Second Class,2018-05-08,69.52
3633,CA-2018-132178,622,716,26,2018-05-03,Second Class,2018-05-08,763.44
3634,CA-2017-145177,746,453,158,2017-11-10,Standard Class,2017-11-14,9.216
3635,CA-2017-145177,434,453,158,2017-11-10,Standard Class,2017-11-14,41.958
3636,CA-2017-145177,1559,453,158,2017-11-10,Standard Class,2017-11-14,89.568
3637,CA-2017-145177,1287,453,158,2017-11-10,Standard Class,2017-11-14,22.248
3638,CA-2017-145177,550,453,158,2017-11-10,Standard Class,2017-11-14,334.88
3639,CA-2017-145177,1093,453,158,2017-11-10,Standard Class,2017-11-14,148.288
3640,CA-2017-145177,875,453,158,2017-11-10,Standard Class,2017-11-14,4.624
3641,CA-2017-145177,1366,453,158,2017-11-10,Standard Class,2017-11-14,178.92
3642,CA-2017-145177,1198,453,158,2017-11-10,Standard Class,2017-11-14,69.888
3643,CA-2015-156594,570,267,142,2015-12-20,Second Class,2015-12-23,487.984
3644,CA-2015-156594,1560,267,142,2015-12-20,Second Class,2015-12-23,47.3
3645,CA-2015-156594,1561,267,142,2015-12-20,Second Class,2015-12-23,4.13
3646,CA-2015-156594,1562,267,142,2015-12-20,Second Class,2015-12-23,155.12
3647,CA-2015-146528,728,666,63,2015-07-25,Second Class,2015-07-27,6.48
3648,CA-2015-146528,1563,666,63,2015-07-25,Second Class,2015-07-27,15.52
3649,CA-2016-168459,697,508,32,2016-11-22,Standard Class,2016-11-27,2.946
3650,CA-2016-168459,272,508,32,2016-11-22,Standard Class,2016-11-27,55.104
3651,CA-2018-109960,1564,204,152,2018-12-09,Second Class,2018-12-11,104.88
3652,CA-2018-109960,925,204,152,2018-12-09,Second Class,2018-12-11,34.7
3653,CA-2018-109960,675,204,152,2018-12-09,Second Class,2018-12-11,33.72
3654,CA-2018-109960,812,204,152,2018-12-09,Second Class,2018-12-11,14.94
3655,CA-2018-133004,555,220,452,2018-08-31,Standard Class,2018-09-05,638.73
3656,CA-2018-168102,1044,292,134,2018-04-24,Standard Class,2018-04-30,113.568
3657,CA-2018-158036,1565,588,83,2018-09-08,Standard Class,2018-09-14,9.096
3658,CA-2016-128083,136,495,453,2016-03-12,Standard Class,2016-03-17,8.688
3659,CA-2016-128083,77,495,453,2016-03-12,Standard Class,2016-03-17,30.88
3660,CA-2016-128083,1566,495,453,2016-03-12,Standard Class,2016-03-17,6.408
3661,CA-2017-161676,1567,688,276,2017-07-18,Standard Class,2017-07-23,33.8
3662,CA-2017-155005,1552,338,31,2017-06-13,Second Class,2017-06-15,377.97
3663,US-2018-129777,1114,87,359,2018-07-03,Standard Class,2018-07-09,258.9
3664,US-2018-129777,315,87,359,2018-07-03,Standard Class,2018-07-09,24.56
3665,CA-2015-129364,640,622,161,2015-12-08,Standard Class,2015-12-13,27.888
3666,CA-2015-129364,637,622,161,2015-12-08,Standard Class,2015-12-13,6.456
3667,CA-2015-129364,1514,622,161,2015-12-08,Standard Class,2015-12-13,52.68
3668,CA-2015-129364,1568,622,161,2015-12-08,Standard Class,2015-12-13,13.88
3669,CA-2015-129364,1422,622,161,2015-12-08,Standard Class,2015-12-13,103.92
3670,CA-2015-129364,1569,622,161,2015-12-08,Standard Class,2015-12-13,11.52
3671,CA-2015-129364,56,622,161,2015-12-08,Standard Class,2015-12-13,10.368
3672,CA-2015-129364,1570,622,161,2015-12-08,Standard Class,2015-12-13,39.072
3673,CA-2017-104969,1476,259,412,2017-04-08,Standard Class,2017-04-14,8.872
3674,CA-2017-104969,1081,259,412,2017-04-08,Standard Class,2017-04-14,121.104
3675,CA-2018-154109,1210,587,106,2018-11-06,Standard Class,2018-11-11,127.372
3676,CA-2018-154109,369,587,106,2018-11-06,Standard Class,2018-11-11,47.952
3677,CA-2016-156440,643,589,189,2016-12-05,Standard Class,2016-12-09,44.46
3678,CA-2016-132626,1433,538,235,2016-07-09,Standard Class,2016-07-14,15.8
3679,CA-2016-132626,1521,538,235,2016-07-09,Standard Class,2016-07-14,464.97
3680,CA-2016-132626,270,538,235,2016-07-09,Standard Class,2016-07-14,181.96
3681,CA-2016-132626,1571,538,235,2016-07-09,Standard Class,2016-07-14,12.39
3682,CA-2016-132626,913,538,235,2016-07-09,Standard Class,2016-07-14,84.09
3683,CA-2016-132626,1572,538,235,2016-07-09,Standard Class,2016-07-14,79.36
3684,CA-2016-132626,823,538,235,2016-07-09,Standard Class,2016-07-14,153.36
3685,CA-2016-132626,25,538,235,2016-07-09,Standard Class,2016-07-14,43.68
3686,CA-2016-132626,769,538,235,2016-07-09,Standard Class,2016-07-14,98.21
3687,CA-2017-102792,347,210,216,2017-12-13,Standard Class,2017-12-19,9.84
3688,CA-2017-108567,308,204,454,2017-05-20,Standard Class,2017-05-24,2.694
3689,CA-2018-140760,219,158,155,2018-06-02,Second Class,2018-06-05,25.344
3690,CA-2018-140760,599,158,155,2018-06-02,Second Class,2018-06-05,43.92
3691,US-2016-131359,1314,136,77,2016-10-30,Second Class,2016-11-02,59.994
3692,US-2016-131359,1573,136,77,2016-10-30,Second Class,2016-11-02,439.992
3693,US-2016-131359,723,136,77,2016-10-30,Second Class,2016-11-02,87.96
3694,US-2016-131359,1574,136,77,2016-10-30,Second Class,2016-11-02,15.488
3695,CA-2017-142097,1198,426,29,2017-10-15,Standard Class,2017-10-20,232.96
3696,CA-2017-142097,1476,426,29,2017-10-15,Standard Class,2017-10-20,66.54
3697,CA-2017-142097,337,426,29,2017-10-15,Standard Class,2017-10-20,43.26
3698,CA-2016-151680,1461,680,61,2016-11-19,Second Class,2016-11-21,141.96
3699,CA-2015-140039,1575,22,286,2015-09-13,Standard Class,2015-09-17,79.4
3700,CA-2018-160416,375,58,232,2018-11-13,Second Class,2018-11-18,163.96
3701,CA-2018-169411,768,557,145,2018-12-24,Standard Class,2018-12-29,37.93
3702,CA-2017-126543,1463,717,214,2017-01-09,Second Class,2017-01-13,15.168
3703,CA-2016-104941,1561,705,34,2016-06-13,Standard Class,2016-06-19,24.78
3704,CA-2016-104941,1207,705,34,2016-06-13,Standard Class,2016-06-19,19.14
3705,CA-2016-104941,852,705,34,2016-06-13,Standard Class,2016-06-19,899.97
3706,CA-2016-104941,1542,705,34,2016-06-13,Standard Class,2016-06-19,32.4
3707,CA-2018-160087,1069,634,78,2018-03-18,Standard Class,2018-03-22,23.832
3708,CA-2015-120544,741,165,351,2015-11-23,Standard Class,2015-11-27,6.368
3709,CA-2015-120544,1052,165,351,2015-11-23,Standard Class,2015-11-27,34.176
3710,CA-2015-120544,1426,165,351,2015-11-23,Standard Class,2015-11-27,5.544
3711,CA-2018-113670,215,277,63,2018-10-15,First Class,2018-10-17,510.24
3712,CA-2018-113670,1128,277,63,2018-10-15,First Class,2018-10-17,204.95
3713,CA-2018-166198,1576,528,6,2018-04-21,First Class,2018-04-24,11.54
3714,CA-2018-166198,798,528,6,2018-04-21,First Class,2018-04-24,162.6
3715,CA-2015-135608,601,601,225,2015-12-08,Second Class,2015-12-10,45.68
3716,CA-2015-135608,292,601,225,2015-12-08,Second Class,2015-12-10,603.92
3717,CA-2018-144568,1218,271,199,2018-05-29,Standard Class,2018-06-02,23.55
3718,CA-2017-142370,1577,237,113,2017-09-19,Standard Class,2017-09-23,5.04
3719,CA-2017-142370,1136,237,113,2017-09-19,Standard Class,2017-09-23,249.95
3720,CA-2017-105900,159,30,135,2017-09-17,Standard Class,2017-09-23,33.4
3721,CA-2017-151155,284,438,130,2017-12-20,Standard Class,2017-12-24,18.92
3722,CA-2017-151155,9,438,130,2017-12-20,Standard Class,2017-12-24,15.42
3723,CA-2018-144036,312,384,33,2018-11-22,Standard Class,2018-11-26,35.712
3724,US-2015-169789,1499,717,52,2015-12-30,Standard Class,2016-01-04,551.985
3725,CA-2018-127264,426,194,156,2018-04-03,First Class,2018-04-05,7.056
3726,CA-2017-151512,1268,65,77,2017-12-26,Standard Class,2018-01-02,18.72
3727,CA-2017-165169,735,539,285,2017-06-05,Standard Class,2017-06-11,360.38
3728,CA-2017-165169,312,539,285,2017-06-05,Standard Class,2017-06-11,11.16
3729,CA-2017-165169,1509,539,285,2017-06-05,Standard Class,2017-06-11,14.94
3730,CA-2016-109575,1019,176,235,2016-09-18,Standard Class,2016-09-23,41.96
3731,CA-2016-109575,73,176,235,2016-09-18,Standard Class,2016-09-23,636.86
3732,CA-2016-109575,1578,176,235,2016-09-18,Standard Class,2016-09-23,499.99
3733,CA-2016-109575,1150,176,235,2016-09-18,Standard Class,2016-09-23,1259.93
3734,CA-2016-109575,1527,176,235,2016-09-18,Standard Class,2016-09-23,65.08
3735,CA-2018-168193,146,718,165,2018-03-06,Second Class,2018-03-11,26.38
3736,CA-2018-168193,929,718,165,2018-03-06,Second Class,2018-03-11,71.97
3737,CA-2017-115476,1418,719,285,2017-03-17,Same Day,2017-03-17,129.98
3738,CA-2017-115476,1527,719,285,2017-03-17,Same Day,2017-03-17,32.54
3739,CA-2017-133340,48,110,31,2017-12-09,Standard Class,2017-12-13,10.9
3740,CA-2017-133340,1017,110,31,2017-12-09,Standard Class,2017-12-13,59.98
3741,CA-2017-133340,15,110,31,2017-12-09,Standard Class,2017-12-13,61.929
3742,CA-2017-137848,319,577,165,2017-01-15,Standard Class,2017-01-21,16.52
3743,CA-2017-137848,1284,577,165,2017-01-15,Standard Class,2017-01-21,60.12
3744,CA-2017-137848,341,577,165,2017-01-15,Standard Class,2017-01-21,49.536
3745,CA-2015-113047,1433,276,455,2015-10-24,Same Day,2015-10-24,11.85
3746,CA-2017-149979,393,155,113,2017-09-23,Second Class,2017-09-28,118.25
3747,CA-2017-149979,1266,155,113,2017-09-23,Second Class,2017-09-28,368.97
3748,CA-2018-161956,1072,113,96,2018-08-27,Second Class,2018-08-29,198.46
3749,CA-2018-161956,1430,113,96,2018-08-27,Second Class,2018-08-29,321.92
3750,CA-2018-161956,1573,113,96,2018-08-27,Second Class,2018-08-29,879.984
3751,CA-2018-161956,676,113,96,2018-08-27,Second Class,2018-08-29,28.4
3752,CA-2018-161956,371,113,96,2018-08-27,Second Class,2018-08-29,230.28
3753,CA-2018-161956,969,113,96,2018-08-27,Second Class,2018-08-29,116.28
3754,CA-2018-161956,116,113,96,2018-08-27,Second Class,2018-08-29,841.568
3755,CA-2018-161956,1044,113,96,2018-08-27,Second Class,2018-08-29,354.9
3756,CA-2017-116799,828,685,456,2017-03-03,First Class,2017-03-06,42.784
3757,CA-2017-116799,1579,685,456,2017-03-03,First Class,2017-03-06,563.43
3758,CA-2017-111283,1501,49,56,2017-02-28,Standard Class,2017-03-04,111.104
3759,CA-2016-167745,242,335,14,2016-09-18,Standard Class,2016-09-23,11.68
3760,CA-2016-167745,1567,335,14,2016-09-18,Standard Class,2016-09-23,16.9
3761,CA-2016-167745,1123,335,14,2016-09-18,Standard Class,2016-09-23,24.4
3762,CA-2018-104577,162,238,289,2018-05-12,Standard Class,2018-05-17,87.6
3763,CA-2017-156251,431,379,457,2017-08-13,Second Class,2017-08-18,241.96
3764,CA-2017-156251,799,379,457,2017-08-13,Second Class,2017-08-18,8.52
3765,CA-2018-125878,99,660,37,2018-02-25,Standard Class,2018-03-02,1.788
3766,CA-2017-163153,1170,679,67,2017-03-21,Standard Class,2017-03-25,99.372
3767,CA-2017-163153,60,679,67,2017-03-21,Standard Class,2017-03-25,1.344
3768,CA-2016-103205,174,343,67,2016-12-08,Second Class,2016-12-10,119.96
3769,CA-2015-153913,1154,11,187,2015-12-16,Second Class,2015-12-20,1013.832
3770,CA-2015-153913,311,11,187,2015-12-16,Second Class,2015-12-20,1.984
3771,CA-2017-155530,490,381,35,2017-12-17,Standard Class,2017-12-21,2003.52
3772,US-2017-101196,233,525,12,2017-05-12,Standard Class,2017-05-17,82.368
3773,CA-2015-115357,918,289,38,2015-08-06,Second Class,2015-08-11,62.91
3774,US-2015-102715,1580,272,124,2015-04-11,Second Class,2015-04-13,6.912
3775,US-2015-102715,266,272,124,2015-04-11,Second Class,2015-04-13,383.976
3776,US-2015-102715,816,272,124,2015-04-11,Second Class,2015-04-13,10.368
3777,US-2015-102715,1581,272,124,2015-04-11,Second Class,2015-04-13,335.944
3778,CA-2016-107937,1320,675,458,2016-05-03,Standard Class,2016-05-08,665.88
3779,US-2018-148768,994,44,124,2018-11-30,Second Class,2018-12-02,71.976
3780,CA-2018-118521,424,167,46,2018-02-16,Standard Class,2018-02-20,37.94
3781,CA-2015-149643,1076,564,459,2015-11-16,Standard Class,2015-11-20,273.96
3782,CA-2016-135314,1335,431,75,2016-07-09,Second Class,2016-07-14,269.982
3783,CA-2018-165204,1102,439,32,2018-11-13,Second Class,2018-11-16,8.904
3784,CA-2018-165204,907,439,32,2018-11-13,Second Class,2018-11-16,720.064
3785,CA-2018-125752,1114,259,3,2018-07-31,Standard Class,2018-08-04,41.424
3786,CA-2018-112487,1582,427,48,2018-12-26,Standard Class,2018-12-30,3.132
3787,CA-2017-144218,1450,64,63,2017-10-31,Standard Class,2017-11-04,1085.42
3788,CA-2017-169971,283,583,17,2017-09-04,Standard Class,2017-09-09,3.912
3789,CA-2017-169971,1063,583,17,2017-09-04,Standard Class,2017-09-09,62.376
3790,US-2017-133508,196,681,199,2017-04-17,Standard Class,2017-04-21,29.05
3791,CA-2015-107139,444,504,26,2015-07-05,Standard Class,2015-07-11,180.96
3792,CA-2016-111325,186,388,460,2016-02-27,First Class,2016-02-28,4.419
3793,CA-2016-111325,1217,388,460,2016-02-27,First Class,2016-02-28,16.032
3794,CA-2016-163762,1069,189,24,2016-11-27,Standard Class,2016-12-01,29.79
3795,US-2015-117163,1278,720,89,2015-01-27,Standard Class,2015-02-02,57.23
3796,US-2015-117163,1583,720,89,2015-01-27,Standard Class,2015-02-02,333.0
3797,US-2015-117163,1584,720,89,2015-01-27,Standard Class,2015-02-02,36.44
3798,CA-2018-121314,657,649,328,2018-09-23,First Class,2018-09-26,251.64
3799,CA-2018-147760,310,127,307,2018-11-04,First Class,2018-11-05,523.764
3800,CA-2018-147760,1195,127,307,2018-11-04,First Class,2018-11-05,1359.96
3801,CA-2017-156503,1585,721,223,2017-10-14,Standard Class,2017-10-20,102.592
3802,CA-2017-156503,722,721,223,2017-10-14,Standard Class,2017-10-20,22.704
3803,CA-2017-156503,1414,721,223,2017-10-14,Standard Class,2017-10-20,93.024
3804,CA-2017-156503,1445,721,223,2017-10-14,Standard Class,2017-10-20,12.768
3805,CA-2017-156503,467,721,223,2017-10-14,Standard Class,2017-10-20,35.008
3806,CA-2017-156503,127,721,223,2017-10-14,Standard Class,2017-10-20,39.152
3807,CA-2016-113628,455,707,453,2016-11-12,Standard Class,2016-11-19,11.76
3808,CA-2016-113628,45,707,453,2016-11-12,Standard Class,2016-11-19,5.238
3809,CA-2016-113628,1473,707,453,2016-11-12,Standard Class,2016-11-19,4.662
3810,CA-2016-113628,1586,707,453,2016-11-12,Standard Class,2016-11-19,523.92
3811,CA-2016-113628,1067,707,453,2016-11-12,Standard Class,2016-11-19,100.792
3812,CA-2016-113628,213,707,453,2016-11-12,Standard Class,2016-11-19,146.136
3813,CA-2018-147753,1587,8,202,2018-03-05,Same Day,2018-03-05,25.06
3814,CA-2016-103961,618,160,117,2016-11-05,Standard Class,2016-11-09,19.824
3815,CA-2017-152471,1165,10,134,2017-07-08,Same Day,2017-07-08,823.96
3816,CA-2017-152471,113,10,134,2017-07-08,Same Day,2017-07-08,15.984
3817,CA-2016-102582,1383,509,272,2016-09-15,Standard Class,2016-09-19,801.96
3818,CA-2016-102582,1432,509,272,2016-09-15,Standard Class,2016-09-19,59.97
3819,CA-2016-102582,532,509,272,2016-09-15,Standard Class,2016-09-19,1056.86
3820,CA-2018-141873,881,669,24,2018-10-09,Standard Class,2018-10-14,12.816
3821,CA-2018-141873,1220,669,24,2018-10-09,Standard Class,2018-10-14,314.352
3822,CA-2018-141873,1588,669,24,2018-10-09,Standard Class,2018-10-14,18.98
3823,CA-2018-141873,1470,669,24,2018-10-09,Standard Class,2018-10-14,18.24
3824,CA-2016-140984,547,531,165,2016-09-14,Standard Class,2016-09-18,991.2
3825,CA-2016-140984,1573,531,165,2016-09-14,Standard Class,2016-09-18,879.984
3826,CA-2016-140984,752,531,165,2016-09-14,Standard Class,2016-09-18,12.96
3827,CA-2015-132801,231,190,163,2015-10-07,Standard Class,2015-10-12,107.44
3828,CA-2018-141733,285,460,152,2018-05-07,Standard Class,2018-05-11,1458.65
3829,CA-2018-141733,1392,460,152,2018-05-07,Standard Class,2018-05-11,26.64
3830,CA-2018-141733,468,460,152,2018-05-07,Standard Class,2018-05-11,476.8
3831,CA-2018-141733,536,460,152,2018-05-07,Standard Class,2018-05-11,87.444
3832,US-2016-111927,217,722,22,2016-11-14,Standard Class,2016-11-19,76.14
3833,US-2016-111927,1231,722,22,2016-11-14,Standard Class,2016-11-19,19.96
3834,CA-2015-105984,755,502,48,2015-11-24,Same Day,2015-11-24,1049.97
3835,CA-2015-105984,1004,502,48,2015-11-24,Same Day,2015-11-24,611.058
3836,CA-2015-100363,1085,488,276,2015-04-08,Standard Class,2015-04-15,2.368
3837,CA-2015-100363,1589,488,276,2015-04-08,Standard Class,2015-04-15,19.008
3838,CA-2015-126760,433,28,283,2015-07-26,Standard Class,2015-08-02,911.984
3839,CA-2015-126760,300,28,283,2015-07-26,Standard Class,2015-08-02,674.352
3840,CA-2015-126760,944,28,283,2015-07-26,Standard Class,2015-08-02,134.01
3841,CA-2015-126760,1590,28,283,2015-07-26,Standard Class,2015-08-02,170.97
3842,US-2015-109162,475,723,49,2015-06-08,Standard Class,2015-06-12,170.352
3843,CA-2015-101931,308,478,14,2015-10-28,First Class,2015-10-31,7.184
3844,CA-2015-101931,1591,478,14,2015-10-28,First Class,2015-10-31,6.28
3845,CA-2015-101931,263,478,14,2015-10-28,First Class,2015-10-31,480.74
3846,CA-2015-101931,431,478,14,2015-10-28,First Class,2015-10-31,616.998
3847,CA-2015-101931,87,478,14,2015-10-28,First Class,2015-10-31,141.4
3848,CA-2018-129000,750,450,131,2018-11-25,Second Class,2018-11-27,501.81
3849,CA-2018-161053,1592,33,146,2018-09-22,First Class,2018-09-23,691.96
3850,CA-2018-161053,61,33,146,2018-09-22,First Class,2018-09-23,34.95
3851,CA-2016-142377,315,100,334,2016-12-04,Standard Class,2016-12-09,85.96
3852,CA-2016-127593,102,724,359,2016-09-21,Same Day,2016-09-21,85.3
3853,CA-2018-130526,302,151,229,2018-11-26,First Class,2018-11-29,33.568
3854,US-2018-131849,1593,690,35,2018-06-06,Standard Class,2018-06-10,4.95
3855,US-2018-131849,1506,690,35,2018-06-06,Standard Class,2018-06-10,26.4
3856,US-2018-105389,991,662,66,2018-10-23,Second Class,2018-10-28,3.564
3857,US-2018-105389,1165,662,66,2018-10-23,Second Class,2018-10-28,823.96
3858,US-2018-105389,1006,662,66,2018-10-23,Second Class,2018-10-28,10.272
3859,CA-2015-140816,1594,647,461,2015-12-20,Same Day,2015-12-20,447.944
3860,CA-2018-154039,856,452,156,2018-02-17,Standard Class,2018-02-22,480.96
3861,CA-2018-154039,1595,452,156,2018-02-17,Standard Class,2018-02-22,124.792
3862,CA-2015-135755,1596,721,232,2015-05-03,Standard Class,2015-05-10,40.176
3863,CA-2015-135755,110,721,232,2015-05-03,Standard Class,2015-05-10,10.896
3864,CA-2018-123246,1597,196,89,2018-10-17,Second Class,2018-10-19,10.64
3865,CA-2016-157133,1598,63,462,2016-11-28,Standard Class,2016-12-03,151.96
3866,CA-2015-124709,1201,544,35,2015-07-27,Second Class,2015-07-29,238.0
3867,CA-2018-146360,1114,254,452,2018-04-23,Second Class,2018-04-25,155.34
3868,CA-2016-132486,679,283,189,2016-10-23,Second Class,2016-10-27,148.32
3869,CA-2016-132486,1497,283,189,2016-10-23,Second Class,2016-10-27,240.784
3870,CA-2016-132486,878,283,189,2016-10-23,Second Class,2016-10-27,191.968
3871,CA-2016-132486,610,283,189,2016-10-23,Second Class,2016-10-27,11.56
3872,CA-2016-132486,112,283,189,2016-10-23,Second Class,2016-10-27,11.8
3873,CA-2016-132486,1132,283,189,2016-10-23,Second Class,2016-10-27,842.352
3874,CA-2017-136231,707,662,340,2017-09-05,Second Class,2017-09-07,23.472
3875,CA-2017-136231,801,662,340,2017-09-05,Second Class,2017-09-07,86.058
3876,CA-2017-136231,705,662,340,2017-09-05,Second Class,2017-09-07,108.784
3877,CA-2017-136231,1451,662,340,2017-09-05,Second Class,2017-09-07,10.272
3878,CA-2017-140641,987,213,86,2017-10-28,Standard Class,2017-11-02,38.19
3879,CA-2015-151001,171,190,68,2015-04-05,First Class,2015-04-07,49.632
3880,CA-2015-151001,1570,190,68,2015-04-05,First Class,2015-04-07,52.096
3881,CA-2016-129896,1358,725,28,2016-06-15,Standard Class,2016-06-20,9.568
3882,CA-2016-129896,233,725,28,2016-06-15,Standard Class,2016-06-20,82.368
3883,CA-2016-129896,1598,725,28,2016-06-15,Standard Class,2016-06-20,364.704
3884,CA-2016-129896,1599,725,28,2016-06-15,Standard Class,2016-06-20,40.256
3885,CA-2015-152849,7,695,365,2015-07-05,Standard Class,2015-07-12,4.368
3886,US-2018-127341,281,243,156,2018-01-29,Standard Class,2018-02-02,12.128
3887,CA-2017-167759,1518,114,463,2017-03-03,Second Class,2017-03-08,134.85
3888,CA-2015-100895,1254,648,236,2015-06-02,Standard Class,2015-06-06,8.56
3889,CA-2015-100895,517,648,236,2015-06-02,Standard Class,2015-06-06,239.97
3890,CA-2015-100895,519,648,236,2015-06-02,Standard Class,2015-06-06,356.94
3891,US-2017-163881,765,134,2,2017-11-24,Standard Class,2017-11-30,659.9
3892,US-2017-163881,655,134,2,2017-11-24,Standard Class,2017-11-30,1684.752
3893,US-2017-163881,1510,134,2,2017-11-24,Standard Class,2017-11-30,559.92
3894,US-2017-144547,649,475,67,2017-11-10,Standard Class,2017-11-14,279.944
3895,US-2015-112200,1231,680,431,2015-11-22,Standard Class,2015-11-28,9.98
3896,CA-2018-110212,1600,320,464,2018-05-01,Standard Class,2018-05-05,48.9
3897,CA-2018-134285,1085,104,66,2018-12-07,Standard Class,2018-12-12,3.552
3898,CA-2018-134285,89,104,66,2018-12-07,Standard Class,2018-12-12,15.552
3899,CA-2018-102267,1085,562,465,2018-11-30,Standard Class,2018-12-04,2.368
3900,CA-2018-157980,429,130,214,2018-12-07,First Class,2018-12-09,127.984
3901,CA-2016-121097,290,246,466,2016-01-03,Standard Class,2016-01-08,10.368
3902,CA-2016-151043,1601,68,106,2016-11-14,Standard Class,2016-11-20,47.984
3903,US-2016-119312,1221,38,63,2016-10-02,Second Class,2016-10-07,270.34
3904,CA-2016-167010,1298,726,106,2016-04-05,Standard Class,2016-04-10,98.112
3905,CA-2016-167010,719,726,106,2016-04-05,Standard Class,2016-04-10,563.808
3906,CA-2016-167010,845,726,106,2016-04-05,Standard Class,2016-04-10,10.428
3907,CA-2016-167010,1305,726,106,2016-04-05,Standard Class,2016-04-10,547.136
3908,CA-2016-167010,501,726,106,2016-04-05,Standard Class,2016-04-10,14.85
3909,CA-2016-167010,105,726,106,2016-04-05,Standard Class,2016-04-10,41.988
3910,CA-2016-167010,1184,726,106,2016-04-05,Standard Class,2016-04-10,7.584
3911,CA-2016-167010,1602,726,106,2016-04-05,Standard Class,2016-04-10,352.45
3912,CA-2018-126788,1603,456,435,2018-06-05,First Class,2018-06-06,470.376
3913,CA-2018-148068,989,153,46,2018-09-18,Standard Class,2018-09-25,19.44
3914,CA-2018-148068,876,153,46,2018-09-18,Standard Class,2018-09-25,9.82
3915,US-2018-142573,856,587,52,2018-07-18,Standard Class,2018-07-23,801.6
3916,US-2018-142573,39,587,52,2018-07-18,Standard Class,2018-07-23,161.568
3917,US-2018-142573,1604,587,52,2018-07-18,Standard Class,2018-07-23,16.096
3918,US-2018-142573,850,587,52,2018-07-18,Standard Class,2018-07-23,7.656
3919,US-2018-142573,71,587,52,2018-07-18,Standard Class,2018-07-23,311.976
3920,US-2016-148817,422,471,337,2016-12-01,Standard Class,2016-12-07,61.68
3921,US-2016-148817,1400,471,337,2016-12-01,Standard Class,2016-12-07,63.96
3922,CA-2017-110044,1502,289,27,2017-06-28,Second Class,2017-07-02,359.976
3923,CA-2018-146920,219,254,37,2018-08-28,Standard Class,2018-09-01,25.344
3924,CA-2018-146920,1605,254,37,2018-08-28,Standard Class,2018-09-01,26.72
3925,CA-2015-103940,465,203,6,2015-09-17,Standard Class,2015-09-21,30.28
3926,CA-2015-103940,1221,203,6,2015-09-17,Standard Class,2015-09-21,57.93
3927,CA-2015-103940,1382,203,6,2015-09-17,Standard Class,2015-09-21,35.34
3928,CA-2015-103940,142,203,6,2015-09-17,Standard Class,2015-09-21,137.24
3929,CA-2017-162082,632,366,115,2017-03-14,First Class,2017-03-17,241.332
3930,CA-2017-162082,549,366,115,2017-03-14,First Class,2017-03-17,5.184
3931,CA-2017-162082,1063,366,115,2017-03-14,First Class,2017-03-17,145.544
3932,CA-2017-132094,1606,501,12,2017-08-26,Standard Class,2017-09-02,5.472
3933,CA-2017-132094,1017,501,12,2017-08-26,Standard Class,2017-09-02,47.984
3934,CA-2018-123001,869,498,410,2018-09-02,Standard Class,2018-09-08,9.4
3935,CA-2018-123001,199,498,410,2018-09-02,Standard Class,2018-09-08,74.0
3936,CA-2018-123001,1552,498,410,2018-09-02,Standard Class,2018-09-08,201.584
3937,CA-2016-118955,1607,722,71,2016-06-16,Standard Class,2016-06-20,28.752
3938,CA-2016-118955,753,722,71,2016-06-16,Standard Class,2016-06-20,27.216
3939,CA-2016-118955,902,722,71,2016-06-16,Standard Class,2016-06-20,197.372
3940,US-2017-143448,464,709,467,2017-12-10,Same Day,2017-12-10,1424.9
3941,CA-2018-117863,1028,359,24,2018-05-18,Standard Class,2018-05-23,14.56
3942,CA-2018-117863,537,359,24,2018-05-18,Standard Class,2018-05-23,3.048
3943,CA-2018-160458,779,14,32,2018-05-27,Second Class,2018-05-29,25.92
3944,US-2017-142685,1421,727,250,2017-06-23,Standard Class,2017-06-30,835.17
3945,CA-2017-133144,610,158,2,2017-05-16,Second Class,2017-05-21,17.34
3946,CA-2018-167871,1487,579,240,2018-11-18,Standard Class,2018-11-23,44.384
3947,CA-2018-167871,328,579,240,2018-11-18,Standard Class,2018-11-23,2.944
3948,CA-2017-119963,182,18,90,2017-11-18,Standard Class,2017-11-22,6.368
3949,CA-2017-119963,581,18,90,2017-11-18,Standard Class,2017-11-22,48.848
3950,CA-2017-119963,315,18,90,2017-11-18,Standard Class,2017-11-22,19.648
3951,CA-2017-119963,164,18,90,2017-11-18,Standard Class,2017-11-22,255.108
3952,CA-2015-121167,829,374,265,2015-11-28,Second Class,2015-11-30,17.248
3953,US-2017-151862,1608,22,77,2017-03-01,Standard Class,2017-03-08,159.984
3954,CA-2018-152961,70,184,359,2018-01-15,Standard Class,2018-01-19,12.7
3955,CA-2015-133228,494,385,186,2015-04-04,Standard Class,2015-04-09,5.47
3956,CA-2015-133228,1042,385,186,2015-04-04,Standard Class,2015-04-09,79.36
3957,CA-2017-114951,1257,36,10,2017-06-26,Standard Class,2017-07-03,22.14
3958,CA-2017-156573,1096,182,395,2017-05-29,Standard Class,2017-06-02,11.277
3959,CA-2017-156573,325,182,395,2017-05-29,Standard Class,2017-06-02,4.448
3960,CA-2017-156573,1609,182,395,2017-05-29,Standard Class,2017-06-02,44.76
3961,CA-2016-113901,1207,469,84,2016-10-19,Standard Class,2016-10-24,38.28
3962,CA-2016-113901,994,469,84,2016-10-19,Standard Class,2016-10-24,149.95
3963,CA-2018-134838,1006,526,63,2018-02-19,First Class,2018-02-20,12.84
3964,CA-2018-134838,944,526,63,2018-02-19,First Class,2018-02-20,44.67
3965,CA-2017-120257,1610,618,12,2017-09-22,Standard Class,2017-09-28,7.872
3966,CA-2015-164910,280,665,197,2015-11-12,Second Class,2015-11-17,7.872
3967,CA-2017-149902,667,387,24,2017-04-01,Standard Class,2017-04-06,88.04
3968,CA-2017-146010,613,259,98,2017-05-20,First Class,2017-05-23,40.635
3969,US-2016-163685,176,723,66,2016-06-01,Standard Class,2016-06-05,5.728
3970,US-2016-163685,1611,723,66,2016-06-01,Standard Class,2016-06-05,42.24
3971,CA-2015-135090,1358,728,2,2015-11-22,Standard Class,2015-11-26,53.82
3972,CA-2016-132374,1501,391,423,2016-02-22,Second Class,2016-02-24,79.36
3973,CA-2017-167556,950,50,30,2017-03-29,Standard Class,2017-04-02,13.48
3974,CA-2017-167556,986,50,30,2017-03-29,Standard Class,2017-04-02,29.8
3975,CA-2017-167556,29,50,30,2017-03-29,Standard Class,2017-04-02,414.0
3976,CA-2017-167556,778,50,30,2017-03-29,Standard Class,2017-04-02,41.328
3977,US-2017-116400,1612,519,196,2017-10-22,First Class,2017-10-24,39.92
3978,CA-2018-101308,128,436,60,2018-10-02,Standard Class,2018-10-07,8.94
3979,CA-2018-101308,510,436,60,2018-10-02,Standard Class,2018-10-07,84.784
3980,CA-2015-114517,973,261,24,2015-12-23,Standard Class,2015-12-27,53.316
3981,CA-2015-114517,552,261,24,2015-12-23,Standard Class,2015-12-27,56.52
3982,CA-2018-119564,561,485,61,2018-12-15,Standard Class,2018-12-20,22.77
3983,CA-2017-135265,52,667,63,2017-07-07,Second Class,2017-07-09,287.968
3984,CA-2017-135265,1294,667,63,2017-07-07,Second Class,2017-07-09,2799.96
3985,CA-2017-135265,1439,667,63,2017-07-07,Second Class,2017-07-09,48.94
3986,CA-2017-108735,714,342,468,2017-04-17,Standard Class,2017-04-21,257.499
3987,CA-2018-112333,487,581,171,2018-04-08,Standard Class,2018-04-14,2591.56
3988,CA-2018-112333,1613,581,171,2018-04-08,Standard Class,2018-04-14,41.95
3989,US-2017-159415,1614,729,85,2017-04-17,Standard Class,2017-04-22,79.12
3990,CA-2015-122588,751,482,469,2015-11-25,Second Class,2015-11-27,52.96
3991,CA-2015-137589,1421,475,208,2015-11-03,Standard Class,2015-11-08,286.344
3992,CA-2016-161998,751,107,86,2016-05-01,Standard Class,2016-05-05,63.552
3993,CA-2016-161998,611,107,86,2016-05-01,Standard Class,2016-05-05,41.376
3994,CA-2016-161998,916,107,86,2016-05-01,Standard Class,2016-05-05,172.704
3995,CA-2016-105627,1529,730,309,2016-03-08,Standard Class,2016-03-12,512.94
3996,CA-2016-105627,1266,730,309,2016-03-08,Standard Class,2016-03-12,860.93
3997,CA-2016-105627,349,730,309,2016-03-08,Standard Class,2016-03-12,769.95
3998,CA-2016-105627,1615,730,309,2016-03-08,Standard Class,2016-03-12,14.98
3999,CA-2016-105627,1293,730,309,2016-03-08,Standard Class,2016-03-12,373.08
4000,US-2016-149629,267,173,454,2016-07-17,Second Class,2016-07-20,231.92
4001,CA-2015-116834,1138,657,61,2015-10-11,Standard Class,2015-10-16,63.47
4002,CA-2015-116834,1616,657,61,2015-10-11,Standard Class,2015-10-16,345.0
4003,CA-2017-145730,336,418,66,2017-03-03,Standard Class,2017-03-08,637.896
4004,CA-2017-145730,1617,418,66,2017-03-03,Standard Class,2017-03-08,287.91
4005,CA-2017-145730,374,418,66,2017-03-03,Standard Class,2017-03-08,36.6
4006,US-2016-168732,1326,731,236,2016-12-10,Standard Class,2016-12-16,1.78
4007,US-2016-168732,1441,731,236,2016-12-10,Standard Class,2016-12-16,25.92
4008,US-2016-168732,1618,731,236,2016-12-10,Standard Class,2016-12-16,101.94
4009,CA-2016-107468,1006,150,128,2016-12-18,Standard Class,2016-12-22,6.848
4010,CA-2018-144463,1619,57,2,2018-01-01,Standard Class,2018-01-05,474.43
4011,CA-2018-100811,524,694,106,2018-11-21,First Class,2018-11-24,8.448
4012,CA-2018-100811,577,694,106,2018-11-21,First Class,2018-11-24,39.296
4013,CA-2016-153612,787,458,470,2016-12-22,Standard Class,2016-12-27,17.12
4014,CA-2016-165624,1108,652,149,2016-08-23,Standard Class,2016-08-28,542.94
4015,CA-2016-165624,1187,652,149,2016-08-23,Standard Class,2016-08-28,8.64
4016,CA-2016-165624,1414,652,149,2016-08-23,Standard Class,2016-08-28,193.8
4017,CA-2016-165624,1118,652,149,2016-08-23,Standard Class,2016-08-28,21.4
4018,CA-2016-165624,1620,652,149,2016-08-23,Standard Class,2016-08-28,97.88
4019,CA-2016-165624,1131,652,149,2016-08-23,Standard Class,2016-08-28,251.91
4020,CA-2016-165624,23,652,149,2016-08-23,Standard Class,2016-08-28,25.86
4021,CA-2015-154963,168,732,182,2015-06-22,Standard Class,2015-06-27,170.058
4022,CA-2015-154963,41,732,182,2015-06-22,Standard Class,2015-06-27,82.782
4023,CA-2015-154963,2,732,182,2015-06-22,Standard Class,2015-06-27,853.93
4024,CA-2018-130764,1220,706,95,2018-10-27,First Class,2018-10-28,556.665
4025,CA-2018-130764,1621,706,95,2018-10-27,First Class,2018-10-28,95.84
4026,CA-2018-139311,1287,246,471,2018-08-11,First Class,2018-08-13,29.664
4027,CA-2018-139311,1200,246,471,2018-08-11,First Class,2018-08-13,9.184
4028,CA-2018-139311,665,246,471,2018-08-11,First Class,2018-08-13,153.584
4029,CA-2018-139311,1233,246,471,2018-08-11,First Class,2018-08-13,12.864
4030,CA-2018-124296,959,395,299,2018-12-24,Standard Class,2018-12-28,479.97
4031,CA-2018-124296,1341,395,299,2018-12-24,Standard Class,2018-12-28,232.88
4032,CA-2017-169957,644,18,472,2017-09-26,Standard Class,2017-09-30,236.88
4033,CA-2017-169957,100,18,472,2017-09-26,Standard Class,2017-09-30,29.9
4034,CA-2017-169957,1073,18,472,2017-09-26,Standard Class,2017-09-30,100.0
4035,US-2017-108777,351,488,204,2017-12-12,Same Day,2017-12-12,18.693
4036,US-2017-108777,429,488,204,2017-12-12,Same Day,2017-12-12,383.952
4037,CA-2016-148859,1019,652,37,2016-12-28,Standard Class,2017-01-01,24.816
4038,CA-2015-110786,1468,296,95,2015-12-29,Standard Class,2016-01-02,24.9
4039,CA-2015-110786,1158,296,95,2015-12-29,Standard Class,2016-01-02,21.12
4040,CA-2015-110786,959,296,95,2015-12-29,Standard Class,2016-01-02,767.952
4041,CA-2015-110786,571,296,95,2015-12-29,Standard Class,2016-01-02,14.352
4042,CA-2015-110786,517,296,95,2015-12-29,Standard Class,2016-01-02,191.976
4043,CA-2015-110786,934,296,95,2015-12-29,Standard Class,2016-01-02,274.77
4044,CA-2015-110786,1531,296,95,2015-12-29,Standard Class,2016-01-02,70.56
4045,CA-2016-137750,515,536,95,2016-06-25,Standard Class,2016-06-30,204.85
4046,CA-2016-136378,786,689,33,2016-04-02,Standard Class,2016-04-07,9.156
4047,CA-2018-100356,811,728,156,2018-10-21,Standard Class,2018-10-25,23.992
4048,US-2016-166520,983,723,46,2016-07-16,First Class,2016-07-19,80.88
4049,US-2016-166520,877,723,46,2016-07-16,First Class,2016-07-19,599.9
4050,CA-2018-136350,738,655,165,2018-06-24,Second Class,2018-06-26,276.69
4051,CA-2018-136350,269,655,165,2018-06-24,Second Class,2018-06-26,172.764
4052,CA-2015-122931,1274,417,64,2015-09-29,Standard Class,2015-10-03,4.224
4053,CA-2015-122931,1169,417,64,2015-09-29,Standard Class,2015-10-03,409.272
4054,CA-2015-122931,1622,417,64,2015-09-29,Standard Class,2015-10-03,55.44
4055,CA-2015-122931,1222,417,64,2015-09-29,Standard Class,2015-10-03,20.928
4056,CA-2015-122931,459,417,64,2015-09-29,Standard Class,2015-10-03,1801.632
4057,CA-2015-122931,824,417,64,2015-09-29,Standard Class,2015-10-03,67.176
4058,CA-2015-163034,766,214,27,2015-11-24,Standard Class,2015-11-28,646.2
4059,CA-2016-124058,715,63,233,2016-11-20,Standard Class,2016-11-24,72.744
4060,CA-2016-124058,468,63,233,2016-11-20,Standard Class,2016-11-24,572.16
4061,CA-2017-129196,722,191,27,2017-11-01,Standard Class,2017-11-07,68.112
4062,US-2016-138716,1125,689,60,2016-09-17,First Class,2016-09-20,25.032
4063,US-2017-122182,1234,421,106,2017-03-10,Standard Class,2017-03-14,39.992
4064,US-2015-130358,1623,659,5,2015-06-23,First Class,2015-06-26,20.016
4065,US-2015-130358,1563,659,5,2015-06-23,First Class,2015-06-26,3.104
4066,CA-2015-102673,1015,176,44,2015-11-01,Standard Class,2015-11-05,7.52
4067,CA-2015-102673,1006,176,44,2015-11-01,Standard Class,2015-11-05,10.272
4068,CA-2015-102673,1141,176,44,2015-11-01,Standard Class,2015-11-05,47.808
4069,CA-2015-102673,1624,176,44,2015-11-01,Standard Class,2015-11-05,978.84
4070,CA-2017-145303,348,600,177,2017-08-28,First Class,2017-08-31,13.14
4071,CA-2017-145303,1096,600,177,2017-08-28,First Class,2017-08-31,10.024
4072,CA-2017-145303,1122,600,177,2017-08-28,First Class,2017-08-31,156.3728
4073,CA-2016-156104,616,473,304,2016-12-06,Second Class,2016-12-08,999.98
4074,US-2016-164308,1547,650,473,2016-09-24,First Class,2016-09-27,821.94
4075,CA-2018-108112,569,730,474,2018-11-15,Standard Class,2018-11-20,220.064
4076,CA-2018-108112,1061,730,474,2018-11-15,Standard Class,2018-11-20,339.136
4077,CA-2016-100685,654,417,199,2016-12-19,Second Class,2016-12-21,7.04
4078,CA-2016-100685,243,417,199,2016-12-19,Second Class,2016-12-21,5.04
4079,CA-2016-100685,969,417,199,2016-12-19,Second Class,2016-12-21,116.28
4080,CA-2016-165414,126,202,223,2016-12-21,First Class,2016-12-24,47.976
4081,CA-2017-140417,1306,723,300,2017-09-25,Standard Class,2017-09-29,60.048
4082,CA-2017-140417,1596,723,300,2017-09-25,Standard Class,2017-09-29,5.022
4083,US-2018-151316,570,638,68,2018-06-24,Standard Class,2018-06-30,182.994
4084,US-2018-151316,1451,638,68,2018-06-24,Standard Class,2018-06-30,10.272
4085,CA-2018-163692,45,657,52,2018-09-07,First Class,2018-09-09,7.857
4086,CA-2017-111913,8,19,379,2017-08-04,Second Class,2017-08-06,302.384
4087,CA-2017-111913,45,19,379,2017-08-04,Second Class,2017-08-06,20.952
4088,CA-2017-111913,186,19,379,2017-08-04,Second Class,2017-08-06,11.784
4089,US-2015-156559,1625,24,237,2015-08-19,Standard Class,2015-08-26,638.82
4090,CA-2017-161473,489,534,46,2017-04-01,Standard Class,2017-04-05,20.7
4091,CA-2017-161473,504,534,46,2017-04-01,Standard Class,2017-04-05,10.95
4092,CA-2017-161473,571,534,46,2017-04-01,Standard Class,2017-04-05,14.352
4093,CA-2018-166576,943,623,76,2018-05-16,First Class,2018-05-18,221.024
4094,CA-2016-102491,201,148,203,2016-08-24,Standard Class,2016-08-28,3080.0
4095,CA-2016-102491,1236,148,203,2016-08-24,Standard Class,2016-08-28,79.96
4096,CA-2016-102491,1603,148,203,2016-08-24,Standard Class,2016-08-28,587.97
4097,CA-2015-116904,975,184,40,2015-09-23,Standard Class,2015-09-28,32.4
4098,CA-2015-116904,460,184,40,2015-09-23,Standard Class,2015-09-28,404.9
4099,CA-2015-116904,1626,184,40,2015-09-23,Standard Class,2015-09-28,9449.95
4100,CA-2015-116904,626,184,40,2015-09-23,Standard Class,2015-09-28,12.94
4101,US-2018-102288,1627,234,15,2018-06-19,Standard Class,2018-06-23,2.264
4102,US-2018-102288,1109,234,15,2018-06-19,Standard Class,2018-06-23,0.444
4103,US-2018-102288,1265,234,15,2018-06-19,Standard Class,2018-06-23,146.176
4104,CA-2018-137456,741,47,11,2018-12-21,Same Day,2018-12-21,15.92
4105,US-2018-155999,885,272,189,2018-08-07,Standard Class,2018-08-13,159.96
4106,US-2018-155999,481,272,189,2018-08-07,Standard Class,2018-08-13,13.76
4107,US-2017-148334,829,733,17,2017-08-22,Standard Class,2017-08-26,4.312
4108,CA-2016-105599,701,508,165,2016-09-07,Same Day,2016-09-07,13.96
4109,CA-2016-105599,1480,508,165,2016-09-07,Same Day,2016-09-07,27.414
4110,CA-2016-153717,688,394,84,2016-12-25,Standard Class,2017-01-01,73.98
4111,CA-2016-153717,1628,394,84,2016-12-25,Standard Class,2017-01-01,160.98
4112,CA-2016-153717,1216,394,84,2016-12-25,Standard Class,2017-01-01,17.34
4113,CA-2016-153717,837,394,84,2016-12-25,Standard Class,2017-01-01,3.28
4114,CA-2016-116687,1140,545,15,2016-05-02,Standard Class,2016-05-07,8.856
4115,CA-2016-116687,985,545,15,2016-05-02,Standard Class,2016-05-07,158.376
4116,CA-2017-163573,570,550,60,2017-11-24,First Class,2017-11-27,1219.96
4117,CA-2016-153416,923,359,2,2016-11-24,Standard Class,2016-11-29,3.168
4118,CA-2016-153416,511,359,2,2016-11-24,Standard Class,2016-11-29,19.44
4119,CA-2016-153416,392,359,2,2016-11-24,Standard Class,2016-11-29,454.86
4120,CA-2016-153416,277,359,2,2016-11-24,Standard Class,2016-11-29,91.392
4121,CA-2018-117394,1629,463,75,2018-09-04,Standard Class,2018-09-10,19.04
4122,CA-2018-133823,911,222,6,2018-05-11,Same Day,2018-05-12,37.44
4123,CA-2018-133823,1352,222,6,2018-05-11,Same Day,2018-05-12,37.59
4124,CA-2018-133823,1527,222,6,2018-05-11,Same Day,2018-05-12,26.032
4125,CA-2015-127523,361,411,290,2015-05-11,Standard Class,2015-05-18,35.91
4126,CA-2018-123239,768,208,134,2018-07-27,Second Class,2018-07-31,91.032
4127,CA-2018-156769,1584,48,102,2018-05-06,First Class,2018-05-09,54.66
4128,CA-2015-127299,769,253,44,2015-09-19,Standard Class,2015-09-24,67.344
4129,CA-2015-127299,1630,253,44,2015-09-19,Standard Class,2015-09-24,2624.985
4130,CA-2016-121272,1550,158,6,2016-03-29,Standard Class,2016-04-04,73.28
4131,CA-2015-115336,498,449,37,2015-11-18,Standard Class,2015-11-25,14.48
4132,CA-2016-111703,812,42,475,2016-07-02,Standard Class,2016-07-09,11.952
4133,CA-2016-111703,220,42,475,2016-07-02,Standard Class,2016-07-09,15.552
4134,CA-2015-128839,660,75,337,2015-09-08,Standard Class,2015-09-13,45.0
4135,CA-2015-128839,381,75,337,2015-09-08,Standard Class,2015-09-13,209.97
4136,CA-2018-105914,913,392,2,2018-10-02,Standard Class,2018-10-08,112.12
4137,CA-2018-105914,907,392,2,2018-10-02,Standard Class,2018-10-08,1575.14
4138,CA-2018-110926,295,733,213,2018-11-19,Standard Class,2018-11-23,25.06
4139,CA-2017-117226,69,471,476,2017-12-30,First Class,2018-01-01,6.924
4140,CA-2018-127313,231,268,75,2018-12-01,First Class,2018-12-04,37.392
4141,CA-2018-127313,1614,268,75,2018-12-01,First Class,2018-12-04,79.12
4142,CA-2017-136287,166,197,477,2017-06-13,Standard Class,2017-06-17,18.9
4143,US-2015-107699,1207,582,374,2015-05-19,Standard Class,2015-05-23,57.42
4144,CA-2018-112725,854,259,95,2018-01-30,Standard Class,2018-02-06,12.74
4145,CA-2018-112725,1631,259,95,2018-01-30,Standard Class,2018-02-06,8.82
4146,CA-2018-112725,84,259,95,2018-01-30,Standard Class,2018-02-06,120.784
4147,CA-2016-136196,217,600,265,2016-11-28,Standard Class,2016-12-04,322.59
4148,CA-2018-106068,1527,714,111,2018-10-23,Standard Class,2018-10-28,9.762
4149,CA-2018-106068,457,714,111,2018-10-23,Standard Class,2018-10-28,13.72
4150,CA-2018-106068,1616,714,111,2018-10-23,Standard Class,2018-10-28,55.2
4151,CA-2018-106068,872,714,111,2018-10-23,Standard Class,2018-10-28,259.136
4152,CA-2018-100160,149,91,64,2018-09-07,Standard Class,2018-09-11,29.24
4153,CA-2018-100160,935,91,64,2018-09-07,Standard Class,2018-09-11,15.552
4154,CA-2018-100160,30,91,64,2018-09-07,Standard Class,2018-09-11,4.896
4155,CA-2017-139689,133,173,49,2017-12-29,Standard Class,2018-01-03,38.088
4156,CA-2017-139689,745,173,49,2017-12-29,Standard Class,2018-01-03,2.808
4157,CA-2016-101091,1049,574,12,2016-12-05,Second Class,2016-12-09,47.984
4158,CA-2016-101091,498,574,12,2016-12-05,Second Class,2016-12-09,26.064
4159,CA-2015-126907,1222,417,27,2015-11-01,Standard Class,2015-11-08,15.696
4160,US-2017-164588,19,276,113,2017-04-16,Standard Class,2017-04-23,12.84
4161,CA-2018-115546,1401,734,46,2018-05-14,Standard Class,2018-05-18,539.97
4162,CA-2018-115546,1012,734,46,2018-05-14,Standard Class,2018-05-18,22.58
4163,CA-2016-163587,618,213,355,2016-03-14,Standard Class,2016-03-18,16.52
4164,CA-2016-163587,1189,213,355,2016-03-14,Standard Class,2016-03-18,671.94
4165,US-2018-106131,26,735,43,2018-01-14,First Class,2018-01-16,169.064
4166,US-2018-106131,1248,735,43,2018-01-14,First Class,2018-01-16,168.624
4167,CA-2016-160213,1466,256,255,2016-03-08,Standard Class,2016-03-13,19.44
4168,CA-2015-157924,862,67,55,2015-10-11,First Class,2015-10-13,31.92
4169,CA-2015-157924,1632,67,55,2015-10-11,First Class,2015-10-13,433.568
4170,CA-2016-100216,740,708,155,2016-04-13,First Class,2016-04-14,31.104
4171,CA-2016-100216,927,708,155,2016-04-13,First Class,2016-04-14,54.816
4172,CA-2018-100601,701,272,253,2018-11-16,Standard Class,2018-11-20,48.86
4173,CA-2017-152163,21,283,38,2017-07-01,Same Day,2017-07-01,14.2
4174,CA-2017-152163,740,283,38,2017-07-01,Same Day,2017-07-01,12.96
4175,CA-2017-152163,706,283,38,2017-07-01,Same Day,2017-07-01,58.34
4176,CA-2016-154340,1474,736,201,2016-11-29,First Class,2016-11-30,56.3
4177,CA-2015-128846,173,277,38,2015-04-07,Standard Class,2015-04-12,629.95
4178,CA-2015-128846,840,277,38,2015-04-07,Standard Class,2015-04-12,122.97
4179,CA-2017-148593,1287,218,63,2017-06-16,Second Class,2017-06-18,46.35
4180,US-2018-119039,74,409,10,2018-03-06,Standard Class,2018-03-10,14.976
4181,CA-2018-128426,16,301,67,2018-10-07,Standard Class,2018-10-11,4.24
4182,US-2018-136868,1594,737,46,2018-10-06,Standard Class,2018-10-12,319.96
4183,US-2018-136868,127,737,46,2018-10-06,Standard Class,2018-10-12,17.04
4184,US-2018-136868,157,737,46,2018-10-06,Standard Class,2018-10-12,344.91
4185,CA-2017-143749,1633,637,118,2017-12-05,First Class,2017-12-07,81.94
4186,CA-2017-111493,961,381,308,2017-10-21,First Class,2017-10-22,98.16
4187,CA-2018-112536,697,738,478,2018-05-18,Standard Class,2018-05-23,6.874
4188,CA-2018-112536,1231,738,478,2018-05-18,Standard Class,2018-05-23,1.996
4189,CA-2018-112536,1428,738,478,2018-05-18,Standard Class,2018-05-23,8.928
4190,CA-2017-157714,1634,729,479,2017-09-26,Second Class,2017-10-01,9.99
4191,CA-2018-166709,1389,333,285,2018-11-17,Standard Class,2018-11-22,10499.97
4192,CA-2016-129392,1635,662,33,2016-07-08,Same Day,2016-07-08,21.12
4193,CA-2016-150875,4,97,480,2016-11-16,Standard Class,2016-11-20,696.42
4194,CA-2016-150875,144,97,480,2016-11-16,Standard Class,2016-11-20,304.776
4195,CA-2016-154200,1063,697,189,2016-06-18,Standard Class,2016-06-22,51.98
4196,CA-2017-124233,628,243,4,2017-04-08,Standard Class,2017-04-14,24.7
4197,US-2016-134271,677,289,24,2016-04-18,Second Class,2016-04-23,21.93
4198,US-2017-161683,533,171,64,2017-12-03,Standard Class,2017-12-08,394.816
4199,US-2017-161683,281,171,64,2017-12-03,Standard Class,2017-12-08,18.192
4200,CA-2016-143105,677,16,24,2016-12-10,Same Day,2016-12-10,7.31
4201,CA-2016-143105,616,16,24,2016-12-10,Same Day,2016-12-10,799.984
4202,CA-2016-143105,321,16,24,2016-12-10,Same Day,2016-12-10,41.28
4203,CA-2016-143105,146,16,24,2016-12-10,Same Day,2016-12-10,184.66
4204,CA-2015-145387,33,563,481,2015-10-31,Second Class,2015-11-02,49.25
4205,CA-2015-145387,728,563,481,2015-10-31,Second Class,2015-11-02,10.16
4206,CA-2015-145387,1257,563,481,2015-10-31,Second Class,2015-11-02,14.76
4207,CA-2015-145387,823,563,481,2015-10-31,Second Class,2015-11-02,34.08
4208,CA-2015-145387,326,563,481,2015-10-31,Second Class,2015-11-02,17.67
4209,CA-2015-145387,1477,563,481,2015-10-31,Second Class,2015-11-02,1604.9
4210,CA-2015-145387,1259,563,481,2015-10-31,Second Class,2015-11-02,385.686
4211,CA-2018-109715,113,739,37,2018-12-09,Standard Class,2018-12-14,15.984
4212,CA-2015-166457,1408,725,127,2015-05-05,Second Class,2015-05-09,9.42
4213,CA-2015-166457,280,725,127,2015-05-05,Second Class,2015-05-09,6.56
4214,CA-2015-166457,1636,725,127,2015-05-05,Second Class,2015-05-09,24.56
4215,CA-2017-164637,1637,503,391,2017-03-04,Standard Class,2017-03-08,128.4
4216,CA-2015-103590,1638,146,185,2015-11-30,Standard Class,2015-12-04,62.28
4217,CA-2016-111234,642,449,26,2016-02-18,Standard Class,2016-02-22,9.24
4218,CA-2018-149881,1639,715,95,2018-04-01,First Class,2018-04-03,482.664
4219,CA-2018-149881,1498,715,95,2018-04-01,First Class,2018-04-03,4799.984
4220,CA-2018-134565,275,484,6,2018-06-11,Second Class,2018-06-13,37.94
4221,CA-2018-134565,734,484,6,2018-06-11,Second Class,2018-06-13,18.288
4222,CA-2018-134565,1640,484,6,2018-06-11,Second Class,2018-06-13,385.8
4223,CA-2018-134565,233,484,6,2018-06-11,Second Class,2018-06-13,102.96
4224,CA-2018-134565,673,484,6,2018-06-11,Second Class,2018-06-13,174.42
4225,CA-2017-108644,186,696,117,2017-09-30,First Class,2017-10-03,1.964
4226,US-2015-102631,1641,226,37,2015-12-13,Standard Class,2015-12-17,94.428
4227,CA-2018-120327,272,577,47,2018-11-11,Standard Class,2018-11-16,45.92
4228,CA-2016-154970,390,257,6,2016-01-05,Standard Class,2016-01-10,61.584
4229,CA-2017-113803,1135,501,238,2017-03-24,First Class,2017-03-26,22.48
4230,CA-2018-100223,738,323,78,2018-07-05,Standard Class,2018-07-10,332.028
4231,CA-2018-100223,859,323,78,2018-07-05,Standard Class,2018-07-10,11.394
4232,CA-2018-100223,1642,323,78,2018-07-05,Standard Class,2018-07-10,15.552
4233,CA-2018-100223,728,323,78,2018-07-05,Standard Class,2018-07-10,31.104
4234,CA-2018-100223,352,323,78,2018-07-05,Standard Class,2018-07-10,6.316
4235,CA-2015-168823,205,16,106,2015-09-21,First Class,2015-09-24,11.352
4236,CA-2015-168823,866,16,106,2015-09-21,First Class,2015-09-24,20.808
4237,CA-2017-162404,1396,740,229,2017-07-23,Standard Class,2017-07-27,11.416
4238,CA-2018-104024,1643,551,64,2018-08-29,Second Class,2018-09-03,9.408
4239,CA-2018-147144,1644,596,60,2018-03-26,First Class,2018-03-28,19.83
4240,CA-2018-158673,922,34,437,2018-12-29,Standard Class,2019-01-04,209.7
4241,CA-2015-133704,1645,672,26,2015-09-20,Standard Class,2015-09-26,43.92
4242,CA-2015-133704,675,672,26,2015-09-20,Standard Class,2015-09-26,20.232
4243,CA-2017-159142,141,468,29,2017-04-04,First Class,2017-04-05,149.97
4244,CA-2017-159142,1287,468,29,2017-04-04,First Class,2017-04-05,27.81
4245,CA-2015-138436,177,64,2,2015-03-26,Standard Class,2015-03-30,66.3
4246,CA-2018-117702,1200,61,308,2018-11-28,Standard Class,2018-12-04,1.64
4247,CA-2018-117702,221,61,308,2018-11-28,Standard Class,2018-12-04,1049.2
4248,CA-2018-117702,1007,61,308,2018-11-28,Standard Class,2018-12-04,20.9
4249,CA-2017-157336,909,82,70,2017-12-01,Second Class,2017-12-05,88.08
4250,CA-2017-157336,500,82,70,2017-12-01,Second Class,2017-12-05,751.92
4251,CA-2015-168130,1154,741,165,2015-09-19,Same Day,2015-09-19,887.103
4252,CA-2016-155068,1137,268,153,2016-10-23,Same Day,2016-10-23,55.944
4253,CA-2016-155068,159,268,153,2016-10-23,Same Day,2016-10-23,10.688
4254,CA-2016-155068,1180,268,153,2016-10-23,Same Day,2016-10-23,11.824
4255,CA-2018-163160,814,60,482,2018-10-13,First Class,2018-10-16,63.312
4256,CA-2018-163160,262,60,482,2018-10-13,First Class,2018-10-16,96.784
4257,CA-2018-163160,699,60,482,2018-10-13,First Class,2018-10-16,10.476
4258,CA-2016-101924,1527,11,325,2016-09-04,Standard Class,2016-09-09,9.762
4259,CA-2017-124793,813,153,6,2017-03-14,First Class,2017-03-16,196.784
4260,CA-2018-118367,245,629,46,2018-10-28,Second Class,2018-11-02,47.98
4261,CA-2018-164819,710,603,70,2018-10-15,Second Class,2018-10-19,13.05
4262,CA-2018-158344,1098,694,350,2018-08-07,Standard Class,2018-08-11,63.96
4263,CA-2018-123351,1430,410,113,2018-09-21,Standard Class,2018-09-25,80.48
4264,CA-2018-110429,1646,662,106,2018-11-03,Standard Class,2018-11-08,11.673
4265,US-2017-131611,585,213,67,2017-11-05,Standard Class,2017-11-09,863.128
4266,US-2017-131611,991,213,67,2017-11-05,Standard Class,2017-11-09,3.564
4267,US-2017-131611,1334,213,67,2017-11-05,Standard Class,2017-11-09,956.6648
4268,US-2017-131611,543,213,67,2017-11-05,Standard Class,2017-11-09,12.588
4269,US-2017-131611,1483,213,67,2017-11-05,Standard Class,2017-11-09,171.96
4270,US-2018-124821,563,563,61,2018-06-25,Second Class,2018-06-29,871.4
4271,CA-2016-166975,1641,742,280,2016-11-26,Standard Class,2016-11-30,692.472
4272,CA-2017-123806,690,157,308,2017-11-24,Second Class,2017-11-27,207.76
4273,US-2018-158505,1558,228,408,2018-07-21,Same Day,2018-07-21,71.928
4274,US-2018-158505,1063,228,408,2018-07-21,Same Day,2018-07-21,25.99
4275,CA-2016-142692,308,123,60,2016-10-23,Standard Class,2016-10-28,3.592
4276,CA-2016-123456,167,635,78,2016-07-09,Standard Class,2016-07-13,48.632
4277,CA-2018-151358,766,377,60,2018-08-18,Standard Class,2018-08-22,323.1
4278,US-2017-107440,1647,741,101,2017-04-16,Standard Class,2017-04-20,9099.93
4279,US-2017-107440,1468,741,101,2017-04-16,Standard Class,2017-04-20,9.96
4280,US-2017-107440,882,741,101,2017-04-16,Standard Class,2017-04-20,25.3
4281,CA-2015-166989,253,85,165,2015-11-14,Standard Class,2015-11-18,11.36
4282,CA-2015-166989,1465,85,165,2015-11-14,Standard Class,2015-11-18,69.264
4283,CA-2015-103100,1648,456,304,2015-12-20,First Class,2015-12-23,3.69
4284,CA-2015-103100,1499,456,304,2015-12-20,First Class,2015-12-23,1103.97
4285,CA-2016-105690,1104,663,483,2016-11-21,Second Class,2016-11-26,246.1328
4286,CA-2016-105690,3,663,483,2016-11-21,Second Class,2016-11-26,11.696
4287,CA-2016-105690,1573,663,483,2016-11-21,Second Class,2016-11-26,439.992
4288,CA-2018-127516,460,383,395,2018-12-28,Standard Class,2019-01-03,64.784
4289,US-2016-117184,1198,22,15,2016-05-17,Standard Class,2016-05-21,33.28
4290,US-2016-117184,708,22,15,2016-05-17,Standard Class,2016-05-21,14.088
4291,CA-2018-102407,312,402,26,2018-12-09,Second Class,2018-12-13,11.16
4292,CA-2018-102407,210,402,26,2018-12-09,Second Class,2018-12-13,896.328
4293,CA-2018-102407,1142,402,26,2018-12-09,Second Class,2018-12-13,189.0
4294,CA-2018-130967,174,13,12,2018-03-10,Standard Class,2018-03-16,53.982
4295,CA-2018-101581,224,695,313,2018-10-22,Standard Class,2018-10-27,177.225
4296,CA-2018-169124,1619,94,484,2018-07-03,Standard Class,2018-07-10,129.39
4297,CA-2018-117261,1034,261,4,2018-09-04,Standard Class,2018-09-10,54.32
4298,CA-2018-129021,1462,139,394,2018-08-23,Second Class,2018-08-26,4367.896
4299,CA-2018-129021,1175,139,394,2018-08-23,Second Class,2018-08-26,49.568
4300,CA-2018-129021,732,139,394,2018-08-23,Second Class,2018-08-26,161.376
4301,CA-2018-129021,853,139,394,2018-08-23,Second Class,2018-08-26,2.784
4302,CA-2018-129021,835,139,394,2018-08-23,Second Class,2018-08-26,8.72
4303,CA-2015-123253,283,369,346,2015-08-22,Second Class,2015-08-25,3.912
4304,CA-2017-121601,762,374,485,2017-10-04,Same Day,2017-10-04,59.752
4305,CA-2015-162278,469,739,60,2015-10-26,Second Class,2015-10-30,63.92
4306,CA-2015-162278,1486,739,60,2015-10-26,Second Class,2015-10-30,383.96
4307,CA-2017-161095,508,295,4,2017-06-28,Same Day,2017-06-28,7.752
4308,CA-2017-161095,302,295,4,2017-06-28,Same Day,2017-06-28,33.568
4309,CA-2015-125829,1271,577,63,2015-11-04,Standard Class,2015-11-11,666.344
4310,CA-2015-125829,364,577,63,2015-11-04,Standard Class,2015-11-11,573.728
4311,CA-2015-125829,625,577,63,2015-11-04,Standard Class,2015-11-11,21.936
4312,CA-2015-125829,1397,577,63,2015-11-04,Standard Class,2015-11-11,19.44
4313,CA-2015-125829,1649,577,63,2015-11-04,Standard Class,2015-11-11,447.968
4314,CA-2015-123127,1613,408,255,2015-09-08,Standard Class,2015-09-12,16.78
4315,CA-2016-115945,1555,270,63,2016-06-25,Standard Class,2016-07-01,20.96
4316,CA-2016-115945,806,270,63,2016-06-25,Standard Class,2016-07-01,88.752
4317,CA-2016-115945,538,270,63,2016-06-25,Standard Class,2016-07-01,304.23
4318,CA-2016-136735,557,67,95,2016-07-26,Standard Class,2016-08-02,167.86
4319,US-2018-136189,1650,291,196,2018-12-07,Standard Class,2018-12-11,82.38
4320,CA-2015-152345,1137,462,383,2015-12-29,Second Class,2016-01-03,23.976
4321,CA-2015-152345,1292,462,383,2015-12-29,Second Class,2016-01-03,33.29
4322,US-2016-147662,445,42,76,2016-02-14,Standard Class,2016-02-19,14.952
4323,US-2016-147662,1401,42,76,2016-02-14,Standard Class,2016-02-19,323.982
4324,US-2016-147662,316,42,76,2016-02-14,Standard Class,2016-02-19,2.286
4325,US-2016-147662,880,42,76,2016-02-14,Standard Class,2016-02-19,14.352
4326,US-2016-147662,1049,42,76,2016-02-14,Standard Class,2016-02-19,71.976
4327,CA-2017-153346,1321,423,171,2017-01-25,First Class,2017-01-27,9.21
4328,CA-2017-153346,1553,423,171,2017-01-25,First Class,2017-01-27,18.0
4329,CA-2018-118360,1447,548,165,2018-04-01,Standard Class,2018-04-07,42.93
4330,CA-2018-149853,1651,139,187,2018-10-03,Standard Class,2018-10-09,15.552
4331,CA-2018-149853,567,139,187,2018-10-03,Standard Class,2018-10-09,17.92
4332,CA-2018-107909,85,287,486,2018-09-01,Standard Class,2018-09-06,19.99
4333,CA-2018-107909,1548,287,486,2018-09-01,Standard Class,2018-09-06,22.92
4334,CA-2016-112375,1652,743,487,2016-12-21,Standard Class,2016-12-27,50.88
4335,CA-2016-112375,831,743,487,2016-12-21,Standard Class,2016-12-27,27.312
4336,CA-2016-154795,1653,48,488,2016-12-20,Standard Class,2016-12-24,7.92
4337,CA-2016-154795,1105,48,488,2016-12-20,Standard Class,2016-12-24,14.368
4338,CA-2016-125234,358,18,14,2016-11-27,Standard Class,2016-12-01,107.97
4339,CA-2016-125234,68,18,14,2016-11-27,Standard Class,2016-12-01,113.82
4340,CA-2018-133501,975,730,79,2018-08-27,Standard Class,2018-09-01,5.184
4341,US-2015-129609,360,719,489,2015-03-22,Same Day,2015-03-22,16.28
4342,CA-2018-130309,246,674,102,2018-12-17,Standard Class,2018-12-21,544.38
4343,CA-2018-105410,926,445,95,2018-03-19,First Class,2018-03-22,19.824
4344,CA-2018-105410,1076,445,95,2018-03-19,First Class,2018-03-22,657.504
4345,CA-2018-105410,101,445,95,2018-03-19,First Class,2018-03-22,99.54
4346,CA-2018-105410,1136,445,95,2018-03-19,First Class,2018-03-22,199.96
4347,CA-2017-120355,655,571,132,2017-09-18,Standard Class,2017-09-25,631.782
4348,CA-2017-120355,1654,571,132,2017-09-18,Standard Class,2017-09-25,60.72
4349,CA-2018-169894,656,598,155,2018-11-24,Second Class,2018-11-29,20.724
4350,CA-2018-169894,392,598,155,2018-11-24,Second Class,2018-11-29,415.872
4351,US-2018-100482,471,692,403,2018-04-11,Standard Class,2018-04-15,16.768
4352,US-2018-100482,659,692,403,2018-04-11,Standard Class,2018-04-15,27.12
4353,CA-2018-107748,1621,744,352,2018-12-10,Second Class,2018-12-12,95.84
4354,CA-2018-107748,511,744,352,2018-12-10,Second Class,2018-12-12,12.96
4355,CA-2018-153654,742,551,197,2018-11-24,Second Class,2018-11-26,19.008
4356,CA-2016-155600,693,198,378,2016-12-04,Second Class,2016-12-07,1598.058
4357,CA-2016-155600,685,198,378,2016-12-04,Second Class,2016-12-07,36.96
4358,CA-2018-162565,290,626,174,2018-12-11,Same Day,2018-12-11,10.368
4359,CA-2018-162565,623,626,174,2018-12-11,Same Day,2018-12-11,77.72
4360,CA-2018-162565,874,626,174,2018-12-11,Same Day,2018-12-11,520.464
4361,CA-2017-127642,1655,292,123,2017-05-21,First Class,2017-05-23,111.96
4362,US-2018-163195,120,329,299,2018-02-17,Second Class,2018-02-21,29.16
4363,CA-2018-111332,400,397,490,2018-05-20,Second Class,2018-05-22,131.94
4364,CA-2018-111332,314,397,490,2018-05-20,Second Class,2018-05-22,25.92
4365,CA-2018-111332,719,397,490,2018-05-20,Second Class,2018-05-22,704.76
4366,CA-2018-111332,1100,397,490,2018-05-20,Second Class,2018-05-22,7.41
4367,CA-2018-111332,1540,397,490,2018-05-20,Second Class,2018-05-22,21.5
4368,CA-2018-117044,1322,67,37,2018-09-11,Second Class,2018-09-13,10.528
4369,CA-2018-117044,631,67,37,2018-09-11,Second Class,2018-09-13,20.544
4370,US-2017-165078,543,672,452,2017-11-05,Standard Class,2017-11-10,104.9
4371,US-2017-165078,1572,672,452,2017-11-05,Standard Class,2017-11-10,39.68
4372,US-2017-165078,1656,672,452,2017-11-05,Standard Class,2017-11-10,51.75
4373,US-2018-169320,242,24,491,2018-07-23,Second Class,2018-07-25,11.68
4374,US-2018-169320,1366,24,491,2018-07-23,Second Class,2018-07-25,159.75
4375,CA-2017-158575,1657,116,361,2017-11-18,Standard Class,2017-11-24,103.968
4376,CA-2015-166954,72,458,492,2015-04-25,Standard Class,2015-04-30,303.25
4377,CA-2015-166954,1285,458,492,2015-04-25,Standard Class,2015-04-30,270.72
4378,CA-2015-166954,874,458,492,2015-04-25,Standard Class,2015-04-30,1487.04
4379,CA-2016-140830,756,29,1,2016-11-30,Second Class,2016-12-02,17.48
4380,CA-2016-140830,843,29,1,2016-11-30,Second Class,2016-12-02,71.88
4381,CA-2016-152891,627,578,95,2016-10-25,Standard Class,2016-10-30,60.45
4382,CA-2016-152891,439,578,95,2016-10-25,Standard Class,2016-10-30,253.176
4383,US-2016-122784,615,155,418,2016-07-20,Standard Class,2016-07-27,2.88
4384,US-2016-122784,1658,155,418,2016-07-20,Standard Class,2016-07-27,384.944
4385,US-2016-122784,665,155,418,2016-07-20,Standard Class,2016-07-27,153.584
4386,US-2016-122784,38,155,418,2016-07-20,Standard Class,2016-07-27,913.43
4387,CA-2017-156811,1645,163,35,2017-10-27,Standard Class,2017-11-02,43.92
4388,CA-2017-156811,1125,163,35,2017-10-27,Standard Class,2017-11-02,25.032
4389,CA-2018-111556,653,304,46,2018-11-20,First Class,2018-11-22,46.76
4390,CA-2018-111556,1122,304,46,2018-11-20,First Class,2018-11-22,183.968
4391,CA-2018-111556,1462,304,46,2018-11-20,First Class,2018-11-22,1259.97
4392,CA-2018-111556,1244,304,46,2018-11-20,First Class,2018-11-22,68.97
4393,CA-2017-108868,400,11,177,2017-09-08,Standard Class,2017-09-12,70.368
4394,CA-2017-108868,1251,11,177,2017-09-08,Standard Class,2017-09-12,59.96
4395,CA-2015-142965,572,574,158,2015-07-20,Same Day,2015-07-20,25.984
4396,CA-2015-142965,1000,574,158,2015-07-20,Same Day,2015-07-20,27.36
4397,CA-2017-148740,945,707,143,2017-11-15,Standard Class,2017-11-19,361.376
4398,US-2015-138758,813,253,75,2015-07-07,Standard Class,2015-07-11,172.186
4399,US-2015-138758,485,253,75,2015-07-07,Standard Class,2015-07-11,69.008
4400,CA-2017-131737,890,48,210,2017-03-17,Same Day,2017-03-17,199.9
4401,CA-2017-131737,228,48,210,2017-03-17,Same Day,2017-03-17,901.95
4402,CA-2017-131737,623,48,210,2017-03-17,Same Day,2017-03-17,971.5
4403,CA-2017-114538,1659,117,98,2017-12-26,First Class,2017-12-27,11.328
4404,CA-2015-127936,1659,53,30,2015-09-02,First Class,2015-09-04,21.24
4405,CA-2016-164336,175,597,12,2016-07-05,Standard Class,2016-07-10,34.8
4406,CA-2016-164336,721,597,12,2016-07-05,Standard Class,2016-07-10,38.976
4407,CA-2017-100041,703,542,135,2017-11-20,Standard Class,2017-11-25,9.08
4408,CA-2017-100041,977,542,135,2017-11-20,Standard Class,2017-11-25,314.55
4409,CA-2017-100041,186,542,135,2017-11-20,Standard Class,2017-11-25,4.91
4410,US-2015-154879,866,18,26,2015-05-06,Standard Class,2015-05-11,5.78
4411,US-2015-154879,647,18,26,2015-05-06,Standard Class,2015-05-11,107.94
4412,CA-2015-130624,1255,510,24,2015-06-21,First Class,2015-06-24,19.65
4413,CA-2015-130624,518,510,24,2015-06-21,First Class,2015-06-24,617.97
4414,CA-2015-130624,942,510,24,2015-06-21,First Class,2015-06-24,59.7
4415,CA-2018-132339,761,81,129,2018-08-19,Standard Class,2018-08-23,387.99
4416,CA-2015-153983,908,118,35,2015-11-29,Standard Class,2015-12-06,575.92
4417,CA-2015-153983,830,118,35,2015-11-29,Standard Class,2015-12-06,30.4
4418,CA-2018-112900,980,108,186,2018-04-09,Second Class,2018-04-12,478.24
4419,CA-2015-160157,125,709,73,2015-12-20,Standard Class,2015-12-27,190.848
4420,CA-2015-139633,1204,686,48,2015-12-17,Standard Class,2015-12-24,5.484
4421,CA-2016-163090,683,349,27,2016-11-17,Second Class,2016-11-21,40.92
4422,CA-2015-117016,314,184,493,2015-03-04,Standard Class,2015-03-09,15.552
4423,CA-2018-159464,23,423,494,2018-05-18,First Class,2018-05-19,17.24
4424,CA-2018-159464,1660,423,494,2018-05-18,First Class,2018-05-19,302.94
4425,CA-2018-159464,1092,423,494,2018-05-18,First Class,2018-05-19,34.75
4426,CA-2018-159464,413,423,494,2018-05-18,First Class,2018-05-19,113.94
4427,CA-2018-159464,1481,423,494,2018-05-18,First Class,2018-05-19,55.98
4428,US-2018-103226,188,695,383,2018-09-22,Standard Class,2018-09-28,27.18
4429,CA-2018-119452,1497,53,312,2018-03-21,Standard Class,2018-03-27,1805.88
4430,CA-2018-147725,1560,300,416,2018-09-14,Same Day,2018-09-14,70.95
4431,CA-2017-168893,660,276,1,2017-11-03,Second Class,2017-11-08,20.0
4432,CA-2017-168893,1597,276,1,2017-11-03,Second Class,2017-11-08,7.98
4433,CA-2017-168893,764,276,1,2017-11-03,Second Class,2017-11-08,24.1
4434,CA-2017-168893,1453,276,1,2017-11-03,Second Class,2017-11-08,8.75
4435,CA-2017-168893,1661,276,1,2017-11-03,Second Class,2017-11-08,842.94
4436,CA-2017-163398,635,559,156,2017-05-03,Standard Class,2017-05-08,2.182
4437,CA-2017-163398,1662,559,156,2017-05-03,Standard Class,2017-05-08,27.384
4438,CA-2017-163398,1325,559,156,2017-05-03,Standard Class,2017-05-08,26.406
4439,CA-2017-162726,1194,364,483,2017-12-27,Standard Class,2018-01-02,10.368
4440,CA-2017-162726,957,364,483,2017-12-27,Standard Class,2018-01-02,23.68
4441,US-2017-111290,990,590,21,2017-07-22,Standard Class,2017-07-26,109.95
4442,US-2017-111290,1663,590,21,2017-07-22,Standard Class,2017-07-26,965.85
4443,US-2017-111290,1664,590,21,2017-07-22,Standard Class,2017-07-26,29.2
4444,US-2017-111290,1010,590,21,2017-07-22,Standard Class,2017-07-26,32.4
4445,US-2015-147704,1359,257,463,2015-11-16,Standard Class,2015-11-21,78.35
4446,US-2015-147704,1437,257,463,2015-11-16,Standard Class,2015-11-21,31.68
4447,US-2015-147704,25,257,463,2015-11-16,Standard Class,2015-11-21,29.12
4448,US-2015-147704,299,257,463,2015-11-16,Standard Class,2015-11-21,169.45
4449,CA-2016-121965,546,110,4,2016-06-19,Standard Class,2016-06-23,12.56
4450,CA-2016-121965,1115,110,4,2016-06-19,Standard Class,2016-06-23,6.48
4451,CA-2016-121965,634,110,4,2016-06-19,Standard Class,2016-06-23,186.69
4452,CA-2017-147137,535,732,10,2017-07-04,First Class,2017-07-06,25.4
4453,CA-2017-147137,1665,732,10,2017-07-04,First Class,2017-07-06,43.96
4454,CA-2017-147137,790,732,10,2017-07-04,First Class,2017-07-06,1279.165
4455,CA-2017-147137,701,732,10,2017-07-04,First Class,2017-07-06,27.92
4456,US-2016-146745,395,358,95,2016-09-03,Standard Class,2016-09-08,129.568
4457,US-2016-146745,123,358,95,2016-09-03,Standard Class,2016-09-08,6.368
4458,CA-2018-115175,1185,431,59,2018-08-07,Standard Class,2018-08-12,244.55
4459,CA-2018-105851,466,340,77,2018-03-13,Standard Class,2018-03-20,1332.496
4460,US-2018-125717,515,285,43,2018-09-28,First Class,2018-10-01,32.776
4461,US-2018-125717,197,285,43,2018-09-28,First Class,2018-10-01,147.184
4462,US-2018-125717,152,285,43,2018-09-28,First Class,2018-10-01,54.384
4463,US-2018-125717,1243,285,43,2018-09-28,First Class,2018-10-01,76.776
4464,US-2018-125717,1666,285,43,2018-09-28,First Class,2018-10-01,14.352
4465,US-2018-125717,165,285,43,2018-09-28,First Class,2018-10-01,209.792
4466,CA-2016-163895,926,375,480,2016-08-07,Standard Class,2016-08-11,3.304
4467,CA-2018-168641,854,568,46,2018-11-24,Standard Class,2018-12-01,16.38
4468,CA-2018-168641,971,568,46,2018-11-24,Standard Class,2018-12-01,167.96
4469,CA-2018-168641,1334,568,46,2018-11-24,Standard Class,2018-12-01,321.568
4470,CA-2018-168641,1194,568,46,2018-11-24,Standard Class,2018-12-01,12.96
4471,CA-2018-156895,1535,138,12,2018-05-08,Standard Class,2018-05-12,128.058
4472,CA-2018-121300,1210,68,495,2018-09-29,Same Day,2018-09-29,63.686
4473,CA-2018-121300,410,68,495,2018-09-29,Same Day,2018-09-29,239.976
4474,CA-2018-121300,1667,68,495,2018-09-29,Same Day,2018-09-29,344.22
4475,CA-2018-121300,1291,68,495,2018-09-29,Same Day,2018-09-29,15.552
4476,CA-2018-121300,1495,68,495,2018-09-29,Same Day,2018-09-29,21.248
4477,CA-2018-121300,1611,68,495,2018-09-29,Same Day,2018-09-29,8.448
4478,CA-2018-130211,1668,380,496,2018-10-22,Same Day,2018-10-22,333.09
4479,CA-2018-130211,210,380,496,2018-10-22,Same Day,2018-10-22,248.98
4480,CA-2015-147235,1669,304,24,2015-03-24,Standard Class,2015-03-28,24.9
4481,CA-2017-109365,846,191,14,2017-11-03,Standard Class,2017-11-08,15.26
4482,CA-2017-109365,1657,191,14,2017-11-03,Standard Class,2017-11-08,43.32
4483,CA-2017-109365,110,191,14,2017-11-03,Standard Class,2017-11-08,43.584
4484,CA-2017-109365,1670,191,14,2017-11-03,Standard Class,2017-11-08,116.28
4485,CA-2017-109365,700,191,14,2017-11-03,Standard Class,2017-11-08,9.296
4486,CA-2017-109365,1232,191,14,2017-11-03,Standard Class,2017-11-08,19.44
4487,CA-2017-109365,1079,191,14,2017-11-03,Standard Class,2017-11-08,314.55
4488,CA-2016-162621,1527,403,67,2016-09-05,Standard Class,2016-09-11,16.27
4489,CA-2016-162621,1512,403,67,2016-09-05,Standard Class,2016-09-11,69.12
4490,CA-2016-162621,986,403,67,2016-09-05,Standard Class,2016-09-11,4.47
4491,CA-2018-105921,617,50,4,2018-08-14,Standard Class,2018-08-21,418.296
4492,CA-2015-150798,1573,301,48,2015-12-01,Second Class,2015-12-03,659.988
4493,CA-2015-150798,535,301,48,2015-12-01,Second Class,2015-12-03,8.128
4494,CA-2015-150798,1194,301,48,2015-12-01,Second Class,2015-12-03,36.288
4495,CA-2015-150798,378,301,48,2015-12-01,Second Class,2015-12-03,909.72
4496,CA-2018-112753,575,114,4,2018-06-18,Standard Class,2018-06-23,917.9235
4497,CA-2018-112753,330,114,4,2018-06-18,Standard Class,2018-06-23,38.88
4498,CA-2018-155075,116,544,12,2018-12-02,Standard Class,2018-12-09,631.176
4499,CA-2015-103401,1166,745,95,2015-11-21,Standard Class,2015-11-26,12.96
4500,CA-2017-124814,1291,525,410,2017-04-10,Standard Class,2017-04-16,12.96
4501,CA-2017-124814,1459,525,410,2017-04-10,Standard Class,2017-04-16,23.2
4502,CA-2015-116757,511,100,15,2015-06-30,Standard Class,2015-07-04,25.92
4503,CA-2015-116757,463,100,15,2015-06-30,Standard Class,2015-07-04,21.312
4504,US-2015-138247,1671,409,63,2015-12-24,Standard Class,2015-12-29,173.656
4505,US-2015-138247,1108,409,63,2015-12-24,Standard Class,2015-12-29,361.96
4506,US-2015-138247,342,409,63,2015-12-24,Standard Class,2015-12-29,62.85
4507,US-2015-138247,639,409,63,2015-12-24,Standard Class,2015-12-29,818.376
4508,US-2015-138247,1513,409,63,2015-12-24,Standard Class,2015-12-29,20.34
4509,US-2015-138247,929,409,63,2015-12-24,Standard Class,2015-12-29,23.99
4510,CA-2018-167003,720,746,2,2018-05-23,Standard Class,2018-05-29,171.288
4511,CA-2017-119935,1609,367,334,2017-11-10,Standard Class,2017-11-14,37.3
4512,CA-2017-119935,801,367,334,2017-11-10,Standard Class,2017-11-14,81.96
4513,CA-2017-118969,472,432,52,2017-10-02,First Class,2017-10-03,54.792
4514,CA-2017-145240,147,697,33,2017-09-06,First Class,2017-09-08,10.784
4515,CA-2017-120873,1004,573,497,2017-10-27,Second Class,2017-11-01,290.98
4516,US-2018-111920,1584,29,312,2018-10-22,Standard Class,2018-10-26,36.44
4517,US-2017-128678,1672,263,60,2017-09-15,Standard Class,2017-09-20,21.4
4518,US-2017-128678,531,263,60,2017-09-15,Standard Class,2017-09-20,48.664
4519,CA-2017-101385,155,494,10,2017-09-25,Standard Class,2017-10-01,16.56
4520,CA-2018-107167,1673,541,134,2018-06-10,Standard Class,2018-06-14,1347.52
4521,CA-2015-109491,1197,19,238,2015-02-20,Standard Class,2015-02-26,62.31
4522,CA-2015-109491,535,19,238,2015-02-20,Standard Class,2015-02-26,20.32
4523,CA-2018-105445,1329,163,128,2018-02-20,Second Class,2018-02-25,9.432
4524,CA-2015-107454,640,743,24,2015-11-02,Standard Class,2015-11-06,34.86
4525,CA-2015-107454,944,743,24,2015-11-02,Standard Class,2015-11-06,89.34
4526,US-2018-105046,150,337,498,2018-07-17,Standard Class,2018-07-23,269.98
4527,US-2018-105046,1674,337,498,2018-07-17,Standard Class,2018-07-23,99.9
4528,US-2018-105046,29,337,498,2018-07-17,Standard Class,2018-07-23,39.08
4529,CA-2018-152856,1313,277,368,2018-09-08,Second Class,2018-09-10,116.832
4530,CA-2017-134691,1213,111,17,2017-11-14,Standard Class,2017-11-18,2.296
4531,CA-2017-118759,630,94,30,2017-11-14,First Class,2017-11-17,408.006
4532,CA-2017-118759,147,94,30,2017-11-14,First Class,2017-11-17,40.44
4533,CA-2015-140403,24,185,360,2015-10-10,Same Day,2015-10-10,122.352
4534,CA-2015-140403,589,185,360,2015-10-10,Same Day,2015-10-10,15.28
4535,CA-2016-163104,359,306,26,2016-03-19,Standard Class,2016-03-26,11.96
4536,CA-2018-138464,1227,666,61,2018-07-08,Standard Class,2018-07-12,15.84
4537,CA-2018-138464,380,666,61,2018-07-08,Standard Class,2018-07-12,86.376
4538,CA-2018-138464,488,666,61,2018-07-08,Standard Class,2018-07-12,18.24
4539,CA-2018-138464,347,666,61,2018-07-08,Standard Class,2018-07-12,13.12
4540,CA-2016-104129,510,21,259,2016-02-27,Standard Class,2016-03-02,105.98
4541,CA-2016-104129,1530,21,259,2016-02-27,Standard Class,2016-03-02,493.92
4542,US-2018-132206,16,150,156,2018-06-16,Standard Class,2018-06-21,5.936
4543,CA-2018-113474,1675,747,336,2018-03-30,First Class,2018-03-31,325.86
4544,CA-2016-126557,213,211,27,2016-07-12,Second Class,2016-07-17,383.607
4545,CA-2016-126557,919,211,27,2016-07-12,Second Class,2016-07-17,148.48
4546,CA-2016-126557,1486,211,27,2016-07-12,Second Class,2016-07-17,537.544
4547,CA-2016-126557,309,211,27,2016-07-12,Second Class,2016-07-17,1.928
4548,CA-2016-126557,650,211,27,2016-07-12,Second Class,2016-07-17,6.912
4549,CA-2016-126557,276,211,27,2016-07-12,Second Class,2016-07-17,7.76
4550,CA-2016-126557,518,211,27,2016-07-12,Second Class,2016-07-17,659.168
4551,US-2018-107636,1676,393,114,2018-04-30,First Class,2018-05-02,5.76
4552,US-2015-165862,1214,137,14,2015-07-13,Standard Class,2015-07-17,351.216
4553,US-2015-106334,371,224,35,2015-12-27,Standard Class,2016-01-02,230.28
4554,US-2015-106334,631,224,35,2015-12-27,Standard Class,2016-01-02,12.84
4555,CA-2017-101448,93,519,499,2017-02-27,Second Class,2017-03-01,56.82
4556,CA-2016-130218,551,496,329,2016-03-23,First Class,2016-03-26,31.56
4557,CA-2016-130218,701,496,329,2016-03-23,First Class,2016-03-26,27.92
4558,US-2018-117331,698,445,276,2018-10-21,Standard Class,2018-10-28,8.559
4559,CA-2015-127383,1504,699,294,2015-12-31,Standard Class,2016-01-05,49.568
4560,CA-2015-110219,65,13,66,2015-05-05,First Class,2015-05-08,127.869
4561,CA-2016-118871,232,448,14,2016-12-04,Second Class,2016-12-09,271.44
4562,CA-2016-118871,1677,448,14,2016-12-04,Second Class,2016-12-09,110.352
4563,CA-2016-118871,1678,448,14,2016-12-04,Second Class,2016-12-09,36.4
4564,CA-2018-129490,1586,320,474,2018-09-26,Standard Class,2018-09-30,419.136
4565,CA-2015-101175,1019,679,155,2015-12-09,Standard Class,2015-12-14,100.704
4566,US-2018-149510,552,431,306,2018-12-03,Standard Class,2018-12-10,45.216
4567,US-2018-149510,1400,431,306,2018-12-03,Standard Class,2018-12-10,28.782
4568,US-2018-149510,828,431,306,2018-12-03,Standard Class,2018-12-10,24.448
4569,CA-2016-111990,45,552,15,2016-11-08,Standard Class,2016-11-13,10.476
4570,CA-2015-169460,217,377,59,2015-04-19,Second Class,2015-04-21,76.14
4571,US-2016-152128,1659,135,477,2016-05-25,Second Class,2016-05-27,21.24
4572,US-2016-152128,1243,135,477,2016-05-25,Second Class,2016-05-27,127.96
4573,CA-2018-126662,852,438,2,2018-07-17,Standard Class,2018-07-21,479.984
4574,CA-2017-139395,540,378,31,2017-12-12,Standard Class,2017-12-18,657.93
4575,CA-2017-139395,905,378,31,2017-12-12,Standard Class,2017-12-18,33.48
4576,CA-2017-139395,325,378,31,2017-12-12,Standard Class,2017-12-18,13.9
4577,CA-2017-139395,1679,378,31,2017-12-12,Standard Class,2017-12-18,26.86
4578,US-2015-121734,1225,340,500,2015-04-11,Standard Class,2015-04-16,9.584
4579,CA-2016-110947,444,327,497,2016-06-09,Standard Class,2016-06-15,113.1
4580,US-2015-150126,1680,443,46,2015-07-27,Standard Class,2015-08-02,65.78
4581,CA-2016-164427,241,154,501,2016-07-31,Standard Class,2016-08-06,239.7
4582,CA-2017-120250,1681,400,12,2017-09-19,First Class,2017-09-22,25.632
4583,CA-2017-121993,1648,678,12,2017-06-10,First Class,2017-06-12,23.616
4584,US-2017-100405,106,748,63,2017-08-26,Second Class,2017-08-28,8.26
4585,US-2018-163790,467,645,502,2018-11-02,Second Class,2018-11-04,76.58
4586,US-2018-163790,1274,645,502,2018-11-02,Second Class,2018-11-04,8.8
4587,US-2018-163790,1682,645,502,2018-11-02,Second Class,2018-11-04,590.352
4588,US-2018-163790,803,645,502,2018-11-02,Second Class,2018-11-04,5.58
4589,US-2018-163790,1683,645,502,2018-11-02,Second Class,2018-11-04,25.02
4590,US-2018-163790,558,645,502,2018-11-02,Second Class,2018-11-04,452.55
4591,CA-2017-129868,1281,306,26,2017-12-26,Standard Class,2017-12-31,17.76
4592,CA-2017-129868,8,306,26,2017-12-26,Standard Class,2017-12-31,302.384
4593,CA-2017-129868,1535,306,26,2017-12-26,Standard Class,2017-12-31,146.352
4594,CA-2017-129868,1684,306,26,2017-12-26,Standard Class,2017-12-31,7.9
4595,CA-2017-129868,216,306,26,2017-12-26,Standard Class,2017-12-31,902.712
4596,CA-2017-129868,647,306,26,2017-12-26,Standard Class,2017-12-31,53.97
4597,CA-2017-140564,754,680,226,2017-12-05,Second Class,2017-12-10,33.92
4598,US-2018-169502,516,378,202,2018-08-28,Standard Class,2018-09-01,21.81
4599,US-2018-169502,1550,378,202,2018-08-28,Standard Class,2018-09-01,91.6
4600,CA-2016-146948,532,451,308,2016-07-16,Standard Class,2016-07-20,150.98
4601,CA-2016-146948,374,451,308,2016-07-16,Standard Class,2016-07-20,137.25
4602,CA-2016-146948,1580,451,308,2016-07-16,Standard Class,2016-07-20,11.52
4603,US-2016-113327,1275,409,223,2016-05-26,Second Class,2016-05-29,18.272
4604,US-2016-113327,1685,409,223,2016-05-26,Second Class,2016-05-29,153.728
4605,US-2016-113327,662,409,223,2016-05-26,Second Class,2016-05-29,12.224
4606,US-2016-113327,247,409,223,2016-05-26,Second Class,2016-05-29,167.944
4607,CA-2016-135020,41,475,145,2016-05-28,Standard Class,2016-06-02,45.99
4608,CA-2016-135020,519,475,145,2016-05-28,Standard Class,2016-06-02,535.41
4609,CA-2016-135020,537,475,145,2016-05-28,Standard Class,2016-06-02,6.096
4610,CA-2016-135020,1331,475,145,2016-05-28,Standard Class,2016-06-02,45.36
4611,US-2018-141852,326,33,219,2018-11-09,Standard Class,2018-11-14,47.12
4612,CA-2017-109407,461,429,252,2017-01-24,Second Class,2017-01-26,31.36
4613,US-2017-165953,398,213,134,2017-12-31,Standard Class,2018-01-06,47.616
4614,US-2017-165953,708,213,134,2017-12-31,Standard Class,2018-01-06,23.48
4615,CA-2017-144540,550,690,33,2017-09-05,Standard Class,2017-09-10,62.79
4616,CA-2017-144540,1433,690,33,2017-09-05,Standard Class,2017-09-10,28.44
4617,CA-2016-159863,202,104,15,2016-09-04,Second Class,2016-09-07,134.376
4618,CA-2016-117800,1539,275,289,2016-09-21,Standard Class,2016-09-26,589.9
4619,CA-2016-117800,324,275,289,2016-09-21,Standard Class,2016-09-26,542.94
4620,CA-2018-145219,307,85,14,2018-12-24,First Class,2018-12-25,2879.952
4621,CA-2018-145219,444,85,14,2018-12-24,First Class,2018-12-25,90.48
4622,CA-2016-161214,178,246,50,2016-10-05,Second Class,2016-10-08,77.55
4623,CA-2018-147228,328,3,85,2018-09-09,Standard Class,2018-09-14,8.832
4624,CA-2018-147228,448,3,85,2018-09-09,Standard Class,2018-09-14,177.536
4625,CA-2018-147228,766,3,85,2018-09-09,Standard Class,2018-09-14,258.48
4626,CA-2018-147228,326,3,85,2018-09-09,Standard Class,2018-09-14,14.136
4627,CA-2017-101336,171,317,165,2017-11-13,Standard Class,2017-11-18,77.55
4628,CA-2017-101336,254,317,165,2017-11-13,Standard Class,2017-11-18,24.88
4629,CA-2017-101336,1474,317,165,2017-11-13,Standard Class,2017-11-18,140.75
4630,CA-2017-101336,763,317,165,2017-11-13,Standard Class,2017-11-18,36.63
4631,US-2016-126235,1686,316,503,2016-10-15,Same Day,2016-10-15,17.14
4632,CA-2018-168396,489,233,35,2018-08-03,Second Class,2018-08-08,51.75
4633,CA-2018-168396,480,233,35,2018-08-03,Second Class,2018-08-08,123.96
4634,CA-2016-130456,1687,104,35,2016-08-21,Standard Class,2016-08-26,586.398
4635,CA-2016-130456,460,104,35,2016-08-21,Standard Class,2016-08-26,80.98
4636,CA-2018-116288,460,511,35,2018-03-12,Standard Class,2018-03-17,242.94
4637,CA-2018-168228,291,276,63,2018-04-27,First Class,2018-04-29,123.92
4638,CA-2018-168228,106,276,63,2018-04-27,First Class,2018-04-29,12.39
4639,CA-2018-168228,1560,276,63,2018-04-27,First Class,2018-04-29,47.3
4640,CA-2017-102162,1688,536,389,2017-09-11,Standard Class,2017-09-16,1599.92
4641,CA-2017-102162,1476,536,389,2017-09-11,Standard Class,2017-09-16,11.09
4642,CA-2018-130141,447,457,376,2018-10-22,Second Class,2018-10-24,3.168
4643,CA-2018-130141,1689,457,376,2018-10-22,Second Class,2018-10-24,579.136
4644,CA-2016-147501,1407,477,60,2016-08-02,Standard Class,2016-08-06,6.368
4645,CA-2016-147501,1492,477,60,2016-08-02,Standard Class,2016-08-06,558.4
4646,CA-2017-143910,406,605,165,2017-08-12,Standard Class,2017-08-16,145.764
4647,CA-2015-146885,703,226,196,2015-05-30,Standard Class,2015-06-05,13.62
4648,CA-2017-139556,1579,749,30,2017-04-26,Standard Class,2017-05-01,434.646
4649,CA-2018-129357,1690,11,6,2018-05-14,Standard Class,2018-05-19,440.19
4650,CA-2018-129357,506,11,6,2018-05-14,Standard Class,2018-05-19,64.4
4651,CA-2018-150987,1185,572,95,2018-04-08,Standard Class,2018-04-12,244.55
4652,CA-2018-150987,1439,572,95,2018-04-08,Standard Class,2018-04-12,195.76
4653,CA-2018-132647,1018,690,347,2018-02-17,Standard Class,2018-02-23,11.76
4654,CA-2018-132647,1292,690,347,2018-02-17,Standard Class,2018-02-23,166.45
4655,CA-2018-159107,1580,410,95,2018-06-24,Second Class,2018-06-26,2.88
4656,CA-2015-160738,87,543,482,2015-05-05,Standard Class,2015-05-10,45.248
4657,CA-2016-112130,727,648,12,2016-05-03,Standard Class,2016-05-07,59.904
4658,CA-2016-112130,668,648,12,2016-05-03,Standard Class,2016-05-07,23.696
4659,CA-2016-112130,389,648,12,2016-05-03,Standard Class,2016-05-07,7.968
4660,CA-2016-112130,190,648,12,2016-05-03,Standard Class,2016-05-07,18.2
4661,CA-2016-112130,1691,648,12,2016-05-03,Standard Class,2016-05-07,27.552
4662,CA-2016-112130,229,648,12,2016-05-03,Standard Class,2016-05-07,844.116
4663,CA-2016-112130,912,648,12,2016-05-03,Standard Class,2016-05-07,76.752
4664,CA-2017-111409,548,139,134,2017-09-18,Standard Class,2017-09-22,3.0
4665,CA-2017-116232,758,550,119,2017-09-22,Standard Class,2017-09-26,7.506
4666,CA-2017-116232,323,550,119,2017-09-22,Standard Class,2017-09-26,16.56
4667,CA-2017-116547,892,11,61,2017-01-10,Standard Class,2017-01-17,79.92
4668,CA-2017-116547,344,11,61,2017-01-10,Standard Class,2017-01-17,69.98
4669,US-2018-133200,556,588,7,2018-05-06,Standard Class,2018-05-11,11.06
4670,US-2018-133200,420,588,7,2018-05-06,Standard Class,2018-05-11,623.4648
4671,US-2018-133200,1663,588,7,2018-05-06,Standard Class,2018-05-11,772.68
4672,CA-2017-133550,1153,108,186,2017-07-31,Standard Class,2017-08-06,283.14
4673,CA-2017-133550,560,108,186,2017-07-31,Standard Class,2017-08-06,635.96
4674,CA-2017-133550,1271,108,186,2017-07-31,Standard Class,2017-08-06,118.99
4675,CA-2017-133550,270,108,186,2017-07-31,Standard Class,2017-08-06,272.94
4676,CA-2018-139416,1442,9,75,2018-03-27,Second Class,2018-03-29,15.008
4677,CA-2015-114510,1340,640,504,2015-03-14,Standard Class,2015-03-19,33.088
4678,CA-2015-114510,460,640,504,2015-03-14,Standard Class,2015-03-19,80.98
4679,CA-2015-114510,1692,640,504,2015-03-14,Standard Class,2015-03-19,82.8
4680,CA-2015-114510,684,640,504,2015-03-14,Standard Class,2015-03-19,21.36
4681,CA-2015-114510,1562,640,504,2015-03-14,Standard Class,2015-03-19,62.048
4682,CA-2017-169215,1322,682,136,2017-07-14,Second Class,2017-07-18,29.61
4683,CA-2017-127698,1212,161,314,2017-12-01,Same Day,2017-12-01,863.928
4684,CA-2017-159912,1530,335,75,2017-08-29,Standard Class,2017-09-03,241.92
4685,CA-2017-159912,1633,335,75,2017-08-29,Standard Class,2017-09-03,163.88
4686,CA-2017-159912,700,335,75,2017-08-29,Standard Class,2017-09-03,3.486
4687,CA-2017-159912,970,335,75,2017-08-29,Standard Class,2017-09-03,10.584
4688,CA-2017-101987,1693,333,238,2017-06-24,Standard Class,2017-06-30,440.91
4689,US-2018-154851,32,670,208,2018-03-30,Standard Class,2018-04-03,5.715
4690,CA-2015-138681,1417,565,116,2015-12-20,First Class,2015-12-22,51.968
4691,CA-2015-138681,247,565,116,2015-12-20,First Class,2015-12-22,71.976
4692,CA-2015-138681,212,565,116,2015-12-20,First Class,2015-12-22,242.352
4693,CA-2015-138681,448,565,116,2015-12-20,First Class,2015-12-22,221.92
4694,CA-2015-138681,1437,565,116,2015-12-20,First Class,2015-12-22,8.448
4695,US-2016-138121,778,253,186,2016-12-17,Same Day,2016-12-17,29.52
4696,US-2016-138121,932,253,186,2016-12-17,Same Day,2016-12-17,302.94
4697,US-2016-138121,1460,253,186,2016-12-17,Same Day,2016-12-17,142.36
4698,US-2016-138121,164,253,186,2016-12-17,Same Day,2016-12-17,546.66
4699,US-2016-138121,1455,253,186,2016-12-17,Same Day,2016-12-17,212.13
4700,CA-2018-140298,1610,452,111,2018-05-11,Standard Class,2018-05-17,5.248
4701,CA-2018-140298,244,452,111,2018-05-11,Standard Class,2018-05-17,74.416
4702,CA-2018-140298,631,452,111,2018-05-11,Standard Class,2018-05-17,6.848
4703,CA-2018-140298,297,452,111,2018-05-11,Standard Class,2018-05-17,7.996
4704,CA-2017-166240,1113,705,15,2017-06-24,Standard Class,2017-06-28,8.712
4705,CA-2017-158435,661,152,505,2017-05-17,First Class,2017-05-18,65.17
4706,CA-2017-158435,149,152,505,2017-05-17,First Class,2017-05-18,14.62
4707,CA-2017-158435,785,152,505,2017-05-17,First Class,2017-05-18,173.24
4708,CA-2018-138149,1189,577,14,2018-06-29,First Class,2018-06-30,895.92
4709,CA-2018-138149,124,577,14,2018-06-29,First Class,2018-06-30,130.71
4710,CA-2018-138149,810,577,14,2018-06-29,First Class,2018-06-30,11.68
4711,CA-2018-138149,1197,577,14,2018-06-29,First Class,2018-06-30,62.31
4712,CA-2015-112403,799,124,75,2015-03-31,Same Day,2015-03-31,0.852
4713,CA-2015-108273,816,720,144,2015-12-16,Standard Class,2015-12-21,36.288
4714,CA-2015-108273,1455,720,144,2015-12-16,Standard Class,2015-12-21,56.568
4715,CA-2018-121643,884,456,41,2018-05-18,First Class,2018-05-20,344.704
4716,US-2016-122910,1067,399,128,2016-05-12,Standard Class,2016-05-16,201.584
4717,CA-2018-143126,972,476,61,2018-12-03,Second Class,2018-12-07,521.96
4718,CA-2016-129042,449,76,308,2016-12-12,Standard Class,2016-12-17,8.22
4719,CA-2016-109736,512,250,10,2016-10-10,First Class,2016-10-11,45.36
4720,CA-2016-142601,274,369,26,2016-04-18,Second Class,2016-04-20,947.17
4721,CA-2016-142601,1694,369,26,2016-04-18,Second Class,2016-04-20,61.96
4722,CA-2015-106229,364,750,174,2015-06-07,Second Class,2015-06-11,268.935
4723,US-2018-135230,774,279,6,2018-09-01,Standard Class,2018-09-07,7.58
4724,CA-2017-159653,523,224,506,2017-05-22,Same Day,2017-05-22,14.73
4725,CA-2017-131968,92,698,331,2017-11-11,Standard Class,2017-11-15,9.888
4726,CA-2017-131968,138,698,331,2017-11-11,Standard Class,2017-11-15,671.544
4727,CA-2015-119151,1363,487,30,2015-11-25,Second Class,2015-11-29,1117.92
4728,CA-2015-119151,1122,487,30,2015-11-25,Second Class,2015-11-29,275.952
4729,CA-2015-123323,716,24,95,2015-11-07,Standard Class,2015-11-12,123.144
4730,CA-2017-124681,1695,604,163,2017-07-18,Second Class,2017-07-23,15.576
4731,US-2016-103996,130,580,189,2016-03-29,Second Class,2016-03-31,212.64
4732,US-2016-103996,1129,580,189,2016-03-29,Second Class,2016-03-31,9.87
4733,US-2016-103996,937,580,189,2016-03-29,Second Class,2016-03-31,53.25
4734,US-2016-103996,1495,580,189,2016-03-29,Second Class,2016-03-31,19.92
4735,CA-2017-120530,2,115,46,2017-04-07,Standard Class,2017-04-12,658.746
4736,CA-2016-155054,926,391,507,2016-06-13,Standard Class,2016-06-19,8.26
4737,CA-2016-155054,529,391,507,2016-06-13,Standard Class,2016-06-19,29.84
4738,CA-2016-155054,152,391,507,2016-06-13,Standard Class,2016-06-19,67.98
4739,CA-2016-105725,581,151,107,2016-02-18,Standard Class,2016-02-24,61.06
4740,CA-2016-105725,973,151,107,2016-02-18,Standard Class,2016-02-24,35.544
4741,CA-2018-164364,691,395,61,2018-11-12,Standard Class,2018-11-16,9.96
4742,CA-2018-164364,1321,395,61,2018-11-12,Standard Class,2018-11-16,9.21
4743,CA-2018-164364,661,395,61,2018-11-12,Standard Class,2018-11-16,27.93
4744,CA-2018-168123,1433,149,39,2018-03-05,Same Day,2018-03-05,7.9
4745,CA-2018-168123,1126,149,39,2018-03-05,Same Day,2018-03-05,221.16
4746,CA-2018-168123,670,149,39,2018-03-05,Same Day,2018-03-05,127.96
4747,CA-2018-168123,800,149,39,2018-03-05,Same Day,2018-03-05,18.69
4748,CA-2017-120005,1567,379,95,2017-03-03,Same Day,2017-03-03,25.35
4749,CA-2017-120005,1531,379,95,2017-03-03,Same Day,2017-03-03,35.28
4750,CA-2017-123526,482,297,6,2017-12-24,First Class,2017-12-25,33.4
4751,CA-2017-127649,1492,394,321,2017-10-07,First Class,2017-10-09,837.6
4752,CA-2017-159989,1050,13,79,2017-12-09,Standard Class,2017-12-13,40.68
4753,CA-2018-103499,542,302,280,2018-11-20,Standard Class,2018-11-24,209.568
4754,US-2016-167220,1696,103,111,2016-12-12,Standard Class,2016-12-16,22.368
4755,CA-2018-126354,626,619,119,2018-02-03,Standard Class,2018-02-08,3.882
4756,CA-2018-126354,1697,619,119,2018-02-03,Standard Class,2018-02-08,115.296
4757,CA-2018-169817,1311,13,106,2018-09-21,Standard Class,2018-09-25,1.908
4758,US-2018-144582,583,680,508,2018-04-30,Standard Class,2018-05-05,43.372
4759,CA-2015-121573,470,612,30,2015-11-03,Standard Class,2015-11-07,783.96
4760,CA-2015-121573,998,612,30,2015-11-03,Standard Class,2015-11-07,48.896
4761,CA-2015-121573,697,612,30,2015-11-03,Standard Class,2015-11-07,7.856
4762,CA-2017-117660,1648,299,48,2017-12-30,Standard Class,2018-01-04,5.904
4763,CA-2017-117660,1258,299,48,2017-12-30,Standard Class,2018-01-04,13.712
4764,CA-2015-112851,1698,750,458,2015-09-17,Standard Class,2015-09-21,182.94
4765,CA-2018-123701,925,311,95,2018-11-24,First Class,2018-11-27,27.76
4766,CA-2016-118227,1063,490,30,2016-04-24,Standard Class,2016-04-28,25.99
4767,CA-2016-123155,722,375,66,2016-03-09,First Class,2016-03-12,113.52
4768,CA-2016-123155,1188,375,66,2016-03-09,First Class,2016-03-12,359.88
4769,CA-2018-158883,1589,751,223,2018-06-02,Same Day,2018-06-03,25.344
4770,US-2017-114888,592,255,10,2017-09-19,Second Class,2017-09-24,11.952
4771,US-2017-114888,1699,255,10,2017-09-19,Second Class,2017-09-24,6.24
4772,US-2015-167262,40,550,509,2015-10-31,Second Class,2015-11-03,742.336
4773,CA-2018-119746,1373,201,27,2018-11-23,Standard Class,2018-11-27,6.464
4774,CA-2018-119746,746,201,27,2018-11-23,Standard Class,2018-11-27,11.52
4775,CA-2018-119746,873,201,27,2018-11-23,Standard Class,2018-11-27,222.384
4776,CA-2018-108091,810,736,246,2018-11-16,Standard Class,2018-11-21,23.36
4777,CA-2017-101630,866,317,255,2017-02-19,Second Class,2017-02-23,8.67
4778,CA-2017-101630,1258,317,255,2017-02-19,Second Class,2017-02-23,25.71
4779,CA-2018-132346,337,8,285,2018-11-07,Standard Class,2018-11-11,100.94
4780,CA-2015-150301,475,660,250,2015-07-08,First Class,2015-07-10,63.882
4781,CA-2015-159310,1424,57,33,2015-11-07,Standard Class,2015-11-12,683.144
4782,CA-2015-159310,1700,57,33,2015-11-07,Standard Class,2015-11-12,1.476
4783,CA-2015-159310,516,57,33,2015-11-07,Standard Class,2015-11-12,40.712
4784,US-2018-147984,965,674,477,2018-01-28,Standard Class,2018-02-01,279.9
4785,CA-2016-104346,1356,6,98,2016-12-11,Standard Class,2016-12-16,13.12
4786,CA-2016-104346,1369,6,98,2016-12-11,Standard Class,2016-12-16,69.576
4787,CA-2016-104346,825,6,98,2016-12-11,Standard Class,2016-12-16,4.224
4788,CA-2016-104346,1701,6,98,2016-12-11,Standard Class,2016-12-16,58.08
4789,CA-2016-104346,1028,6,98,2016-12-11,Standard Class,2016-12-16,52.416
4790,CA-2016-104346,1002,6,98,2016-12-11,Standard Class,2016-12-16,54.92
4791,CA-2016-104346,1343,6,98,2016-12-11,Standard Class,2016-12-16,364.95
4792,CA-2016-104346,779,6,98,2016-12-11,Standard Class,2016-12-16,85.056
4793,CA-2016-104346,97,6,98,2016-12-11,Standard Class,2016-12-16,27.696
4794,US-2016-141684,911,515,165,2016-06-29,Standard Class,2016-07-04,24.96
4795,CA-2016-144722,1619,752,2,2016-03-16,Standard Class,2016-03-23,43.13
4796,CA-2016-120516,621,243,510,2016-08-13,Standard Class,2016-08-17,5.64
4797,US-2017-148901,1243,150,134,2017-05-14,Standard Class,2017-05-19,57.582
4798,US-2017-148901,1348,150,134,2017-05-14,Standard Class,2017-05-19,31.104
4799,US-2017-148901,1599,150,134,2017-05-14,Standard Class,2017-05-19,30.192
4800,US-2017-148901,48,150,134,2017-05-14,Standard Class,2017-05-19,43.6
4801,US-2017-148901,1702,150,134,2017-05-14,Standard Class,2017-05-19,4.768
4802,US-2017-148901,154,150,134,2017-05-14,Standard Class,2017-05-19,10.38
4803,US-2017-148901,79,150,134,2017-05-14,Standard Class,2017-05-19,13.392
4804,CA-2018-136364,782,709,12,2018-07-13,Second Class,2018-07-17,39.594
4805,CA-2018-136364,1309,709,12,2018-07-13,Second Class,2018-07-17,91.008
4806,CA-2016-137708,641,160,142,2016-11-22,Second Class,2016-11-25,37.94
4807,CA-2016-137708,1451,160,142,2016-11-22,Second Class,2016-11-25,42.8
4808,CA-2016-137708,603,160,142,2016-11-22,Second Class,2016-11-25,33.63
4809,CA-2015-149055,1250,537,64,2015-11-23,Standard Class,2015-11-28,62.808
4810,CA-2016-151589,1690,682,424,2016-12-27,First Class,2016-12-30,195.64
4811,CA-2016-151589,1192,682,424,2016-12-27,First Class,2016-12-30,239.9
4812,CA-2017-121370,324,687,64,2017-11-14,Second Class,2017-11-19,380.058
4813,CA-2017-121370,362,687,64,2017-11-14,Second Class,2017-11-19,1199.976
4814,CA-2017-121370,1703,687,64,2017-11-14,Second Class,2017-11-19,48.576
4815,CA-2017-111696,151,578,26,2017-05-08,First Class,2017-05-10,17.94
4816,CA-2015-139598,230,727,64,2015-12-26,Standard Class,2015-12-31,18.264
4817,CA-2015-139598,1657,727,64,2015-12-26,Standard Class,2015-12-31,34.656
4818,CA-2015-139598,544,727,64,2015-12-26,Standard Class,2015-12-31,81.552
4819,CA-2015-139598,1044,727,64,2015-12-26,Standard Class,2015-12-31,227.136
4820,CA-2018-117436,1500,753,212,2018-06-08,Standard Class,2018-06-14,10.36
4821,CA-2016-140025,1365,725,66,2016-04-07,Standard Class,2016-04-11,463.248
4822,CA-2016-140025,658,725,66,2016-04-07,Standard Class,2016-04-11,383.952
4823,CA-2017-134222,445,126,511,2017-07-10,Same Day,2017-07-11,44.856
4824,CA-2017-140018,1704,238,48,2017-11-21,Standard Class,2017-11-26,30.345
4825,CA-2017-140018,164,238,48,2017-11-21,Standard Class,2017-11-26,127.554
4826,CA-2017-140018,1417,238,48,2017-11-21,Standard Class,2017-11-26,77.952
4827,US-2018-136707,237,532,2,2018-11-12,First Class,2018-11-15,14.016
4828,CA-2015-152562,1157,706,127,2015-11-01,Standard Class,2015-11-08,69.52
4829,CA-2015-152562,869,706,127,2015-11-01,Standard Class,2015-11-08,5.64
4830,CA-2017-152408,1213,628,46,2017-05-15,Standard Class,2017-05-21,13.776
4831,CA-2015-120278,1361,334,512,2015-11-07,Standard Class,2015-11-12,245.88
4832,CA-2015-120278,763,334,512,2015-11-07,Standard Class,2015-11-12,36.63
4833,CA-2015-120278,1012,334,512,2015-11-07,Standard Class,2015-11-12,22.58
4834,CA-2015-120278,926,334,512,2015-11-07,Standard Class,2015-11-12,12.39
4835,CA-2018-167661,1231,487,95,2018-10-05,Standard Class,2018-10-10,39.92
4836,CA-2018-167661,1324,487,95,2018-10-05,Standard Class,2018-10-10,61.96
4837,CA-2018-167661,800,487,95,2018-10-05,Standard Class,2018-10-10,19.936
4838,CA-2018-106831,859,652,83,2018-06-01,First Class,2018-06-03,3.798
4839,CA-2018-106831,875,652,83,2018-06-01,First Class,2018-06-03,27.744
4840,CA-2018-106831,195,652,83,2018-06-01,First Class,2018-06-03,158.376
4841,CA-2018-154123,94,338,1,2018-11-20,Standard Class,2018-11-25,27.58
4842,CA-2017-136049,1489,393,392,2017-12-23,Standard Class,2017-12-28,5.553
4843,CA-2018-118402,887,124,32,2018-09-29,Standard Class,2018-10-04,243.92
4844,US-2017-139388,1029,694,101,2017-11-07,First Class,2017-11-09,14.96
4845,US-2015-128685,308,90,142,2015-04-04,First Class,2015-04-05,7.184
4846,CA-2016-124044,237,235,145,2016-07-23,Second Class,2016-07-26,10.512
4847,CA-2015-164469,804,137,161,2015-06-25,Second Class,2015-06-27,263.96
4848,CA-2015-164469,360,137,161,2015-06-25,Second Class,2015-06-27,71.632
4849,CA-2015-164469,1133,137,161,2015-06-25,Second Class,2015-06-27,9.328
4850,CA-2015-107818,426,508,513,2015-09-08,Standard Class,2015-09-14,5.88
4851,CA-2015-107818,2,508,513,2015-09-08,Standard Class,2015-09-14,975.92
4852,CA-2015-107818,109,508,513,2015-09-08,Standard Class,2015-09-14,303.84
4853,CA-2015-107818,460,508,513,2015-09-08,Standard Class,2015-09-14,485.88
4854,CA-2015-113320,1007,110,233,2015-12-12,Second Class,2015-12-15,12.54
4855,CA-2015-113320,384,110,233,2015-12-12,Second Class,2015-12-15,8.94
4856,CA-2015-113320,51,110,233,2015-12-12,Second Class,2015-12-15,9.24
4857,CA-2016-137526,706,172,26,2016-01-13,Standard Class,2016-01-17,70.008
4858,CA-2016-137526,276,172,26,2016-01-13,Standard Class,2016-01-17,77.6
4859,CA-2016-137526,1705,172,26,2016-01-13,Standard Class,2016-01-17,464.85
4860,CA-2018-136063,1064,165,514,2018-12-15,Standard Class,2018-12-19,10.192
4861,CA-2017-101546,1177,137,93,2017-12-18,Standard Class,2017-12-24,1793.98
4862,CA-2015-138940,1357,40,111,2015-04-11,Second Class,2015-04-16,758.352
4863,CA-2017-125164,987,65,165,2017-11-10,Standard Class,2017-11-14,20.368
4864,CA-2017-125164,351,65,165,2017-11-10,Standard Class,2017-11-14,49.848
4865,CA-2018-163531,517,57,24,2018-06-26,Standard Class,2018-06-30,239.97
4866,CA-2018-122490,446,75,6,2018-11-13,Standard Class,2018-11-18,2404.704
4867,CA-2018-122490,1243,75,6,2018-11-13,Standard Class,2018-11-18,563.024
4868,CA-2018-122490,157,75,6,2018-11-13,Standard Class,2018-11-18,344.91
4869,CA-2018-122490,746,75,6,2018-11-13,Standard Class,2018-11-18,8.64
4870,CA-2018-131366,930,465,208,2018-11-24,Standard Class,2018-11-29,89.988
4871,CA-2018-131366,1128,465,208,2018-11-24,Standard Class,2018-11-29,229.544
4872,CA-2018-164042,1706,108,15,2018-05-23,Standard Class,2018-05-27,1.824
4873,CA-2018-164042,1550,108,15,2018-05-23,Standard Class,2018-05-27,18.32
4874,CA-2018-164042,1513,108,15,2018-05-23,Standard Class,2018-05-27,48.816
4875,CA-2018-164042,306,108,15,2018-05-23,Standard Class,2018-05-27,1.188
4876,CA-2015-132864,539,472,48,2015-12-02,Standard Class,2015-12-07,119.8
4877,US-2015-155817,1425,360,36,2015-10-03,Standard Class,2015-10-09,61.568
4878,US-2015-155817,680,360,36,2015-10-03,Standard Class,2015-10-09,6.192
4879,US-2017-131891,1700,618,515,2017-07-29,First Class,2017-07-31,2.214
4880,CA-2018-143567,1511,534,1,2018-11-02,Second Class,2018-11-05,5.32
4881,CA-2018-143567,2,534,1,2018-11-02,Second Class,2018-11-05,975.92
4882,CA-2018-143567,1288,534,1,2018-11-02,Second Class,2018-11-05,2249.91
4883,CA-2018-143567,356,534,1,2018-11-02,Second Class,2018-11-05,59.92
4884,CA-2018-104080,1637,118,159,2018-03-08,Standard Class,2018-03-15,171.2
4885,CA-2018-104080,1643,118,159,2018-03-08,Standard Class,2018-03-15,3.36
4886,CA-2015-151379,1139,282,84,2015-12-16,Standard Class,2015-12-20,114.2
4887,CA-2017-163167,213,576,510,2017-11-28,Second Class,2017-12-01,182.67
4888,CA-2017-163167,659,576,510,2017-11-28,Second Class,2017-12-01,101.7
4889,CA-2017-163167,459,576,510,2017-11-28,Second Class,2017-12-01,1126.02
4890,CA-2017-163167,1673,576,510,2017-11-28,Second Class,2017-12-01,1263.3
4891,CA-2017-135776,455,554,6,2017-12-23,Standard Class,2017-12-30,8.82
4892,CA-2017-135776,1238,554,6,2017-12-23,Standard Class,2017-12-30,37.94
4893,CA-2017-135776,1707,554,6,2017-12-23,Standard Class,2017-12-30,4.2
4894,CA-2017-135776,419,554,6,2017-12-23,Standard Class,2017-12-30,227.28
4895,CA-2017-135776,137,554,6,2017-12-23,Standard Class,2017-12-30,47.9
4896,CA-2017-135776,1504,554,6,2017-12-23,Standard Class,2017-12-30,61.96
4897,CA-2017-135776,1363,554,6,2017-12-23,Standard Class,2017-12-30,1117.92
4898,US-2015-122021,1402,664,271,2015-10-15,First Class,2015-10-17,183.372
4899,US-2015-122021,389,664,271,2015-10-15,First Class,2015-10-17,7.968
4900,CA-2017-130484,1046,496,427,2017-08-22,Standard Class,2017-08-27,26.352
4901,CA-2018-120936,773,120,159,2018-12-17,Standard Class,2018-12-21,481.32
4902,CA-2018-120936,1353,120,159,2018-12-17,Standard Class,2018-12-21,13.98
4903,CA-2018-110884,807,130,46,2018-03-07,Standard Class,2018-03-12,25.92
4904,CA-2018-110884,581,130,46,2018-03-07,Standard Class,2018-03-12,91.59
4905,US-2015-161613,624,205,33,2015-12-01,Second Class,2015-12-03,674.058
4906,US-2015-146353,1548,532,209,2015-10-14,Second Class,2015-10-16,22.92
4907,US-2015-146353,399,532,209,2015-10-14,Second Class,2015-10-16,269.9
4908,CA-2015-133809,1182,653,323,2015-11-18,Second Class,2015-11-23,11.808
4909,CA-2015-133809,1708,653,323,2015-11-18,Second Class,2015-11-23,9.588
4910,CA-2018-127306,589,4,340,2018-01-14,Standard Class,2018-01-18,18.336
4911,CA-2018-127306,713,4,340,2018-01-14,Standard Class,2018-01-18,36.288
4912,CA-2018-127306,432,4,340,2018-01-14,Standard Class,2018-01-18,111.984
4913,CA-2018-127306,1407,4,340,2018-01-14,Standard Class,2018-01-18,5.97
4914,CA-2018-127306,808,4,340,2018-01-14,Standard Class,2018-01-18,2.508
4915,CA-2016-161830,31,251,60,2016-09-24,Second Class,2016-09-26,35.96
4916,CA-2016-161830,800,251,60,2016-09-24,Second Class,2016-09-26,14.952
4917,CA-2018-163125,370,94,516,2018-10-09,Second Class,2018-10-11,67.144
4918,CA-2018-163125,1709,94,516,2018-10-09,Second Class,2018-10-11,254.058
4919,CA-2017-160304,267,607,517,2017-01-02,Standard Class,2017-01-07,173.94
4920,CA-2017-160304,1134,607,517,2017-01-02,Standard Class,2017-01-07,231.98
4921,CA-2018-101728,1213,624,156,2018-08-19,Standard Class,2018-08-23,2.296
4922,CA-2018-114055,1697,415,364,2018-12-25,Second Class,2018-12-29,96.08
4923,CA-2018-114055,805,415,364,2018-12-25,Second Class,2018-12-29,3.62
4924,CA-2018-114055,922,415,364,2018-12-25,Second Class,2018-12-29,629.1
4925,CA-2018-114055,1410,415,364,2018-12-25,Second Class,2018-12-29,90.48
4926,CA-2018-126438,1454,754,129,2018-09-10,First Class,2018-09-13,14.88
4927,CA-2018-117653,963,374,37,2018-10-19,Standard Class,2018-10-23,91.275
4928,CA-2018-143245,1194,58,70,2018-12-01,Standard Class,2018-12-06,19.44
4929,CA-2018-143245,1181,58,70,2018-12-01,Standard Class,2018-12-06,897.15
4930,US-2015-138828,333,45,30,2015-09-02,First Class,2015-09-03,57.75
4931,US-2015-138828,812,45,30,2015-09-02,First Class,2015-09-03,14.94
4932,CA-2018-143651,1176,525,6,2018-03-25,Standard Class,2018-03-30,23.1
4933,CA-2016-106978,1359,234,43,2016-09-28,Standard Class,2016-10-04,12.536
4934,CA-2016-106978,752,234,43,2016-09-28,Standard Class,2016-10-04,1.08
4935,CA-2016-106978,1015,234,43,2016-09-28,Standard Class,2016-10-04,4.512
4936,CA-2016-155124,1710,755,518,2016-03-15,Standard Class,2016-03-21,16.776
4937,CA-2018-150931,545,504,519,2018-01-06,Standard Class,2018-01-13,33.74
4938,CA-2015-157147,1245,206,10,2015-01-13,Standard Class,2015-01-18,1325.85
4939,CA-2015-157147,1220,206,10,2015-01-13,Standard Class,2015-01-18,333.999
4940,CA-2015-157147,182,206,10,2015-01-13,Standard Class,2015-01-18,19.9
4941,CA-2016-156482,902,583,50,2016-02-06,Standard Class,2016-02-13,1268.82
4942,CA-2016-156482,1532,583,50,2016-02-06,Standard Class,2016-02-13,283.92
4943,CA-2016-156482,889,583,50,2016-02-06,Standard Class,2016-02-13,5.68
4944,CA-2018-106782,459,432,377,2018-12-21,Standard Class,2018-12-27,375.34
4945,CA-2017-151372,1697,99,414,2017-09-05,First Class,2017-09-06,96.08
4946,CA-2017-151372,348,99,414,2017-09-05,First Class,2017-09-06,11.68
4947,CA-2017-151372,53,99,414,2017-09-05,First Class,2017-09-06,4.36
4948,CA-2015-102085,149,558,61,2015-10-04,Standard Class,2015-10-09,29.24
4949,CA-2018-107125,543,218,63,2018-11-27,Standard Class,2018-12-02,117.488
4950,CA-2018-107125,546,218,63,2018-11-27,Standard Class,2018-12-02,18.84
4951,CA-2017-125815,155,659,30,2017-10-28,Second Class,2017-11-01,12.42
4952,CA-2016-144190,89,721,247,2016-06-09,Standard Class,2016-06-13,12.96
4953,CA-2018-117926,1711,128,10,2018-12-08,Second Class,2018-12-12,69.48
4954,CA-2016-153906,1301,100,30,2016-03-16,Standard Class,2016-03-20,85.9
4955,CA-2015-160262,680,132,283,2015-06-09,Second Class,2015-06-13,18.06
4956,CA-2015-160262,955,132,283,2015-06-09,Second Class,2015-06-13,79.14
4957,CA-2015-160262,1457,132,283,2015-06-09,Second Class,2015-06-13,37.4
4958,CA-2016-127607,1376,301,296,2016-03-20,Standard Class,2016-03-26,2.512
4959,CA-2016-127607,1712,301,296,2016-03-20,Standard Class,2016-03-26,18.864
4960,CA-2017-166226,1082,427,142,2017-11-18,Standard Class,2017-11-22,61.192
4961,CA-2017-166226,1528,427,142,2017-11-18,Standard Class,2017-11-22,67.84
4962,CA-2015-156587,213,756,6,2015-03-07,First Class,2015-03-08,48.712
4963,CA-2015-156587,251,756,6,2015-03-07,First Class,2015-03-08,17.94
4964,CA-2015-156587,872,756,6,2015-03-07,First Class,2015-03-08,242.94
4965,CA-2017-141180,626,25,3,2017-05-15,Second Class,2017-05-19,7.764
4966,CA-2016-109708,1286,389,85,2016-05-25,Second Class,2016-05-28,467.04
4967,CA-2016-122406,1301,535,259,2016-08-02,Second Class,2016-08-05,128.85
4968,CA-2016-122406,795,535,259,2016-08-02,Second Class,2016-08-05,8.4
4969,CA-2016-122406,410,535,259,2016-08-02,Second Class,2016-08-05,199.98
4970,CA-2016-122406,914,535,259,2016-08-02,Second Class,2016-08-05,110.98
4971,US-2017-153815,71,127,134,2017-11-06,First Class,2017-11-09,207.984
4972,US-2017-153815,1438,127,134,2017-11-06,First Class,2017-11-09,36.112
4973,US-2017-153815,643,127,134,2017-11-06,First Class,2017-11-09,35.568
4974,US-2017-153815,418,127,134,2017-11-06,First Class,2017-11-09,88.768
4975,CA-2017-164896,1409,391,219,2017-11-07,Standard Class,2017-11-12,12.9
4976,CA-2016-142202,770,336,134,2016-09-18,Second Class,2016-09-23,717.12
4977,CA-2016-165050,881,118,24,2016-12-07,First Class,2016-12-09,21.36
4978,CA-2016-165050,808,118,24,2016-12-07,First Class,2016-12-09,6.688
4979,CA-2016-165050,958,118,24,2016-12-07,First Class,2016-12-09,773.94
4980,US-2017-131114,1258,339,27,2017-12-09,Second Class,2017-12-13,20.568
4981,US-2017-131114,931,339,27,2017-12-09,Second Class,2017-12-13,4.356
4982,US-2017-131114,1629,339,27,2017-12-09,Second Class,2017-12-13,19.04
4983,CA-2015-160066,710,341,126,2015-11-16,Standard Class,2015-11-22,5.22
4984,CA-2017-109925,87,6,189,2017-11-06,Second Class,2017-11-10,84.84
4985,CA-2016-160696,805,317,395,2016-09-06,Standard Class,2016-09-10,7.24
4986,CA-2015-125171,783,370,30,2015-09-03,Same Day,2015-09-03,14.4
4987,CA-2017-149279,491,643,98,2017-04-24,Standard Class,2017-04-28,15.552
4988,CA-2017-149279,158,643,98,2017-04-24,Standard Class,2017-04-28,1325.76
4989,CA-2017-149279,1500,643,98,2017-04-24,Standard Class,2017-04-28,3.108
4990,CA-2018-107321,758,586,95,2018-08-31,Standard Class,2018-09-04,6.672
4991,CA-2018-107321,884,586,95,2018-08-31,Standard Class,2018-09-04,689.408
4992,US-2018-122714,1626,429,156,2018-12-07,Standard Class,2018-12-13,1889.99
4993,CA-2016-153038,756,517,32,2016-12-18,Standard Class,2016-12-25,55.936
4994,CA-2016-153038,1241,517,32,2016-12-18,Standard Class,2016-12-25,18.432
4995,CA-2016-153038,535,517,32,2016-12-18,Standard Class,2016-12-25,20.32
4996,CA-2015-132227,1527,450,165,2015-11-04,Standard Class,2015-11-10,52.064
4997,CA-2018-155824,1713,755,314,2018-03-10,Standard Class,2018-03-15,48.784
4998,CA-2018-155824,635,755,314,2018-03-10,Standard Class,2018-03-15,13.092
4999,CA-2017-129238,1547,338,63,2017-01-31,Standard Class,2017-02-04,109.592
5000,CA-2017-129238,1714,338,63,2017-01-31,Standard Class,2017-02-04,56.7
5001,CA-2018-159688,1106,145,26,2018-05-07,Standard Class,2018-05-12,79.99
5002,CA-2017-136126,1206,259,389,2017-05-24,Same Day,2017-05-24,69.5
5003,CA-2017-136126,137,259,389,2017-05-24,Same Day,2017-05-24,191.6
5004,CA-2017-155033,1715,694,4,2017-10-07,Standard Class,2017-10-12,10.56
5005,CA-2015-156006,1366,613,130,2015-04-30,Second Class,2015-05-02,47.79
5006,CA-2016-158659,385,282,238,2016-11-10,Second Class,2016-11-14,714.3
5007,CA-2016-169796,1716,657,46,2016-11-09,Standard Class,2016-11-14,2321.9
5008,CA-2016-169796,1199,657,46,2016-11-09,Standard Class,2016-11-14,17.94
5009,CA-2016-102876,133,757,64,2016-09-07,Standard Class,2016-09-14,9.522
5010,CA-2016-102876,421,757,64,2016-09-07,Standard Class,2016-09-14,791.964
5011,CA-2016-102876,521,757,64,2016-09-07,Standard Class,2016-09-14,4.923
5012,US-2018-139647,900,478,52,2018-05-11,First Class,2018-05-13,209.979
5013,US-2018-160465,444,681,178,2018-07-21,Standard Class,2018-07-26,33.93
5014,US-2018-160465,1717,681,178,2018-07-21,Standard Class,2018-07-26,222.32
5015,US-2018-160465,1718,681,178,2018-07-21,Standard Class,2018-07-26,210.564
5016,CA-2015-153850,192,514,214,2015-11-24,Standard Class,2015-11-29,35.168
5017,CA-2015-153850,1719,514,214,2015-11-24,Standard Class,2015-11-29,1502.376
5018,CA-2015-127558,225,758,142,2015-11-15,First Class,2015-11-18,10.11
5019,CA-2015-127558,218,758,142,2015-11-15,First Class,2015-11-18,772.47
5020,CA-2015-127558,683,758,142,2015-11-15,First Class,2015-11-18,20.46
5021,CA-2018-136511,414,90,165,2018-03-23,Second Class,2018-03-25,347.58
5022,CA-2017-133795,478,189,89,2017-12-18,Standard Class,2017-12-24,72.64
5023,CA-2017-133795,218,189,89,2017-12-18,Standard Class,2017-12-24,772.47
5024,CA-2017-133795,1612,189,89,2017-12-18,Standard Class,2017-12-24,39.92
5025,US-2018-130953,1596,289,336,2018-07-29,Standard Class,2018-08-03,33.48
5026,US-2018-130953,349,289,336,2018-07-29,Standard Class,2018-08-03,461.97
5027,US-2018-130953,15,289,336,2018-07-29,Standard Class,2018-08-03,137.62
5028,US-2018-130953,1720,289,336,2018-07-29,Standard Class,2018-08-03,302.67
5029,CA-2015-151792,591,611,156,2015-09-02,Second Class,2015-09-07,239.976
5030,CA-2018-139304,1478,365,10,2018-01-29,Standard Class,2018-02-02,8.34
5031,CA-2018-139304,1258,365,10,2018-01-29,Standard Class,2018-02-02,8.57
5032,CA-2018-139304,441,365,10,2018-01-29,Standard Class,2018-02-02,119.616
5033,CA-2017-155166,57,180,275,2017-12-26,Standard Class,2018-01-02,212.94
5034,CA-2017-155166,1277,180,275,2017-12-26,Standard Class,2018-01-02,26.49
5035,CA-2016-103954,1658,368,202,2016-08-09,Second Class,2016-08-13,687.4
5036,CA-2015-169803,563,610,61,2015-04-06,Standard Class,2015-04-12,653.55
5037,CA-2015-169803,659,610,61,2015-04-06,Standard Class,2015-04-12,33.9
5038,CA-2018-141719,604,284,18,2018-11-17,Second Class,2018-11-21,239.96
5039,CA-2016-136469,720,478,50,2016-07-11,First Class,2016-07-12,199.836
5040,CA-2016-136469,1119,478,50,2016-07-11,First Class,2016-07-12,716.0
5041,CA-2016-136469,352,478,50,2016-07-11,First Class,2016-07-12,221.06
5042,CA-2017-158694,1438,483,2,2017-11-10,Second Class,2017-11-13,67.71
5043,CA-2017-158694,792,483,2,2017-11-10,Second Class,2017-11-13,129.92
5044,CA-2017-158694,690,483,2,2017-11-10,Second Class,2017-11-13,467.46
5045,CA-2017-158694,1636,483,2,2017-11-10,Second Class,2017-11-13,61.4
5046,CA-2017-158694,735,483,2,2017-11-10,Second Class,2017-11-13,720.76
5047,CA-2017-158694,871,483,2,2017-11-10,Second Class,2017-11-13,5.184
5048,CA-2017-158694,1631,483,2,2017-11-10,Second Class,2017-11-13,14.7
5049,US-2015-104759,700,733,27,2015-03-31,Standard Class,2015-04-04,8.134
5050,US-2015-104759,649,733,27,2015-03-31,Standard Class,2015-04-04,79.984
5051,CA-2016-150511,1287,145,120,2016-09-18,Standard Class,2016-09-24,18.54
5052,CA-2016-134922,374,209,12,2016-11-07,Standard Class,2016-11-11,24.4
5053,US-2018-120607,1159,548,149,2018-05-19,Same Day,2018-05-19,195.64
5054,CA-2016-141243,770,734,163,2016-01-03,Second Class,2016-01-08,398.4
5055,CA-2016-141243,455,734,163,2016-01-03,Second Class,2016-01-08,7.056
5056,CA-2016-141243,588,734,163,2016-01-03,Second Class,2016-01-08,1352.3976
5057,CA-2016-162166,1611,393,520,2016-09-08,First Class,2016-09-11,26.4
5058,CA-2016-162166,701,393,520,2016-09-08,First Class,2016-09-11,41.88
5059,CA-2017-120796,806,230,12,2017-04-03,Standard Class,2017-04-07,99.846
5060,CA-2017-109722,755,237,521,2017-12-05,Second Class,2017-12-07,699.98
5061,CA-2017-109722,392,237,521,2017-12-05,Second Class,2017-12-07,584.82
5062,CA-2016-136798,716,352,40,2016-05-08,Standard Class,2016-05-12,43.98
5063,CA-2016-136798,1067,352,40,2016-05-08,Standard Class,2016-05-12,377.97
5064,CA-2016-136798,480,352,40,2016-05-08,Standard Class,2016-05-12,123.96
5065,CA-2018-122196,35,245,50,2018-09-22,First Class,2018-09-24,391.98
5066,CA-2018-142090,266,619,180,2018-11-30,Standard Class,2018-12-07,383.976
5067,CA-2018-142090,412,619,180,2018-11-30,Standard Class,2018-12-07,1781.682
5068,CA-2018-160934,1047,500,142,2018-01-15,Standard Class,2018-01-19,21.4
5069,CA-2015-124478,1573,16,191,2015-08-08,Standard Class,2015-08-12,549.99
5070,CA-2015-124478,1095,16,191,2015-08-08,Standard Class,2015-08-12,167.535
5071,CA-2015-124478,119,16,191,2015-08-08,Standard Class,2015-08-12,38.34
5072,CA-2015-124478,1105,16,191,2015-08-08,Standard Class,2015-08-12,53.88
5073,CA-2015-124478,1522,16,191,2015-08-08,Standard Class,2015-08-12,299.98
5074,CA-2016-145485,954,595,10,2016-11-05,Same Day,2016-11-05,62.8
5075,CA-2018-151071,531,470,14,2018-04-25,Second Class,2018-04-29,13.904
5076,CA-2015-134572,215,278,33,2015-04-20,Second Class,2015-04-22,744.1
5077,CA-2015-134572,603,278,33,2015-04-20,Second Class,2015-04-22,44.84
5078,CA-2015-134572,1667,278,33,2015-04-20,Second Class,2015-04-22,401.59
5079,CA-2018-143217,526,345,202,2018-11-11,Standard Class,2018-11-17,18.24
5080,US-2018-133312,1249,215,35,2018-11-25,Standard Class,2018-11-29,359.499
5081,US-2018-133312,471,215,35,2018-11-25,Standard Class,2018-11-29,10.48
5082,US-2016-137533,491,83,178,2016-12-18,Same Day,2016-12-18,20.736
5083,CA-2017-155138,917,759,234,2017-09-08,Standard Class,2017-09-12,35.168
5084,CA-2017-155138,983,759,234,2017-09-08,Standard Class,2017-09-12,64.704
5085,CA-2017-108350,780,555,112,2017-06-06,Second Class,2017-06-09,105.52
5086,CA-2016-144302,498,468,177,2016-06-19,Standard Class,2016-06-23,5.792
5087,CA-2016-109001,1721,472,75,2016-03-05,Standard Class,2016-03-09,466.158
5088,CA-2016-109001,554,472,75,2016-03-05,Standard Class,2016-03-09,10.312
5089,CA-2016-109001,799,472,75,2016-03-05,Standard Class,2016-03-09,2.556
5090,CA-2018-132738,1384,448,522,2018-08-04,First Class,2018-08-07,7.968
5091,CA-2018-132738,599,448,522,2018-08-04,First Class,2018-08-07,8.784
5092,CA-2018-156720,243,759,522,2018-12-30,Standard Class,2019-01-03,3.024
5093,CA-2016-119102,457,121,469,2016-05-23,Standard Class,2016-05-27,51.45
5094,US-2015-140452,1298,319,27,2015-12-06,Standard Class,2015-12-10,14.016
5095,US-2015-140452,839,319,27,2015-12-06,Standard Class,2015-12-10,214.95
5096,US-2015-140452,851,319,27,2015-12-06,Standard Class,2015-12-10,35.04
5097,US-2015-140452,1105,319,27,2015-12-06,Standard Class,2015-12-10,10.776
5098,US-2015-140452,1024,319,27,2015-12-06,Standard Class,2015-12-10,4.6
5099,US-2015-140452,211,319,27,2015-12-06,Standard Class,2015-12-10,35.168
5100,CA-2016-141936,417,44,410,2016-08-07,Standard Class,2016-08-12,19.152
5101,CA-2015-158442,325,617,163,2015-03-17,Same Day,2015-03-17,4.448
5102,CA-2015-158442,728,617,163,2015-03-17,Same Day,2015-03-17,5.184
5103,CA-2015-158442,13,617,163,2015-03-17,Same Day,2015-03-17,15.552
5104,CA-2016-167374,145,422,12,2016-03-26,Second Class,2016-03-30,40.032
5105,CA-2016-167374,61,422,12,2016-03-26,Second Class,2016-03-30,16.776
5106,CA-2015-116568,1341,299,262,2015-12-14,Standard Class,2015-12-20,186.304
5107,CA-2016-147102,1351,469,113,2016-09-19,Standard Class,2016-09-26,66.36
5108,CA-2018-132213,513,44,395,2018-04-25,First Class,2018-04-26,42.048
5109,CA-2018-132213,208,44,395,2018-04-25,First Class,2018-04-26,67.92
5110,CA-2015-138450,467,554,64,2015-10-18,Standard Class,2015-10-22,52.512
5111,CA-2015-138450,42,554,64,2015-10-18,Standard Class,2015-10-22,186.912
5112,CA-2015-138450,1408,554,64,2015-10-18,Standard Class,2015-10-22,10.048
5113,CA-2016-153073,1722,457,27,2016-11-13,Same Day,2016-11-13,17.496
5114,CA-2017-147970,1308,493,78,2017-01-31,Second Class,2017-02-02,15.552
5115,CA-2017-150658,308,334,65,2017-11-17,Standard Class,2017-11-22,10.776
5116,CA-2018-125640,1723,733,64,2018-07-25,Standard Class,2018-07-29,3.304
5117,CA-2018-154137,1033,364,30,2018-11-11,Standard Class,2018-11-17,35.48
5118,CA-2016-127173,272,422,188,2016-09-26,Standard Class,2016-10-03,34.44
5119,CA-2016-127173,1549,422,188,2016-09-26,Standard Class,2016-10-03,629.93
5120,CA-2016-127173,1046,422,188,2016-09-26,Standard Class,2016-10-03,79.056
5121,CA-2015-149538,244,11,299,2015-04-04,Standard Class,2015-04-08,232.55
5122,CA-2015-149538,1136,11,299,2015-04-04,Standard Class,2015-04-08,99.98
5123,CA-2015-149538,1724,11,299,2015-04-04,Standard Class,2015-04-08,19.44
5124,CA-2015-149538,728,11,299,2015-04-04,Standard Class,2015-04-08,12.96
5125,CA-2015-160766,978,662,30,2015-09-14,Same Day,2015-09-14,464.292
5126,CA-2015-160766,707,662,30,2015-09-14,Same Day,2015-09-14,68.46
5127,CA-2015-160766,815,662,30,2015-09-14,Same Day,2015-09-14,2799.96
5128,CA-2015-160766,228,662,30,2015-09-14,Same Day,2015-09-14,601.3
5129,CA-2015-160766,1260,662,30,2015-09-14,Same Day,2015-09-14,16.99
5130,CA-2015-160766,1486,662,30,2015-09-14,Same Day,2015-09-14,287.97
5131,CA-2015-160766,1464,662,30,2015-09-14,Same Day,2015-09-14,44.82
5132,CA-2018-146626,1309,131,159,2018-12-29,Standard Class,2019-01-05,101.12
5133,CA-2016-123330,818,213,262,2016-06-21,Standard Class,2016-06-27,107.976
5134,CA-2018-155607,1613,436,30,2018-11-26,Standard Class,2018-11-30,58.73
5135,CA-2018-155607,706,436,30,2018-11-26,Standard Class,2018-11-30,93.344
5136,CA-2017-151323,264,438,6,2017-10-23,Standard Class,2017-10-28,17.05
5137,CA-2016-146696,882,503,189,2016-12-14,Standard Class,2016-12-19,8.096
5138,CA-2017-128972,561,748,336,2017-11-13,Standard Class,2017-11-17,30.36
5139,CA-2018-128335,838,351,185,2018-09-29,Standard Class,2018-10-05,23.34
5140,CA-2018-128335,1541,351,185,2018-09-29,Standard Class,2018-10-05,51.55
5141,CA-2016-154886,260,518,10,2016-11-08,Standard Class,2016-11-12,119.9
5142,CA-2017-111213,2,225,30,2017-04-01,Standard Class,2017-04-05,1317.492
5143,CA-2017-111213,1445,225,30,2017-04-01,Standard Class,2017-04-05,63.84
5144,CA-2017-111213,308,225,30,2017-04-01,Standard Class,2017-04-05,3.592
5145,CA-2018-161333,485,253,63,2018-02-02,Standard Class,2018-02-07,86.26
5146,CA-2018-161333,1157,253,63,2018-02-02,Standard Class,2018-02-07,139.04
5147,CA-2018-161333,1268,253,63,2018-02-02,Standard Class,2018-02-07,46.8
5148,CA-2018-128734,1566,312,523,2018-12-24,Standard Class,2018-12-31,8.544
5149,CA-2018-128734,655,312,523,2018-12-24,Standard Class,2018-12-31,842.376
5150,CA-2015-141796,1247,507,255,2015-06-21,Same Day,2015-06-21,1214.85
5151,CA-2018-125101,299,65,10,2018-03-06,Second Class,2018-03-10,67.78
5152,CA-2018-169929,862,625,524,2018-09-25,First Class,2018-09-28,39.9
5153,US-2015-121566,473,751,165,2015-06-30,Standard Class,2015-07-06,2.688
5154,US-2015-121566,209,751,165,2015-06-30,Standard Class,2015-07-06,6.6
5155,US-2016-124219,21,609,525,2016-08-07,First Class,2016-08-08,28.4
5156,US-2016-124219,1461,609,525,2016-08-07,First Class,2016-08-08,212.94
5157,CA-2018-163006,1719,690,156,2018-06-30,Second Class,2018-07-04,1001.584
5158,CA-2018-163006,1632,690,156,2018-06-30,Second Class,2018-07-04,569.058
5159,CA-2018-163006,91,690,156,2018-06-30,Second Class,2018-07-04,14.224
5160,CA-2016-156146,195,123,345,2016-10-26,Second Class,2016-10-30,105.584
5161,CA-2016-156146,1301,123,345,2016-10-26,Second Class,2016-10-30,68.72
5162,CA-2015-111192,1529,748,6,2015-07-30,Standard Class,2015-08-05,1367.84
5163,CA-2017-115378,84,220,100,2017-11-18,Second Class,2017-11-23,301.96
5164,CA-2016-161627,57,696,55,2016-07-06,Standard Class,2016-07-11,170.352
5165,CA-2015-121006,131,711,374,2015-11-10,Standard Class,2015-11-16,3.9
5166,CA-2015-121006,1013,711,374,2015-11-10,Standard Class,2015-11-16,12.84
5167,CA-2015-121006,219,711,374,2015-11-10,Standard Class,2015-11-16,15.84
5168,CA-2015-121006,500,711,374,2015-11-10,Standard Class,2015-11-16,563.94
5169,CA-2015-121006,1019,711,374,2015-11-10,Standard Class,2015-11-16,62.94
5170,CA-2015-121006,519,711,374,2015-11-10,Standard Class,2015-11-16,535.41
5171,CA-2017-122903,484,157,186,2017-05-27,Second Class,2017-05-29,3504.9
5172,CA-2017-122903,695,157,186,2017-05-27,Second Class,2017-05-29,144.12
5173,CA-2017-122903,922,157,186,2017-05-27,Second Class,2017-05-29,314.55
5174,CA-2016-107741,320,713,260,2016-03-08,First Class,2016-03-10,3.408
5175,CA-2018-106432,1473,245,526,2018-10-19,Standard Class,2018-10-24,2.072
5176,CA-2018-106432,1628,245,526,2018-10-19,Standard Class,2018-10-24,328.3992
5177,CA-2017-148908,1198,99,10,2017-11-05,First Class,2017-11-08,53.248
5178,CA-2017-123015,256,296,24,2017-12-26,Standard Class,2017-12-30,4.992
5179,US-2016-120502,1156,388,2,2016-04-13,Standard Class,2016-04-19,37.68
5180,US-2016-120502,298,388,2,2016-04-13,Standard Class,2016-04-19,258.576
5181,US-2016-120502,984,388,2,2016-04-13,Standard Class,2016-04-19,75.84
5182,CA-2018-108749,1724,138,469,2018-09-12,First Class,2018-09-15,45.36
5183,CA-2018-108749,786,138,469,2018-09-12,First Class,2018-09-15,45.78
5184,CA-2018-163335,1679,166,113,2018-09-24,First Class,2018-09-27,40.29
5185,CA-2018-163335,556,166,113,2018-09-24,First Class,2018-09-27,38.71
5186,CA-2016-134719,459,480,134,2016-10-10,Standard Class,2016-10-15,1801.632
5187,US-2016-154389,1595,259,12,2016-11-27,Standard Class,2016-12-03,748.752
5188,CA-2016-115567,960,234,135,2016-09-13,Standard Class,2016-09-18,199.96
5189,CA-2016-115567,378,234,135,2016-09-13,Standard Class,2016-09-18,1516.2
5190,US-2018-136679,1068,191,90,2018-11-14,Standard Class,2018-11-18,167.952
5191,US-2018-136679,1474,191,90,2018-11-14,Standard Class,2018-11-18,45.04
5192,US-2018-141943,1725,214,35,2018-05-05,Standard Class,2018-05-09,23.16
5193,CA-2015-101560,125,295,38,2015-11-28,Second Class,2015-12-01,397.6
5194,CA-2015-101560,1636,295,38,2015-11-28,Second Class,2015-12-01,85.96
5195,CA-2015-101560,347,295,38,2015-11-28,Second Class,2015-12-01,13.12
5196,CA-2015-101560,339,295,38,2015-11-28,Second Class,2015-12-01,45.66
5197,CA-2015-159709,440,483,298,2015-05-10,Standard Class,2015-05-15,158.13
5198,CA-2015-159709,48,483,298,2015-05-10,Standard Class,2015-05-15,43.6
5199,CA-2017-103982,1360,398,218,2017-03-03,Standard Class,2017-03-08,3930.072
5200,CA-2017-103982,1580,398,218,2017-03-03,Standard Class,2017-03-08,2.304
5201,CA-2017-103982,1150,398,218,2017-03-03,Standard Class,2017-03-08,431.976
5202,CA-2017-103982,541,398,218,2017-03-03,Standard Class,2017-03-08,41.72
5203,CA-2016-142454,944,682,233,2016-08-15,Standard Class,2016-08-19,104.23
5204,CA-2016-142454,1248,682,233,2016-08-15,Standard Class,2016-08-19,70.26
5205,CA-2016-102016,183,613,136,2016-09-12,Standard Class,2016-09-18,9.26
5206,CA-2016-102016,46,613,136,2016-09-12,Standard Class,2016-09-18,105.98
5207,CA-2016-102016,311,613,136,2016-09-12,Standard Class,2016-09-18,1.24
5208,CA-2016-102016,255,613,136,2016-09-12,Standard Class,2016-09-18,20.7
5209,CA-2016-102016,1011,613,136,2016-09-12,Standard Class,2016-09-18,28.9
5210,CA-2016-102016,114,613,136,2016-09-12,Standard Class,2016-09-18,27.18
5211,CA-2016-156755,1450,454,285,2016-01-12,Standard Class,2016-01-18,465.18
5212,CA-2016-130876,763,617,24,2016-05-12,Second Class,2016-05-16,36.63
5213,CA-2017-145898,457,321,72,2017-09-26,Same Day,2017-09-26,51.45
5214,CA-2017-145898,949,321,72,2017-09-26,Same Day,2017-09-26,7.83
5215,CA-2017-145898,1659,321,72,2017-09-26,Same Day,2017-09-26,35.4
5216,CA-2017-145898,458,321,72,2017-09-26,Same Day,2017-09-26,29.9
5217,US-2018-159562,756,678,527,2018-09-09,Standard Class,2018-09-15,17.48
5218,CA-2018-134635,146,375,14,2018-04-15,Second Class,2018-04-17,79.14
5219,CA-2018-167080,60,19,165,2018-06-10,Standard Class,2018-06-14,8.4
5220,CA-2018-145653,1460,223,186,2018-09-01,Same Day,2018-09-01,498.26
5221,CA-2015-140487,1625,677,152,2015-06-14,Standard Class,2015-06-20,212.94
5222,CA-2018-117401,1726,453,334,2018-05-18,Second Class,2018-05-22,706.86
5223,CA-2018-117401,462,453,334,2018-05-18,Second Class,2018-05-22,114.95
5224,CA-2018-117401,1489,453,334,2018-05-18,Second Class,2018-05-22,43.19
5225,US-2018-109582,418,623,2,2018-09-12,Second Class,2018-09-17,166.44
5226,CA-2017-119865,1317,549,165,2017-06-21,Standard Class,2017-06-26,36.56
5227,CA-2017-119865,1562,549,165,2017-06-21,Standard Class,2017-06-26,186.144
5228,CA-2017-119865,588,549,165,2017-06-21,Standard Class,2017-06-26,353.568
5229,US-2015-147648,1523,61,10,2015-11-26,Standard Class,2015-12-01,81.98
5230,CA-2018-124436,1317,194,253,2018-03-19,Second Class,2018-03-22,14.624
5231,CA-2018-124436,617,194,253,2018-03-19,Second Class,2018-03-22,697.16
5232,CA-2018-124436,1436,194,253,2018-03-19,Second Class,2018-03-22,30.93
5233,CA-2018-124436,186,194,253,2018-03-19,Second Class,2018-03-22,27.496
5234,CA-2015-115084,1720,625,464,2015-10-18,Standard Class,2015-10-22,605.34
5235,CA-2018-131037,115,747,95,2018-08-22,First Class,2018-08-23,210.008
5236,CA-2017-111143,1550,641,304,2017-11-19,First Class,2017-11-22,54.96
5237,CA-2015-166744,860,36,210,2015-09-20,Standard Class,2015-09-24,164.22
5238,CA-2015-166744,431,36,210,2015-09-20,Standard Class,2015-09-24,362.94
5239,CA-2015-166744,247,36,210,2015-09-20,Standard Class,2015-09-24,59.98
5240,CA-2017-116561,17,687,59,2017-09-11,Standard Class,2017-09-17,332.94
5241,CA-2017-116561,445,687,59,2017-09-11,Standard Class,2017-09-17,39.872
5242,CA-2017-110730,1727,699,61,2017-09-23,Second Class,2017-09-26,13.68
5243,CA-2018-146367,556,448,296,2018-08-04,Standard Class,2018-08-08,3.318
5244,CA-2017-149454,865,455,102,2017-07-25,First Class,2017-07-26,10.44
5245,CA-2017-156265,1728,293,4,2017-08-02,Second Class,2017-08-04,136.464
5246,CA-2017-156265,193,293,4,2017-08-02,Second Class,2017-08-04,333.576
5247,CA-2017-156265,461,293,4,2017-08-02,Second Class,2017-08-04,12.544
5248,US-2016-168914,96,33,528,2016-05-21,Standard Class,2016-05-27,20.768
5249,US-2018-110989,175,413,60,2018-11-03,Second Class,2018-11-05,43.5
5250,CA-2016-106215,1329,273,106,2016-04-16,Standard Class,2016-04-21,12.576
5251,US-2017-169369,960,686,113,2017-12-12,Standard Class,2017-12-18,249.95
5252,US-2017-169369,1494,686,113,2017-12-12,Standard Class,2017-12-18,49.12
5253,CA-2016-132318,1307,628,221,2016-10-30,First Class,2016-11-02,182.91
5254,US-2015-131982,1081,473,120,2015-03-07,Second Class,2015-03-11,107.648
5255,CA-2016-125185,475,125,529,2016-03-05,Second Class,2016-03-07,99.372
5256,CA-2016-125185,1479,125,529,2016-03-05,Second Class,2016-03-07,33.568
5257,CA-2017-130078,1437,231,336,2017-08-08,Standard Class,2017-08-14,10.56
5258,US-2018-114034,833,112,349,2018-01-03,Standard Class,2018-01-08,38.88
5259,US-2018-115595,729,191,4,2018-10-09,First Class,2018-10-11,35.2
5260,CA-2018-158722,641,16,75,2018-10-20,Standard Class,2018-10-26,45.528
5261,CA-2015-105165,1362,450,67,2015-09-07,First Class,2015-09-10,196.776
5262,CA-2015-105165,348,450,67,2015-09-07,First Class,2015-09-10,2.92
5263,CA-2015-105165,739,450,67,2015-09-07,First Class,2015-09-10,200.795
5264,CA-2015-105165,1208,450,67,2015-09-07,First Class,2015-09-10,46.688
5265,CA-2015-105165,1584,450,67,2015-09-07,First Class,2015-09-10,21.864
5266,CA-2018-147452,1018,689,6,2018-09-30,First Class,2018-10-03,11.76
5267,CA-2018-147452,1559,689,6,2018-09-30,First Class,2018-10-03,167.94
5268,CA-2018-147452,1035,689,6,2018-09-30,First Class,2018-10-03,3.89
5269,US-2018-114657,1729,415,232,2018-11-16,Standard Class,2018-11-21,52.44
5270,CA-2018-144484,75,91,95,2018-09-11,Same Day,2018-09-11,32.36
5271,CA-2018-144484,724,91,95,2018-09-11,Same Day,2018-09-11,406.6
5272,CA-2018-125913,6,706,142,2018-01-16,Same Day,2018-01-16,27.92
5273,CA-2018-125913,720,706,142,2018-01-16,Same Day,2018-01-16,399.672
5274,US-2017-158309,745,51,230,2017-11-26,First Class,2017-11-29,3.744
5275,CA-2016-162887,468,648,370,2016-11-07,Second Class,2016-11-09,715.2
5276,CA-2018-147333,241,127,146,2018-12-14,Standard Class,2018-12-20,159.8
5277,CA-2018-147333,1045,127,146,2018-12-14,Standard Class,2018-12-20,44.75
5278,CA-2015-113859,168,605,456,2015-09-13,Standard Class,2015-09-17,340.116
5279,CA-2015-159681,955,139,221,2015-12-07,Standard Class,2015-12-13,105.52
5280,US-2018-104094,1557,166,202,2018-09-07,Standard Class,2018-09-11,13.48
5281,CA-2018-152709,1355,204,152,2018-10-07,Standard Class,2018-10-12,85.52
5282,CA-2016-105158,51,134,39,2016-09-05,Standard Class,2016-09-10,6.16
5283,CA-2016-105158,315,134,39,2016-09-05,Standard Class,2016-09-10,36.84
5284,CA-2015-133424,1506,115,60,2015-03-30,Standard Class,2015-04-04,15.84
5285,CA-2015-133424,580,115,60,2015-03-30,Standard Class,2015-04-04,44.4
5286,CA-2018-105991,112,294,128,2018-05-05,First Class,2018-05-06,21.24
5287,CA-2018-105991,123,294,128,2018-05-05,First Class,2018-05-06,9.552
5288,CA-2018-105991,900,294,128,2018-05-05,First Class,2018-05-06,89.991
5289,US-2018-136784,1128,58,35,2018-04-30,Standard Class,2018-05-05,163.96
5290,CA-2015-146283,863,447,67,2015-09-08,Standard Class,2015-09-15,17.904
5291,CA-2015-146283,158,447,67,2015-09-08,Standard Class,2015-09-15,966.7
5292,CA-2015-146283,68,447,67,2015-09-08,Standard Class,2015-09-15,182.112
5293,CA-2018-151218,1428,308,124,2018-06-20,First Class,2018-06-23,4.464
5294,CA-2016-111073,839,499,82,2016-12-26,Standard Class,2016-12-30,51.588
5295,CA-2018-144883,1730,636,530,2018-08-15,Standard Class,2018-08-19,50.4
5296,CA-2018-142174,965,25,17,2018-03-04,Standard Class,2018-03-09,89.568
5297,CA-2018-108791,944,747,232,2018-07-27,Standard Class,2018-07-31,14.89
5298,CA-2018-108791,705,747,232,2018-07-27,Standard Class,2018-07-31,543.92
5299,CA-2017-106656,30,2,89,2017-09-23,First Class,2017-09-26,4.08
5300,CA-2017-106656,166,2,89,2017-09-23,First Class,2017-09-26,18.9
5301,CA-2017-113831,1338,707,29,2017-05-30,Standard Class,2017-06-03,2275.5
5302,CA-2017-113831,765,707,29,2017-05-30,Standard Class,2017-06-03,1979.7
5303,CA-2017-113831,489,707,29,2017-05-30,Standard Class,2017-06-03,62.1
5304,US-2015-139500,1392,270,68,2015-11-16,Standard Class,2015-11-20,37.296
5305,US-2015-166310,1446,186,211,2015-09-21,First Class,2015-09-23,8.544
5306,US-2017-168410,94,297,188,2017-02-21,Standard Class,2017-02-26,68.95
5307,US-2017-168410,596,297,188,2017-02-21,Standard Class,2017-02-26,296.37
5308,US-2017-168410,1731,297,188,2017-02-21,Standard Class,2017-02-26,39.98
5309,CA-2018-131254,1210,721,15,2018-11-19,First Class,2018-11-21,191.058
5310,CA-2018-131254,1732,721,15,2018-11-19,First Class,2018-11-21,13.04
5311,CA-2018-131254,451,721,15,2018-11-19,First Class,2018-11-21,1525.188
5312,CA-2017-123414,1364,712,254,2017-08-21,Standard Class,2017-08-27,9.216
5313,CA-2017-123414,355,712,254,2017-08-21,Standard Class,2017-08-27,28.048
5314,CA-2018-137876,597,138,95,2018-04-30,Standard Class,2018-05-05,64.96
5315,CA-2018-137876,589,138,95,2018-04-30,Standard Class,2018-05-05,30.56
5316,CA-2017-154060,793,298,307,2017-05-02,Standard Class,2017-05-08,187.056
5317,US-2018-162558,1257,657,365,2018-10-02,First Class,2018-10-05,11.808
5318,US-2018-162558,442,657,365,2018-10-02,First Class,2018-10-05,9.656
5319,US-2018-162558,861,657,365,2018-10-02,First Class,2018-10-05,20.736
5320,US-2018-162558,1000,657,365,2018-10-02,First Class,2018-10-05,27.36
5321,US-2018-162558,595,657,365,2018-10-02,First Class,2018-10-05,2314.116
5322,US-2018-162558,698,657,365,2018-10-02,First Class,2018-10-05,34.236
5323,US-2018-162558,894,657,365,2018-10-02,First Class,2018-10-05,19.76
5324,CA-2018-134439,227,613,531,2018-09-18,Second Class,2018-09-23,15.96
5325,CA-2016-119508,1174,357,468,2016-12-04,Standard Class,2016-12-09,16.9
5326,CA-2016-119508,1007,357,468,2016-12-04,Standard Class,2016-12-09,25.08
5327,CA-2016-152681,1413,610,129,2016-01-17,Standard Class,2016-01-22,6.68
5328,CA-2015-130813,511,722,14,2015-01-06,Second Class,2015-01-08,19.44
5329,CA-2016-120320,425,161,67,2016-03-05,Standard Class,2016-03-09,31.92
5330,CA-2017-111941,302,380,46,2017-12-25,Second Class,2017-12-28,33.568
5331,CA-2017-123120,1269,611,165,2017-09-04,Standard Class,2017-09-08,63.94
5332,CA-2017-123120,59,611,165,2017-09-04,Standard Class,2017-09-08,60.6
5333,CA-2017-123120,676,611,165,2017-09-04,Standard Class,2017-09-08,22.72
5334,CA-2015-103331,1566,42,285,2015-08-26,Standard Class,2015-09-01,10.68
5335,CA-2015-103331,1216,42,285,2015-08-26,Standard Class,2015-09-01,17.34
5336,CA-2015-103331,939,42,285,2015-08-26,Standard Class,2015-09-01,3.38
5337,CA-2016-169278,675,546,60,2016-05-21,Standard Class,2016-05-25,26.976
5338,CA-2018-111577,1398,322,58,2018-10-16,Standard Class,2018-10-21,307.776
5339,CA-2016-146486,1167,232,188,2016-11-09,Second Class,2016-11-14,244.55
5340,CA-2016-146486,30,232,188,2016-11-09,Second Class,2016-11-14,12.24
5341,CA-2016-146486,1696,232,188,2016-11-09,Second Class,2016-11-14,13.98
5342,CA-2016-146486,1333,232,188,2016-11-09,Second Class,2016-11-14,899.95
5343,US-2015-168501,30,760,78,2015-11-21,Standard Class,2015-11-27,1.632
5344,US-2015-168501,1087,760,78,2015-11-21,Standard Class,2015-11-27,267.96
5345,CA-2016-112053,1366,130,145,2016-10-11,Second Class,2016-10-13,31.95
5346,CA-2018-108539,246,57,63,2018-03-21,Second Class,2018-03-23,725.84
5347,CA-2018-108539,110,57,63,2018-03-21,Second Class,2018-03-23,10.896
5348,CA-2018-108539,881,57,63,2018-03-21,Second Class,2018-03-23,8.544
5349,CA-2016-149811,829,295,532,2016-01-04,Standard Class,2016-01-10,32.34
5350,CA-2016-149811,227,295,532,2016-01-04,Standard Class,2016-01-10,39.9
5351,US-2018-103814,682,24,139,2018-12-09,Standard Class,2018-12-16,143.856
5352,CA-2017-123932,1403,290,163,2017-09-06,Standard Class,2017-09-12,41.92
5353,CA-2017-123932,54,290,163,2017-09-06,Standard Class,2017-09-12,329.584
5354,US-2017-101616,635,389,69,2017-09-03,First Class,2017-09-06,87.28
5355,CA-2015-113768,1341,693,26,2015-05-13,Standard Class,2015-05-19,279.456
5356,CA-2015-113768,1733,693,26,2015-05-13,Standard Class,2015-05-19,8.0
5357,CA-2017-138037,1283,482,10,2017-09-29,Standard Class,2017-10-03,27.24
5358,CA-2015-150490,961,197,35,2015-08-05,Standard Class,2015-08-11,16.36
5359,CA-2015-150490,1556,197,35,2015-08-05,Standard Class,2015-08-11,15.78
5360,CA-2015-150490,1244,197,35,2015-08-05,Standard Class,2015-08-11,45.98
5361,US-2018-126060,928,62,306,2018-04-14,Standard Class,2018-04-18,198.272
5362,CA-2018-100951,735,545,163,2018-06-09,First Class,2018-06-10,720.76
5363,CA-2017-122017,1531,304,477,2017-12-29,Standard Class,2018-01-02,70.56
5364,CA-2017-122017,1361,304,477,2017-12-29,Standard Class,2018-01-02,81.96
5365,CA-2015-123477,1267,695,330,2015-01-18,Second Class,2015-01-21,64.864
5366,CA-2017-107790,868,553,17,2017-11-20,Standard Class,2017-11-24,151.192
5367,CA-2018-158071,688,218,6,2018-06-10,Standard Class,2018-06-15,88.776
5368,CA-2018-158071,265,218,6,2018-06-10,Standard Class,2018-06-15,11.56
5369,CA-2018-158071,231,218,6,2018-06-10,Standard Class,2018-06-15,15.58
5370,CA-2018-147403,1734,176,76,2018-09-10,First Class,2018-09-13,85.056
5371,US-2018-136721,1370,469,533,2018-04-08,Standard Class,2018-04-12,273.96
5372,US-2018-136721,744,469,533,2018-04-08,Standard Class,2018-04-12,306.9
5373,CA-2016-118738,90,123,17,2016-10-24,Standard Class,2016-10-30,15.552
5374,CA-2016-118738,224,123,17,2016-10-24,Standard Class,2016-10-30,347.361
5375,CA-2016-118738,779,123,17,2016-10-24,Standard Class,2016-10-30,10.368
5376,CA-2018-134152,961,533,6,2018-05-27,Standard Class,2018-05-31,98.16
5377,CA-2018-134152,1555,533,6,2018-05-27,Standard Class,2018-05-31,31.44
5378,CA-2015-125542,634,241,64,2015-12-05,First Class,2015-12-07,348.488
5379,CA-2015-125542,399,241,64,2015-12-05,First Class,2015-12-07,172.736
5380,CA-2017-136021,1263,759,63,2017-08-14,Standard Class,2017-08-18,15.54
5381,CA-2017-136021,1735,759,63,2017-08-14,Standard Class,2017-08-18,105.552
5382,CA-2017-149195,681,761,33,2017-09-05,Second Class,2017-09-07,25.92
5383,CA-2017-149195,1100,761,33,2017-09-05,Second Class,2017-09-07,15.808
5384,CA-2017-149195,330,761,33,2017-09-05,Second Class,2017-09-07,10.368
5385,CA-2018-161410,257,418,106,2018-06-26,Standard Class,2018-07-03,358.2
5386,CA-2018-161410,1418,418,106,2018-06-26,Standard Class,2018-07-03,545.916
5387,CA-2018-152786,1367,316,534,2018-03-12,Standard Class,2018-03-17,40.41
5388,CA-2018-164707,432,52,63,2018-02-18,Second Class,2018-02-21,167.976
5389,CA-2018-164707,1313,52,63,2018-02-18,Second Class,2018-02-21,109.53
5390,CA-2018-164707,523,52,63,2018-02-18,Second Class,2018-02-21,9.82
5391,CA-2018-163874,1046,715,60,2018-11-10,Second Class,2018-11-12,26.352
5392,US-2015-123183,548,745,50,2015-11-19,Standard Class,2015-11-25,22.5
5393,US-2015-123183,640,745,50,2015-11-19,Standard Class,2015-11-25,9.96
5394,US-2015-123183,472,745,50,2015-11-19,Standard Class,2015-11-25,213.08
5395,US-2015-123183,1058,745,50,2015-11-19,Standard Class,2015-11-25,1025.88
5396,CA-2015-104829,1408,190,267,2015-11-18,Second Class,2015-11-21,21.98
5397,US-2017-147340,1309,495,95,2017-09-24,Same Day,2017-09-24,63.2
5398,CA-2017-145492,190,205,26,2017-11-20,Standard Class,2017-11-27,39.0
5399,CA-2017-163202,508,313,403,2017-09-27,Standard Class,2017-10-02,2.907
5400,CA-2017-117681,1,521,26,2017-04-09,Standard Class,2017-04-14,556.665
5401,CA-2018-132262,358,762,6,2018-09-21,First Class,2018-09-23,71.98
5402,CA-2018-132262,435,762,6,2018-09-21,First Class,2018-09-23,79.98
5403,CA-2018-123043,9,125,24,2018-08-24,Standard Class,2018-08-29,24.672
5404,CA-2018-123043,606,125,24,2018-08-24,Standard Class,2018-08-29,3.744
5405,US-2017-143280,289,357,63,2017-02-22,Standard Class,2017-02-26,445.96
5406,US-2017-143280,1520,357,63,2017-02-22,Standard Class,2017-02-26,36.24
5407,US-2017-143280,1054,357,63,2017-02-22,Standard Class,2017-02-26,10.65
5408,CA-2018-108854,1666,665,10,2018-12-08,Standard Class,2018-12-14,87.92
5409,CA-2018-108854,913,665,10,2018-12-08,Standard Class,2018-12-14,22.424
5410,CA-2018-108854,444,665,10,2018-12-08,Standard Class,2018-12-14,90.48
5411,CA-2018-108854,1355,665,10,2018-12-08,Standard Class,2018-12-14,42.76
5412,CA-2018-166856,752,701,535,2018-09-18,Standard Class,2018-09-22,10.08
5413,CA-2018-166856,1736,701,535,2018-09-18,Standard Class,2018-09-22,101.34
5414,CA-2017-153157,1518,578,477,2017-09-11,First Class,2017-09-14,224.75
5415,US-2018-125647,1713,49,156,2018-09-23,Standard Class,2018-09-28,73.176
5416,US-2018-125647,975,49,156,2018-09-23,Standard Class,2018-09-28,20.736
5417,US-2018-125647,772,49,156,2018-09-23,Standard Class,2018-09-28,39.984
5418,CA-2015-132542,1737,88,199,2015-10-06,Second Class,2015-10-08,15.36
5419,CA-2016-110877,748,556,17,2016-10-23,First Class,2016-10-26,36.288
5420,CA-2016-110877,540,556,17,2016-10-23,First Class,2016-10-26,150.384
5421,US-2017-151827,1595,230,64,2017-03-31,Second Class,2017-04-02,280.782
5422,US-2017-151827,1236,230,64,2017-03-31,Second Class,2017-04-02,31.984
5423,US-2017-163258,606,419,63,2017-12-29,Standard Class,2018-01-02,11.232
5424,CA-2018-103009,1738,602,127,2018-11-03,Second Class,2018-11-05,26.4
5425,US-2018-120649,825,224,505,2018-01-20,Standard Class,2018-01-26,3.52
5426,CA-2017-153598,1739,393,63,2017-12-03,First Class,2017-12-06,1649.95
5427,CA-2017-153598,1609,393,63,2017-12-03,First Class,2017-12-06,111.9
5428,US-2017-108497,1602,763,2,2017-06-14,Same Day,2017-06-14,599.165
5429,CA-2017-113096,171,450,35,2017-09-02,First Class,2017-09-04,46.53
5430,CA-2015-136861,297,702,105,2015-09-05,First Class,2015-09-07,31.984
5431,CA-2018-117422,1726,764,346,2018-10-21,Standard Class,2018-10-25,161.568
5432,CA-2018-117422,728,764,346,2018-10-21,Standard Class,2018-10-25,4.064
5433,CA-2018-117422,1473,764,346,2018-10-21,Standard Class,2018-10-25,6.216
5434,CA-2018-129707,22,406,523,2018-04-25,Standard Class,2018-04-29,8.896
5435,CA-2016-160171,1740,85,142,2016-10-19,Standard Class,2016-10-24,1640.7
5436,CA-2016-160171,294,85,142,2016-10-19,Standard Class,2016-10-24,270.0
5437,CA-2015-103317,1123,761,184,2015-07-05,First Class,2015-07-08,19.52
5438,CA-2015-103317,1505,761,184,2015-07-05,First Class,2015-07-08,9.81
5439,CA-2015-103317,1741,761,184,2015-07-05,First Class,2015-07-08,213.216
5440,CA-2017-167115,1499,700,46,2017-04-04,Standard Class,2017-04-09,588.784
5441,US-2018-153633,680,647,536,2018-11-13,Second Class,2018-11-18,2.064
5442,CA-2018-155929,1742,483,276,2018-09-09,Standard Class,2018-09-13,6.368
5443,CA-2016-148712,770,342,46,2016-04-17,Standard Class,2016-04-23,99.6
5444,CA-2016-148712,1121,342,46,2016-04-17,Standard Class,2016-04-23,62.296
5445,CA-2016-148712,1743,342,46,2016-04-17,Standard Class,2016-04-23,10.71
5446,CA-2017-128307,1250,337,17,2017-07-25,Standard Class,2017-07-29,20.936
5447,US-2017-127425,896,113,46,2017-08-26,Standard Class,2017-08-31,33.0
5448,US-2017-127425,1234,113,46,2017-08-26,Standard Class,2017-08-31,249.95
5449,US-2015-119081,1421,639,310,2015-09-12,Standard Class,2015-09-19,357.93
5450,US-2015-119081,1691,639,310,2015-09-12,Standard Class,2015-09-19,57.4
5451,US-2015-119081,897,639,310,2015-09-12,Standard Class,2015-09-19,331.96
5452,US-2015-119081,1493,639,310,2015-09-12,Standard Class,2015-09-19,40.56
5453,CA-2017-140613,611,608,384,2017-07-22,Standard Class,2017-07-29,86.2
5454,US-2018-108700,1589,602,229,2018-05-19,Standard Class,2018-05-23,38.016
5455,CA-2018-160962,471,205,106,2018-04-28,Standard Class,2018-05-02,8.384
5456,CA-2018-160962,19,205,106,2018-04-28,Standard Class,2018-05-02,6.848
5457,CA-2018-130631,1744,95,200,2018-12-29,Standard Class,2019-01-02,19.6
5458,CA-2018-130631,1183,95,200,2018-12-29,Standard Class,2019-01-02,68.46
5459,CA-2018-116680,758,8,35,2018-09-04,Second Class,2018-09-06,13.344
5460,CA-2018-116680,1745,8,35,2018-09-04,Second Class,2018-09-06,1478.272
5461,US-2015-107405,1513,132,197,2015-03-21,Standard Class,2015-03-25,16.272
5462,CA-2018-101574,51,233,4,2018-09-28,Standard Class,2018-10-04,9.24
5463,CA-2015-146591,829,359,58,2015-01-19,First Class,2015-01-20,32.34
5464,CA-2015-146591,162,359,58,2015-01-19,First Class,2015-01-20,56.064
5465,CA-2015-146591,114,359,58,2015-01-19,First Class,2015-01-20,108.72
5466,CA-2015-146591,367,359,58,2015-01-19,First Class,2015-01-20,181.47
5467,CA-2015-107706,950,462,15,2015-02-14,Second Class,2015-02-19,16.176
5468,CA-2017-122448,24,204,10,2017-06-09,Standard Class,2017-06-14,122.352
5469,CA-2015-132451,2,581,189,2015-09-26,First Class,2015-09-27,585.552
5470,CA-2015-132451,975,581,189,2015-09-26,First Class,2015-09-27,19.44
5471,CA-2017-158547,1272,595,73,2017-05-30,Standard Class,2017-06-04,123.92
5472,CA-2018-116946,1534,701,148,2018-12-19,Standard Class,2018-12-23,13.36
5473,CA-2018-116946,1167,701,148,2018-12-19,Standard Class,2018-12-23,78.256
5474,CA-2018-116946,1196,701,148,2018-12-19,Standard Class,2018-12-23,102.018
5475,CA-2018-121741,459,290,11,2018-12-26,Same Day,2018-12-26,750.68
5476,CA-2018-169691,580,657,432,2018-06-15,First Class,2018-06-18,44.4
5477,CA-2018-169691,1037,657,432,2018-06-15,First Class,2018-06-18,84.55
5478,CA-2018-169691,1666,657,432,2018-06-15,First Class,2018-06-18,17.94
5479,CA-2017-121356,1161,82,285,2017-11-20,Standard Class,2017-11-24,128.4
5480,CA-2015-101770,800,209,124,2015-03-31,Standard Class,2015-04-04,1.869
5481,CA-2018-105487,958,295,189,2018-10-08,Standard Class,2018-10-14,103.192
5482,CA-2018-105487,1543,295,189,2018-10-08,Standard Class,2018-10-14,36.0
5483,CA-2018-105487,604,295,189,2018-10-08,Standard Class,2018-10-14,239.96
5484,CA-2018-105487,1513,295,189,2018-10-08,Standard Class,2018-10-14,40.68
5485,CA-2018-148999,1746,13,230,2018-01-30,Standard Class,2018-02-04,419.136
5486,CA-2015-107573,707,172,328,2015-12-12,Standard Class,2015-12-17,23.472
5487,CA-2016-156608,308,193,66,2016-10-24,Standard Class,2016-10-29,3.592
5488,CA-2018-134495,1137,293,134,2018-04-01,Second Class,2018-04-04,23.976
5489,CA-2018-134495,949,293,134,2018-04-01,Second Class,2018-04-04,6.264
5490,CA-2018-134495,1296,293,134,2018-04-01,Second Class,2018-04-04,20.808
5491,CA-2018-134495,1210,293,134,2018-04-01,Second Class,2018-04-04,218.352
5492,CA-2018-164098,76,1,33,2018-01-26,First Class,2018-01-27,18.16
5493,CA-2015-105249,328,724,35,2015-11-28,Same Day,2015-11-28,7.36
5494,CA-2015-105249,255,724,35,2015-11-28,Same Day,2015-11-28,41.4
5495,CA-2015-105249,1120,724,35,2015-11-28,Same Day,2015-11-28,411.332
5496,CA-2016-113523,1207,465,12,2016-09-04,Standard Class,2016-09-08,7.656
5497,CA-2018-117821,241,644,368,2018-06-12,Standard Class,2018-06-16,63.92
5498,CA-2018-164378,1242,515,24,2018-07-15,Second Class,2018-07-18,6.56
5499,CA-2018-164378,287,515,24,2018-07-15,Second Class,2018-07-18,7.83
5500,CA-2018-164378,342,515,24,2018-07-15,Second Class,2018-07-18,41.9
5501,CA-2018-164378,1266,515,24,2018-07-15,Second Class,2018-07-18,664.146
5502,CA-2018-164378,1057,515,24,2018-07-15,Second Class,2018-07-18,8.96
5503,CA-2018-127782,1380,765,12,2018-11-02,Standard Class,2018-11-06,3.312
5504,CA-2018-127782,1613,765,12,2018-11-02,Standard Class,2018-11-06,20.136
5505,CA-2018-127782,437,765,12,2018-11-02,Standard Class,2018-11-06,8.856
5506,CA-2018-127782,1119,765,12,2018-11-02,Standard Class,2018-11-06,859.2
5507,US-2017-162026,1091,33,2,2017-10-08,Same Day,2017-10-08,61.96
5508,CA-2017-150000,1344,311,269,2017-04-08,Standard Class,2017-04-14,17.92
5509,CA-2016-168529,288,94,35,2016-10-08,Standard Class,2016-10-12,145.9
5510,US-2018-152569,130,558,156,2018-05-15,Standard Class,2018-05-20,56.704
5511,US-2018-152569,1092,558,156,2018-05-15,Standard Class,2018-05-20,11.12
5512,US-2015-137680,1537,372,325,2015-02-24,Standard Class,2015-03-02,32.896
5513,US-2015-137680,1588,372,325,2015-02-24,Standard Class,2015-03-02,22.776
5514,CA-2016-103177,648,634,30,2016-05-30,First Class,2016-06-01,239.97
5515,CA-2016-103177,1318,634,30,2016-05-30,First Class,2016-06-01,160.32
5516,CA-2016-103177,1301,634,30,2016-05-30,First Class,2016-06-01,128.85
5517,US-2017-138408,1739,347,364,2017-11-18,Second Class,2017-11-21,1319.96
5518,CA-2018-117667,878,100,64,2018-12-04,Standard Class,2018-12-09,239.96
5519,CA-2018-117667,1183,100,64,2018-12-04,Standard Class,2018-12-09,54.768
5520,CA-2018-117667,797,100,64,2018-12-04,Standard Class,2018-12-09,13.392
5521,CA-2018-117667,1680,100,64,2018-12-04,Standard Class,2018-12-09,23.92
5522,CA-2018-117667,915,100,64,2018-12-04,Standard Class,2018-12-09,255.968
5523,CA-2017-110982,1367,238,87,2017-06-05,First Class,2017-06-07,21.552
5524,CA-2017-110982,938,238,87,2017-06-05,First Class,2017-06-07,58.24
5525,CA-2017-147123,1071,320,107,2017-12-10,First Class,2017-12-12,80.28
5526,CA-2018-154501,283,106,142,2018-04-30,Standard Class,2018-05-05,9.78
5527,CA-2018-166933,1089,451,537,2018-04-24,Standard Class,2018-04-28,1.81
5528,CA-2016-142055,424,438,30,2016-05-08,First Class,2016-05-10,37.94
5529,CA-2016-137106,223,610,134,2016-03-31,Standard Class,2016-04-04,79.96
5530,CA-2018-136609,1697,423,538,2018-08-06,Standard Class,2018-08-11,115.296
5531,CA-2018-160885,648,766,199,2018-12-02,Standard Class,2018-12-06,2479.96
5532,US-2017-167472,1017,243,366,2017-06-06,First Class,2017-06-07,179.94
5533,US-2017-167472,1045,243,366,2017-06-06,First Class,2017-06-07,26.85
5534,US-2017-167472,620,243,366,2017-06-06,First Class,2017-06-07,323.37
5535,US-2017-167472,369,243,366,2017-06-06,First Class,2017-06-07,59.94
5536,US-2017-167472,95,243,366,2017-06-06,First Class,2017-06-07,64.14
5537,US-2017-167472,1066,243,366,2017-06-06,First Class,2017-06-07,11.67
5538,US-2017-167472,1484,243,366,2017-06-06,First Class,2017-06-07,12.96
5539,CA-2016-120551,700,197,539,2016-04-13,Standard Class,2016-04-20,17.43
5540,US-2018-150595,71,98,156,2018-05-22,Standard Class,2018-05-26,181.986
5541,US-2018-150595,123,98,156,2018-05-22,Standard Class,2018-05-26,1.592
5542,US-2018-150595,661,98,156,2018-05-22,Standard Class,2018-05-26,22.344
5543,CA-2017-134936,1747,21,116,2017-12-19,Standard Class,2017-12-25,455.97
5544,CA-2017-134936,1459,21,116,2017-12-19,Standard Class,2017-12-25,10.44
5545,CA-2017-134936,531,21,116,2017-12-19,Standard Class,2017-12-25,5.214
5546,CA-2018-102967,147,451,209,2018-09-22,Standard Class,2018-09-26,67.4
5547,CA-2018-151008,1599,595,540,2018-09-07,First Class,2018-09-08,25.16
5548,CA-2018-151008,1256,595,540,2018-09-07,First Class,2018-09-08,126.56
5549,CA-2015-159800,938,496,10,2015-11-28,First Class,2015-12-01,43.68
5550,CA-2015-159800,809,496,10,2015-11-28,First Class,2015-12-01,139.93
5551,US-2015-159618,1413,716,67,2015-11-12,Standard Class,2015-11-16,2.672
5552,US-2015-159618,1568,716,67,2015-11-12,Standard Class,2015-11-16,16.656
5553,US-2015-159618,218,716,67,2015-11-12,Standard Class,2015-11-16,79.512
5554,US-2015-159618,261,716,67,2015-11-12,Standard Class,2015-11-16,36.288
5555,US-2015-159618,900,716,67,2015-11-12,Standard Class,2015-11-16,67.9932
5556,CA-2018-116113,1525,479,154,2018-10-02,Second Class,2018-10-06,10.16
5557,CA-2016-125066,1393,471,130,2016-12-14,Standard Class,2016-12-18,6.16
5558,CA-2016-125066,1474,471,130,2016-12-14,Standard Class,2016-12-18,56.3
5559,US-2016-114741,1748,583,283,2016-12-06,Standard Class,2016-12-10,6.48
5560,US-2016-114741,1245,583,283,2016-12-06,Standard Class,2016-12-10,1325.85
5561,US-2016-114741,691,583,283,2016-12-06,Standard Class,2016-12-10,14.94
5562,CA-2018-133263,304,532,149,2018-03-31,Second Class,2018-04-02,34.54
5563,CA-2018-133263,307,532,149,2018-03-31,Second Class,2018-04-02,2999.95
5564,CA-2018-133263,28,532,149,2018-03-31,Second Class,2018-04-02,64.12
5565,CA-2018-157966,1516,712,27,2018-03-13,Same Day,2018-03-13,19.456
5566,CA-2018-157966,1749,712,27,2018-03-13,Same Day,2018-03-13,209.986
5567,CA-2018-157966,1454,712,27,2018-03-13,Same Day,2018-03-13,29.76
5568,CA-2018-157966,1585,712,27,2018-03-13,Same Day,2018-03-13,89.768
5569,CA-2018-157966,307,712,27,2018-03-13,Same Day,2018-03-13,959.984
5570,CA-2018-157966,549,712,27,2018-03-13,Same Day,2018-03-13,15.552
5571,CA-2018-157966,1301,712,27,2018-03-13,Same Day,2018-03-13,34.36
5572,CA-2015-151162,1523,106,48,2015-12-05,Standard Class,2015-12-09,98.376
5573,CA-2015-151162,692,106,48,2015-12-05,Standard Class,2015-12-09,29.94
5574,CA-2015-151162,1750,106,48,2015-12-05,Standard Class,2015-12-09,17.472
5575,CA-2015-151162,1751,106,48,2015-12-05,Standard Class,2015-12-09,36.738
5576,CA-2015-151162,1188,106,48,2015-12-05,Standard Class,2015-12-09,179.94
5577,CA-2017-136686,442,168,55,2017-12-12,Standard Class,2017-12-16,383.64
5578,CA-2017-136686,552,168,55,2017-12-12,Standard Class,2017-12-16,56.52
5579,CA-2018-137498,951,703,26,2018-09-09,Second Class,2018-09-14,6.56
5580,CA-2018-137498,1226,703,26,2018-09-09,Second Class,2018-09-14,243.92
5581,CA-2018-137498,1715,703,26,2018-09-09,Second Class,2018-09-14,47.52
5582,CA-2018-163818,892,29,235,2018-10-04,Standard Class,2018-10-08,19.98
5583,CA-2017-161158,903,29,24,2017-05-09,Standard Class,2017-05-13,8.0
5584,CA-2015-116673,1393,124,89,2015-12-15,Second Class,2015-12-19,6.16
5585,CA-2018-105333,1752,164,165,2018-11-30,Standard Class,2018-12-04,83.56
5586,CA-2018-105333,1753,164,165,2018-11-30,Standard Class,2018-12-04,546.06
5587,CA-2018-105333,436,164,165,2018-11-30,Standard Class,2018-12-04,269.49
5588,CA-2016-149993,846,316,195,2016-03-19,First Class,2016-03-20,10.9
5589,CA-2015-168158,734,671,151,2015-07-19,Standard Class,2015-07-24,6.096
5590,CA-2017-115224,76,141,95,2017-12-08,Second Class,2017-12-11,34.05
5591,CA-2017-115224,719,141,95,2017-12-08,Second Class,2017-12-11,352.38
5592,CA-2015-164742,813,505,101,2015-10-13,Second Class,2015-10-18,245.98
5593,CA-2015-164742,93,505,101,2015-10-13,Second Class,2015-10-18,18.94
5594,US-2018-108014,698,372,178,2018-11-19,Standard Class,2018-11-25,59.913
5595,CA-2018-160325,470,163,129,2018-09-24,Same Day,2018-09-24,391.98
5596,CA-2018-160325,1286,163,129,2018-09-24,Same Day,2018-09-24,437.85
5597,CA-2016-159779,142,767,209,2016-09-25,Standard Class,2016-09-29,68.62
5598,CA-2018-151176,1060,648,308,2018-02-13,Standard Class,2018-02-20,25.02
5599,CA-2018-151176,1743,648,308,2018-02-13,Standard Class,2018-02-20,10.71
5600,CA-2015-108903,1754,158,48,2015-10-03,Same Day,2015-10-03,55.984
5601,CA-2015-108903,136,158,48,2015-10-03,Same Day,2015-10-03,14.48
5602,CA-2015-108903,1090,158,48,2015-10-03,Same Day,2015-10-03,142.488
5603,CA-2017-117919,1755,423,17,2017-08-27,Second Class,2017-08-29,14.16
5604,CA-2017-117919,1674,423,17,2017-08-27,Second Class,2017-08-29,79.92
5605,CA-2016-142475,1682,511,165,2016-12-03,Standard Class,2016-12-07,590.352
5606,CA-2017-134516,1446,525,307,2017-09-20,Standard Class,2017-09-25,17.088
5607,CA-2017-134516,813,525,307,2017-09-20,Standard Class,2017-09-25,98.392
5608,CA-2018-105193,148,253,24,2018-03-25,Standard Class,2018-03-31,11.05
5609,CA-2016-168634,1035,579,10,2016-12-06,Standard Class,2016-12-11,7.78
5610,CA-2018-117198,765,768,69,2018-08-31,Standard Class,2018-09-05,659.9
5611,CA-2016-145828,177,94,94,2016-10-05,First Class,2016-10-07,53.04
5612,CA-2018-121027,696,305,60,2018-08-18,Standard Class,2018-08-22,843.9
5613,CA-2018-121027,578,305,60,2018-08-18,Standard Class,2018-08-22,1496.16
5614,CA-2017-147431,1756,456,165,2017-02-02,Standard Class,2017-02-07,117.96
5615,CA-2017-158001,320,688,46,2017-08-23,Standard Class,2017-08-27,21.3
5616,CA-2017-158001,78,688,46,2017-08-23,Standard Class,2017-08-27,1040.8
5617,CA-2017-158001,564,688,46,2017-08-23,Standard Class,2017-08-27,29.34
5618,CA-2018-125745,1123,2,32,2018-06-30,Standard Class,2018-07-04,19.52
5619,CA-2016-101154,17,497,189,2016-09-18,First Class,2016-09-21,443.92
5620,US-2017-124163,296,282,499,2017-09-25,Standard Class,2017-09-30,499.95
5621,US-2017-124163,1280,282,499,2017-09-25,Standard Class,2017-09-30,3.04
5622,US-2017-124163,39,282,499,2017-09-25,Standard Class,2017-09-30,201.96
5623,US-2017-124163,1467,282,499,2017-09-25,Standard Class,2017-09-30,68.64
5624,CA-2017-121748,1073,101,4,2017-10-24,Second Class,2017-10-28,100.0
5625,CA-2017-121748,1333,101,4,2017-10-24,Second Class,2017-10-28,359.98
5626,CA-2015-126683,51,453,61,2015-09-29,Second Class,2015-10-01,6.16
5627,CA-2015-126683,972,453,61,2015-09-29,Second Class,2015-10-01,2348.82
5628,CA-2018-148810,265,113,124,2018-06-26,Standard Class,2018-07-01,13.872
5629,CA-2018-148810,1757,113,124,2018-06-26,Standard Class,2018-07-01,273.552
5630,US-2017-146066,1001,47,106,2017-08-21,Second Class,2017-08-23,815.292
5631,CA-2015-127614,476,174,337,2015-02-11,Standard Class,2015-02-15,234.45
5632,CA-2015-127614,1022,174,337,2015-02-11,Standard Class,2015-02-15,1256.22
5633,CA-2015-127614,45,174,337,2015-02-11,Standard Class,2015-02-15,17.46
5634,CA-2017-101742,621,616,30,2017-09-23,Second Class,2017-09-28,10.528
5635,CA-2016-134943,998,712,541,2016-12-05,First Class,2016-12-06,152.8
5636,CA-2018-123022,341,338,542,2018-09-03,Standard Class,2018-09-08,82.56
5637,CA-2018-123022,1524,338,542,2018-09-03,Standard Class,2018-09-08,284.97
5638,CA-2018-113208,1758,615,166,2018-03-26,Standard Class,2018-04-02,60.84
5639,CA-2015-154893,158,307,143,2015-12-21,Standard Class,2015-12-27,1325.76
5640,CA-2015-154893,468,307,143,2015-12-21,Standard Class,2015-12-27,572.16
5641,CA-2015-147900,1733,83,346,2015-09-23,Standard Class,2015-09-28,28.8
5642,CA-2018-106355,22,402,316,2018-04-02,First Class,2018-04-05,11.12
5643,CA-2017-127985,248,627,113,2017-04-01,Second Class,2017-04-05,7.04
5644,CA-2016-166604,1304,707,236,2016-05-15,Second Class,2016-05-20,17.94
5645,CA-2018-120719,531,320,60,2018-03-23,First Class,2018-03-26,34.76
5646,CA-2018-127117,944,448,93,2018-04-14,Standard Class,2018-04-19,74.45
5647,CA-2016-104241,1002,123,213,2016-01-04,Standard Class,2016-01-09,192.22
5648,CA-2018-168179,586,678,363,2018-11-02,Standard Class,2018-11-07,19.44
5649,CA-2018-142342,1517,296,430,2018-07-17,Second Class,2018-07-19,32.4
5650,CA-2018-142342,1759,296,430,2018-07-17,Second Class,2018-07-19,57.9
5651,CA-2018-142342,1506,296,430,2018-07-17,Second Class,2018-07-19,10.56
5652,CA-2018-142342,179,296,430,2018-07-17,Second Class,2018-07-19,1194.165
5653,CA-2018-109099,1523,153,30,2018-10-06,Standard Class,2018-10-11,40.99
5654,US-2015-134187,135,261,107,2015-11-04,Standard Class,2015-11-11,2.94
5655,CA-2017-145261,444,572,161,2017-12-18,First Class,2017-12-21,45.24
5656,CA-2017-145261,513,572,161,2017-12-18,First Class,2017-12-21,18.688
5657,CA-2017-145261,1750,572,161,2017-12-18,First Class,2017-12-21,11.648
5658,CA-2017-145261,438,572,161,2017-12-18,First Class,2017-12-21,112.776
5659,CA-2017-145261,1001,572,161,2017-12-18,First Class,2017-12-21,377.45
5660,CA-2017-145261,1509,572,161,2017-12-18,First Class,2017-12-21,15.936
5661,CA-2017-145261,1379,572,161,2017-12-18,First Class,2017-12-21,28.68
5662,CA-2017-108875,279,643,43,2017-09-24,Standard Class,2017-10-01,21.44
5663,CA-2017-108875,1044,643,43,2017-09-24,Standard Class,2017-10-01,511.056
5664,CA-2017-141957,1760,685,56,2017-07-21,Same Day,2017-07-21,18.656
5665,CA-2017-141957,1086,685,56,2017-07-21,Same Day,2017-07-21,11.088
5666,CA-2017-141957,226,685,56,2017-07-21,Same Day,2017-07-21,66.688
5667,CA-2017-141957,822,685,56,2017-07-21,Same Day,2017-07-21,99.488
5668,CA-2017-142405,677,340,6,2017-06-11,Standard Class,2017-06-15,14.62
5669,CA-2017-142405,545,340,6,2017-06-11,Standard Class,2017-06-15,53.984
5670,CA-2017-142405,1302,340,6,2017-06-11,Standard Class,2017-06-15,389.97
5671,CA-2016-141012,1741,229,543,2016-06-09,Second Class,2016-06-11,355.36
5672,CA-2016-141012,1718,229,543,2016-06-09,Second Class,2016-06-11,140.376
5673,CA-2018-127922,1653,65,177,2018-10-27,Standard Class,2018-11-03,15.84
5674,CA-2018-127922,524,65,177,2018-10-27,Standard Class,2018-11-03,8.448
5675,CA-2017-146318,645,508,60,2017-01-22,Standard Class,2017-01-27,12.96
5676,CA-2015-135993,180,602,61,2015-05-28,Standard Class,2015-06-02,57.408
5677,CA-2015-135993,1692,602,61,2015-05-28,Standard Class,2015-06-02,27.6
5678,CA-2015-126802,1526,234,27,2015-12-29,Standard Class,2016-01-05,38.976
5679,CA-2017-143924,849,650,544,2017-07-28,Standard Class,2017-08-03,20.44
5680,CA-2017-143924,520,650,544,2017-07-28,Standard Class,2017-08-03,109.92
5681,CA-2017-141551,1207,547,473,2017-09-24,Standard Class,2017-09-30,6.38
5682,CA-2017-141551,56,547,473,2017-09-24,Standard Class,2017-09-30,6.48
5683,CA-2015-164315,1635,362,506,2015-04-02,Standard Class,2015-04-08,15.84
5684,CA-2015-164315,1522,362,506,2015-04-02,Standard Class,2015-04-08,1049.93
5685,CA-2015-164315,1272,362,506,2015-04-02,Standard Class,2015-04-08,154.9
5686,CA-2016-131072,103,108,60,2016-11-05,Same Day,2016-11-05,98.352
5687,CA-2015-131541,111,238,331,2015-07-28,Same Day,2015-07-28,14.32
5688,CA-2015-131541,1252,238,331,2015-07-28,Same Day,2015-07-28,129.888
5689,CA-2015-131541,1215,238,331,2015-07-28,Same Day,2015-07-28,48.944
5690,CA-2016-119550,1746,43,33,2016-12-26,Standard Class,2016-12-31,275.058
5691,US-2016-138093,1280,367,308,2016-12-10,Standard Class,2016-12-16,27.36
5692,US-2016-138093,423,367,308,2016-12-10,Standard Class,2016-12-16,44.75
5693,US-2016-138093,525,367,308,2016-12-10,Standard Class,2016-12-16,134.99
5694,US-2016-138093,1715,367,308,2016-12-10,Standard Class,2016-12-16,26.4
5695,US-2016-138093,324,367,308,2016-12-10,Standard Class,2016-12-16,542.94
5696,CA-2017-126165,973,734,10,2017-05-05,Second Class,2017-05-07,71.088
5697,CA-2018-126123,339,327,37,2018-10-14,Standard Class,2018-10-18,27.396
5698,CA-2018-126123,1081,327,37,2018-10-14,Standard Class,2018-10-18,13.456
5699,CA-2017-143441,580,433,162,2017-11-05,Same Day,2017-11-05,11.84
5700,CA-2018-148320,1666,39,10,2018-11-03,Standard Class,2018-11-08,35.88
5701,CA-2017-125661,619,403,178,2017-11-24,First Class,2017-11-26,40.752
5702,CA-2017-125661,1068,403,178,2017-11-24,First Class,2017-11-26,139.96
5703,US-2015-123519,951,287,368,2015-12-14,Standard Class,2015-12-21,2.624
5704,US-2015-123519,1338,287,368,2015-12-14,Standard Class,2015-12-21,136.53
5705,US-2015-123519,765,287,368,2015-12-14,Standard Class,2015-12-21,263.96
5706,CA-2015-155593,1563,262,70,2015-11-03,Standard Class,2015-11-08,11.64
5707,CA-2018-136000,1596,465,30,2018-09-22,Second Class,2018-09-25,40.176
5708,US-2016-160857,751,509,24,2016-05-08,Standard Class,2016-05-15,79.44
5709,US-2016-160857,1421,509,24,2016-05-08,Standard Class,2016-05-15,357.93
5710,US-2016-160857,475,509,24,2016-05-08,Standard Class,2016-05-15,127.764
5711,US-2016-160857,362,509,24,2016-05-08,Standard Class,2016-05-15,2799.944
5712,US-2016-160857,1542,509,24,2016-05-08,Standard Class,2016-05-15,19.44
5713,CA-2018-115805,522,148,156,2018-07-31,Same Day,2018-07-31,36.792
5714,US-2015-143707,870,368,46,2015-03-01,Standard Class,2015-03-05,5.94
5715,CA-2018-116939,842,152,196,2018-09-25,Standard Class,2018-09-29,177.55
5716,CA-2016-124107,696,313,541,2016-10-09,Second Class,2016-10-12,619.95
5717,CA-2016-124107,120,313,541,2016-10-09,Second Class,2016-10-12,29.16
5718,CA-2016-124107,1452,313,541,2016-10-09,Second Class,2016-10-12,57.96
5719,CA-2016-124107,931,313,541,2016-10-09,Second Class,2016-10-12,29.403
5720,CA-2018-126550,1570,743,377,2018-03-29,Second Class,2018-04-02,81.4
5721,CA-2016-138674,53,11,330,2016-11-14,First Class,2016-11-17,8.72
5722,CA-2016-138674,1303,11,330,2016-11-14,First Class,2016-11-17,91.176
5723,CA-2016-138674,1234,11,330,2016-11-14,First Class,2016-11-17,159.968
5724,CA-2017-165820,833,62,10,2017-09-26,Standard Class,2017-09-30,12.96
5725,CA-2015-103191,943,501,156,2015-09-22,Standard Class,2015-09-27,331.536
5726,CA-2016-103933,1337,113,165,2016-09-25,First Class,2016-09-27,899.91
5727,CA-2016-110548,982,707,15,2016-05-04,Standard Class,2016-05-08,946.344
5728,CA-2018-117324,1090,188,8,2018-12-08,Standard Class,2018-12-13,178.11
5729,CA-2018-117324,964,188,8,2018-12-08,Standard Class,2018-12-13,1089.75
5730,CA-2018-117324,581,188,8,2018-12-08,Standard Class,2018-12-13,61.06
5731,CA-2018-117324,1122,188,8,2018-12-08,Standard Class,2018-12-13,459.92
5732,CA-2018-117324,321,188,8,2018-12-08,Standard Class,2018-12-13,27.52
5733,CA-2018-143574,1532,113,545,2018-06-29,First Class,2018-07-02,638.82
5734,CA-2018-143574,683,113,545,2018-06-29,First Class,2018-07-02,30.69
5735,CA-2018-143574,981,113,545,2018-06-29,First Class,2018-07-02,25.16
5736,CA-2015-111773,1459,601,24,2015-06-29,Standard Class,2015-07-03,13.92
5737,CA-2015-148614,365,598,14,2015-01-20,Standard Class,2015-01-25,19.36
5738,CA-2015-148614,77,598,14,2015-01-20,Standard Class,2015-01-25,19.3
5739,CA-2017-156139,1400,670,10,2017-12-31,Standard Class,2018-01-06,38.376
5740,US-2018-147886,1642,705,261,2018-03-28,First Class,2018-03-31,12.96
5741,US-2018-147886,751,705,261,2018-03-28,First Class,2018-03-31,26.48
5742,US-2018-147886,1094,705,261,2018-03-28,First Class,2018-03-31,532.72
5743,US-2018-147886,653,705,261,2018-03-28,First Class,2018-03-31,26.72
5744,US-2018-147886,579,705,261,2018-03-28,First Class,2018-03-31,20.04
5745,US-2018-147886,419,705,261,2018-03-28,First Class,2018-03-31,795.48
5746,US-2018-147886,1393,705,261,2018-03-28,First Class,2018-03-31,21.56
5747,CA-2017-113733,496,24,254,2017-12-08,Standard Class,2017-12-12,249.584
5748,CA-2017-113733,722,24,254,2017-12-08,Standard Class,2017-12-12,68.112
5749,CA-2017-113733,1692,24,254,2017-12-08,Standard Class,2017-12-12,16.56
5750,CA-2018-104913,1251,55,255,2018-11-18,Standard Class,2018-11-22,74.95
5751,CA-2015-145800,11,758,546,2015-05-30,Standard Class,2015-06-05,355.455
5752,CA-2017-125850,1761,225,89,2017-01-22,Standard Class,2017-01-28,44.4
5753,CA-2017-125850,618,225,89,2017-01-22,Standard Class,2017-01-28,20.65
5754,CA-2017-118514,378,703,127,2017-02-03,Standard Class,2017-02-10,866.4
5755,CA-2016-150749,325,239,29,2016-03-29,Second Class,2016-04-03,5.56
5756,CA-2015-163748,1684,644,7,2015-10-14,Standard Class,2015-10-18,3.16
5757,CA-2015-163748,616,644,7,2015-10-14,Standard Class,2015-10-18,1999.96
5758,CA-2016-119634,1007,769,314,2016-08-11,Standard Class,2016-08-16,46.152
5759,CA-2016-149300,1735,4,187,2016-11-22,First Class,2016-11-23,32.985
5760,US-2017-111528,773,656,4,2017-12-30,Same Day,2017-12-30,481.32
5761,US-2017-111528,417,656,4,2017-12-30,Same Day,2017-12-30,6.384
5762,CA-2018-158169,1108,595,547,2018-08-12,First Class,2018-08-15,542.94
5763,CA-2018-158169,1002,595,547,2018-08-12,First Class,2018-08-15,54.92
5764,CA-2016-162047,1579,93,255,2016-11-03,First Class,2016-11-05,1448.82
5765,CA-2016-117772,1756,431,6,2016-09-10,Second Class,2016-09-12,353.88
5766,US-2015-126340,873,13,548,2015-11-08,Standard Class,2015-11-14,333.576
5767,CA-2017-149685,1352,328,66,2017-10-08,Standard Class,2017-10-15,60.144
5768,CA-2018-126396,937,754,33,2018-09-08,Second Class,2018-09-12,85.2
5769,CA-2016-154900,1043,287,343,2016-02-25,Standard Class,2016-03-01,3.15
5770,CA-2016-154900,127,287,343,2016-02-25,Standard Class,2016-03-01,22.72
5771,CA-2016-103835,528,465,4,2016-09-24,Standard Class,2016-09-28,14.91
5772,CA-2016-103835,1365,465,4,2016-09-24,Standard Class,2016-09-28,1158.12
5773,CA-2016-158939,350,106,334,2016-11-26,Standard Class,2016-12-01,599.99
5774,CA-2017-117408,356,237,526,2017-08-31,Standard Class,2017-09-06,23.968
5775,CA-2017-142398,1757,444,2,2017-04-12,Standard Class,2017-04-16,638.288
5776,CA-2017-142398,730,444,2,2017-04-12,Standard Class,2017-04-16,13.208
5777,CA-2017-105277,626,216,136,2017-12-04,Standard Class,2017-12-08,15.528
5778,CA-2017-112060,922,447,10,2017-12-04,Standard Class,2017-12-09,104.85
5779,CA-2015-105270,401,276,142,2015-11-11,Standard Class,2015-11-18,30.48
5780,CA-2015-105270,1154,276,142,2015-11-11,Standard Class,2015-11-18,112.648
5781,US-2016-159513,1762,480,14,2016-04-02,Standard Class,2016-04-09,71.976
5782,CA-2016-155586,148,191,549,2016-12-12,Second Class,2016-12-16,2.21
5783,CA-2016-155586,777,191,549,2016-12-12,Second Class,2016-12-16,15.52
5784,CA-2016-155586,1347,191,549,2016-12-12,Second Class,2016-12-16,36.44
5785,CA-2018-141117,367,766,330,2018-10-02,Standard Class,2018-10-08,217.764
5786,CA-2018-141117,598,766,330,2018-10-02,Standard Class,2018-10-08,39.072
5787,CA-2018-141117,829,766,330,2018-10-02,Standard Class,2018-10-08,22.638
5788,CA-2018-141117,1386,766,330,2018-10-02,Standard Class,2018-10-08,95.144
5789,CA-2018-115070,1393,770,134,2018-04-10,Second Class,2018-04-14,12.32
5790,CA-2018-115070,697,770,134,2018-04-10,Second Class,2018-04-14,4.419
5791,CA-2018-140186,660,311,410,2018-09-29,First Class,2018-10-02,35.0
5792,CA-2018-140186,956,311,410,2018-09-29,First Class,2018-10-02,72.784
5793,CA-2018-140186,415,311,410,2018-09-29,First Class,2018-10-02,97.84
5794,CA-2018-140186,29,311,410,2018-09-29,First Class,2018-10-02,51.75
5795,CA-2018-140186,706,311,410,2018-09-29,First Class,2018-10-02,46.672
5796,CA-2015-124856,1450,437,165,2015-09-29,Second Class,2015-10-03,1395.54
5797,CA-2015-124856,139,437,165,2015-09-29,Second Class,2015-10-03,117.36
5798,CA-2015-124856,920,437,165,2015-09-29,Second Class,2015-10-03,18.9
5799,CA-2015-124856,969,437,165,2015-09-29,Second Class,2015-10-03,77.52
5800,CA-2015-166716,1497,258,27,2015-08-20,Second Class,2015-08-25,421.372
5801,CA-2015-123225,1150,439,294,2015-07-11,First Class,2015-07-14,575.968
5802,CA-2015-123225,1554,439,294,2015-07-11,First Class,2015-07-14,10.368
5803,CA-2016-163440,434,77,380,2016-03-22,First Class,2016-03-24,15.984
5804,US-2018-106796,1047,656,158,2018-05-12,Standard Class,2018-05-19,10.272
5805,CA-2018-113873,1221,723,78,2018-11-13,Standard Class,2018-11-19,61.792
5806,CA-2018-113873,714,723,78,2018-11-13,Standard Class,2018-11-19,205.9992
5807,CA-2017-149783,728,112,365,2017-09-04,Second Class,2017-09-07,12.192
5808,CA-2017-149783,1310,112,365,2017-09-04,Second Class,2017-09-07,87.168
5809,CA-2017-149783,1572,112,365,2017-09-04,Second Class,2017-09-07,31.744
5810,CA-2017-125017,480,209,428,2017-02-06,Standard Class,2017-02-11,132.224
5811,US-2016-163279,814,252,89,2016-03-22,Standard Class,2016-03-26,105.52
5812,US-2016-163279,1763,252,89,2016-03-22,Standard Class,2016-03-26,91.96
5813,US-2016-163279,648,252,89,2016-03-22,Standard Class,2016-03-26,1487.976
5814,CA-2016-150196,1724,257,24,2016-07-02,First Class,2016-07-03,19.44
5815,US-2016-106495,1208,550,86,2016-06-15,First Class,2016-06-17,11.672
5816,CA-2015-124730,600,202,550,2015-11-26,Same Day,2015-11-26,279.96
5817,CA-2015-124730,62,202,550,2015-11-26,Same Day,2015-11-26,12.912
5818,CA-2015-124730,881,202,550,2015-11-26,Same Day,2015-11-26,17.088
5819,CA-2015-124730,323,202,550,2015-11-26,Same Day,2015-11-26,93.15
5820,CA-2015-124730,746,202,550,2015-11-26,Same Day,2015-11-26,11.52
5821,CA-2018-117632,1421,729,35,2018-05-12,Standard Class,2018-05-18,238.62
5822,CA-2018-117632,1038,729,35,2018-05-12,Standard Class,2018-05-18,7.77
5823,CA-2018-117632,720,729,35,2018-05-12,Standard Class,2018-05-18,285.48
5824,CA-2018-117632,1121,729,35,2018-05-12,Standard Class,2018-05-18,19.168
5825,CA-2015-115056,931,240,48,2015-05-02,Same Day,2015-05-02,26.136
5826,CA-2018-161067,977,684,46,2018-09-03,Second Class,2018-09-06,419.4
5827,CA-2018-161067,1720,684,46,2018-09-03,Second Class,2018-09-06,90.801
5828,CA-2018-161067,212,684,46,2018-09-03,Second Class,2018-09-06,181.764
5829,CA-2018-161067,1062,684,46,2018-09-03,Second Class,2018-09-06,5.56
5830,CA-2017-122063,310,463,238,2017-12-03,Standard Class,2017-12-07,581.96
5831,CA-2017-122063,1145,463,238,2017-12-03,Standard Class,2017-12-07,29.98
5832,CA-2016-111206,1302,289,189,2016-07-18,Standard Class,2016-07-22,519.96
5833,CA-2017-142895,949,444,5,2017-07-21,Standard Class,2017-07-26,6.264
5834,CA-2017-142895,956,444,5,2017-07-21,Standard Class,2017-07-26,363.92
5835,CA-2016-101868,1637,78,328,2016-06-09,Standard Class,2016-06-16,64.2
5836,CA-2016-101868,1161,78,328,2016-06-09,Standard Class,2016-06-16,38.52
5837,CA-2016-101868,1701,78,328,2016-06-09,Standard Class,2016-06-16,72.6
5838,CA-2018-133207,1764,771,2,2018-11-27,Standard Class,2018-12-03,57.568
5839,CA-2016-132948,1765,598,61,2016-03-27,Standard Class,2016-04-03,83.7
5840,CA-2016-134992,1194,676,102,2016-09-22,Second Class,2016-09-26,32.4
5841,CA-2016-134992,929,676,102,2016-09-22,Second Class,2016-09-26,47.98
5842,CA-2016-126725,1766,575,189,2016-11-17,Standard Class,2016-11-21,415.968
5843,CA-2016-126725,887,575,189,2016-11-17,Standard Class,2016-11-21,304.9
5844,CA-2016-126725,1703,575,189,2016-11-17,Standard Class,2016-11-21,80.96
5845,CA-2016-126725,1668,575,189,2016-11-17,Standard Class,2016-11-21,777.21
5846,CA-2016-126725,989,575,189,2016-11-17,Standard Class,2016-11-21,32.4
5847,CA-2016-126725,902,575,189,2016-11-17,Standard Class,2016-11-21,225.568
5848,CA-2016-126725,1123,575,189,2016-11-17,Standard Class,2016-11-21,36.6
5849,CA-2016-121783,848,179,530,2016-11-10,Standard Class,2016-11-14,715.64
5850,CA-2016-121783,1245,179,530,2016-11-10,Standard Class,2016-11-14,795.51
5851,CA-2016-121783,1573,179,530,2016-11-10,Standard Class,2016-11-14,549.99
5852,CA-2016-121783,445,179,530,2016-11-10,Standard Class,2016-11-14,74.76
5853,CA-2016-121783,222,179,530,2016-11-10,Standard Class,2016-11-14,29.22
5854,US-2015-138835,309,527,221,2015-09-10,Standard Class,2015-09-14,9.64
5855,CA-2016-112214,1199,707,78,2016-08-05,Standard Class,2016-08-11,33.488
5856,CA-2016-112214,1512,707,78,2016-08-05,Standard Class,2016-08-11,23.04
5857,CA-2016-112214,1283,707,78,2016-08-05,Standard Class,2016-08-11,1.362
5858,CA-2016-112214,1257,707,78,2016-08-05,Standard Class,2016-08-11,14.76
5859,US-2018-153255,1602,301,138,2018-09-03,Second Class,2018-09-07,239.666
5860,CA-2016-108119,1001,653,551,2016-11-01,Standard Class,2016-11-08,301.96
5861,CA-2016-157434,1051,83,75,2016-04-29,Second Class,2016-05-04,7.968
5862,CA-2017-101525,1767,633,366,2017-05-01,Second Class,2017-05-04,109.92
5863,CA-2017-101525,1308,633,366,2017-05-01,Second Class,2017-05-04,19.44
5864,CA-2017-101525,797,633,366,2017-05-01,Second Class,2017-05-04,11.16
5865,US-2015-117968,1277,603,316,2015-08-05,Second Class,2015-08-07,79.47
5866,US-2015-117968,1606,603,316,2015-08-05,Second Class,2015-08-07,4.56
5867,US-2015-117968,630,603,316,2015-08-05,Second Class,2015-08-07,1133.35
5868,CA-2017-158211,513,131,106,2017-01-04,Standard Class,2017-01-08,4.672
5869,CA-2017-158211,921,131,106,2017-01-04,Standard Class,2017-01-08,104.58
5870,CA-2017-152247,446,672,552,2017-11-07,Standard Class,2017-11-12,1603.136
5871,CA-2017-128223,1745,183,159,2017-06-14,Same Day,2017-06-14,1293.488
5872,CA-2017-154235,102,77,463,2017-09-24,Standard Class,2017-09-28,127.95
5873,CA-2018-129910,43,468,113,2018-03-30,Standard Class,2018-04-03,59.76
5874,CA-2018-133095,1088,383,237,2018-06-04,Same Day,2018-06-04,108.08
5875,CA-2018-133095,1311,383,237,2018-06-04,Same Day,2018-06-04,9.54
5876,CA-2016-130554,564,87,12,2016-04-07,First Class,2016-04-09,11.736
5877,CA-2015-152443,670,436,129,2015-05-21,Standard Class,2015-05-26,447.86
5878,CA-2015-152443,1666,436,129,2015-05-21,Standard Class,2015-05-26,17.94
5879,CA-2015-152443,1361,436,129,2015-05-21,Standard Class,2015-05-26,245.88
5880,CA-2017-133319,1416,598,165,2017-09-05,Standard Class,2017-09-11,192.16
5881,CA-2017-133935,446,479,189,2017-09-18,Standard Class,2017-09-22,801.568
5882,CA-2017-133935,840,479,189,2017-09-18,Standard Class,2017-09-22,368.91
5883,CA-2017-133935,813,479,189,2017-09-18,Standard Class,2017-09-22,885.528
5884,CA-2017-136301,376,554,10,2017-03-13,Second Class,2017-03-15,28.28
5885,CA-2017-136301,1360,554,10,2017-03-13,Second Class,2017-03-15,4912.59
5886,US-2015-109456,953,202,95,2015-10-16,Same Day,2015-10-17,14.352
5887,US-2015-109456,604,202,95,2015-10-16,Same Day,2015-10-17,179.97
5888,CA-2018-151596,1355,772,481,2018-10-08,First Class,2018-10-11,42.76
5889,CA-2016-147879,1768,418,553,2016-05-07,Standard Class,2016-05-12,45.68
5890,CA-2017-166625,1096,759,308,2017-04-14,First Class,2017-04-17,25.06
5891,CA-2017-146157,695,743,27,2017-11-21,Standard Class,2017-11-26,38.432
5892,CA-2017-146157,147,743,27,2017-11-21,Standard Class,2017-11-26,21.568
5893,CA-2017-146157,152,743,27,2017-11-21,Standard Class,2017-11-26,81.576
5894,CA-2018-159954,995,758,149,2018-09-10,Standard Class,2018-09-14,2.78
5895,CA-2018-100825,1292,471,2,2018-09-09,Standard Class,2018-09-14,99.87
5896,CA-2015-168305,1761,485,14,2015-11-01,Standard Class,2015-11-08,44.4
5897,CA-2015-168305,1116,485,14,2015-11-01,Standard Class,2015-11-08,21.4
5898,CA-2017-167682,91,10,238,2017-04-03,Standard Class,2017-04-09,71.12
5899,CA-2017-167682,1418,10,238,2017-04-03,Standard Class,2017-04-09,259.96
5900,CA-2018-108000,1171,323,95,2018-01-12,Standard Class,2018-01-16,9.78
5901,CA-2016-146465,473,584,35,2016-11-20,Standard Class,2016-11-24,24.192
5902,CA-2017-159639,1173,332,74,2017-11-27,Standard Class,2017-12-02,31.56
5903,US-2018-153948,369,87,35,2018-11-06,Same Day,2018-11-06,59.94
5904,US-2018-153948,1714,87,35,2018-11-06,Same Day,2018-11-06,45.36
5905,US-2018-153948,1715,87,35,2018-11-06,Same Day,2018-11-06,26.4
5906,US-2018-153948,1656,87,35,2018-11-06,Same Day,2018-11-06,41.4
5907,US-2018-153948,659,87,35,2018-11-06,Same Day,2018-11-06,16.95
5908,US-2017-113985,1088,471,59,2017-12-02,Standard Class,2017-12-07,24.704
5909,US-2017-113985,942,471,59,2017-12-02,Standard Class,2017-12-07,59.7
5910,US-2017-113985,1574,471,59,2017-12-02,Standard Class,2017-12-07,14.52
5911,US-2017-113985,1312,471,59,2017-12-02,Standard Class,2017-12-07,104.184
5912,CA-2017-155383,178,650,61,2017-12-17,Standard Class,2017-12-22,46.53
5913,CA-2015-120432,1769,62,553,2015-08-24,Second Class,2015-08-26,25.5
5914,US-2016-126977,384,725,46,2016-09-17,Standard Class,2016-09-23,14.9
5915,US-2016-126977,50,725,46,2016-09-17,Standard Class,2016-09-23,87.71
5916,US-2016-126977,914,725,46,2016-09-17,Standard Class,2016-09-23,199.764
5917,US-2016-126977,393,725,46,2016-09-17,Standard Class,2016-09-23,94.6
5918,US-2016-126977,27,725,46,2016-09-17,Standard Class,2016-09-23,4228.704
5919,US-2016-126977,1249,725,46,2016-09-17,Standard Class,2016-09-23,2003.92
5920,US-2016-126977,600,725,46,2016-09-17,Standard Class,2016-09-23,209.97
5921,US-2016-126977,765,725,46,2016-09-17,Standard Class,2016-09-23,659.9
5922,US-2016-126977,418,725,46,2016-09-17,Standard Class,2016-09-23,110.96
5923,US-2016-126977,1050,725,46,2016-09-17,Standard Class,2016-09-23,67.8
5924,CA-2017-130288,972,159,165,2017-11-26,Second Class,2017-11-30,313.176
5925,CA-2018-146458,1242,580,29,2018-11-19,Second Class,2018-11-22,22.96
5926,CA-2018-150420,990,242,396,2018-06-03,Standard Class,2018-06-08,1099.5
5927,US-2015-118997,1747,20,34,2015-04-08,Standard Class,2015-04-12,1215.92
5928,CA-2015-114314,3,588,146,2015-10-11,Standard Class,2015-10-15,7.31
5929,CA-2015-114314,1349,588,146,2015-10-11,Standard Class,2015-10-15,8.92
5930,US-2018-169551,673,211,75,2018-07-07,First Class,2018-07-09,87.21
5931,US-2018-169551,261,211,75,2018-07-07,First Class,2018-07-09,15.552
5932,US-2018-169551,433,211,75,2018-07-07,First Class,2018-07-09,683.988
5933,US-2018-169551,1428,211,75,2018-07-07,First Class,2018-07-09,13.392
5934,US-2018-169551,1696,211,75,2018-07-07,First Class,2018-07-09,16.776
5935,US-2018-169551,765,211,75,2018-07-07,First Class,2018-07-09,527.92
5936,CA-2017-103107,535,47,6,2017-07-04,Same Day,2017-07-04,25.4
5937,CA-2017-103107,1193,47,6,2017-07-04,Same Day,2017-07-04,177.48
5938,CA-2017-103107,994,47,6,2017-07-04,Same Day,2017-07-04,71.976
5939,CA-2018-122077,1212,640,302,2018-05-19,Standard Class,2018-05-25,95.992
5940,CA-2018-122077,1723,640,302,2018-05-19,Standard Class,2018-05-25,13.216
5941,CA-2018-112431,478,356,14,2018-10-12,Second Class,2018-10-14,435.84
5942,CA-2018-112431,135,356,14,2018-10-12,Second Class,2018-10-14,5.88
5943,CA-2017-151092,195,365,4,2017-08-06,Standard Class,2017-08-13,211.168
5944,CA-2015-104178,1449,26,2,2015-08-25,Standard Class,2015-08-29,6.28
5945,CA-2015-104178,453,26,2,2015-08-25,Standard Class,2015-08-29,95.1
5946,CA-2015-104178,1348,26,2,2015-08-25,Standard Class,2015-08-29,25.92
5947,CA-2015-104178,763,26,2,2015-08-25,Standard Class,2015-08-29,48.84
5948,CA-2016-115924,1500,535,194,2016-09-14,Second Class,2016-09-18,25.9
5949,CA-2018-161046,762,119,372,2018-03-05,Same Day,2018-03-05,42.68
5950,CA-2018-161046,410,119,372,2018-03-05,Same Day,2018-03-05,299.97
5951,CA-2018-161046,165,119,372,2018-03-05,Same Day,2018-03-05,262.24
5952,CA-2018-161046,921,119,372,2018-03-05,Same Day,2018-03-05,234.36
5953,US-2018-141698,1770,175,17,2018-04-15,Standard Class,2018-04-21,20.736
5954,US-2015-105151,1707,738,30,2015-03-30,First Class,2015-03-31,10.5
5955,CA-2015-155796,1443,748,332,2015-11-11,Second Class,2015-11-15,23.968
5956,CA-2015-155796,38,748,332,2015-11-11,Second Class,2015-11-15,521.96
5957,CA-2017-127138,274,159,10,2017-03-12,Second Class,2017-03-15,676.55
5958,CA-2017-127138,1272,159,10,2017-03-12,Second Class,2017-03-15,154.9
5959,CA-2017-127138,662,159,10,2017-03-12,Second Class,2017-03-15,30.56
5960,CA-2017-127138,624,159,10,2017-03-12,Second Class,2017-03-15,770.352
5961,CA-2018-150602,1227,505,63,2018-02-09,Second Class,2018-02-14,21.12
5962,CA-2015-140732,517,16,26,2015-11-11,Second Class,2015-11-13,575.928
5963,CA-2015-140732,1035,16,26,2015-11-11,Second Class,2015-11-13,7.78
5964,CA-2015-140732,760,16,26,2015-11-11,Second Class,2015-11-13,123.92
5965,CA-2018-119011,1323,757,10,2018-08-20,Standard Class,2018-08-25,17.22
5966,CA-2018-119011,118,757,10,2018-08-20,Standard Class,2018-08-25,226.56
5967,CA-2018-119011,1518,757,10,2018-08-20,Standard Class,2018-08-25,107.88
5968,CA-2017-166912,1523,337,30,2017-01-15,First Class,2017-01-17,81.98
5969,CA-2015-141726,977,231,189,2015-07-20,First Class,2015-07-22,104.85
5970,CA-2015-141726,305,231,189,2015-07-20,First Class,2015-07-22,8.704
5971,CA-2015-141726,389,231,189,2015-07-20,First Class,2015-07-22,19.92
5972,CA-2015-141726,614,231,189,2015-07-20,First Class,2015-07-22,43.02
5973,CA-2018-115105,790,421,24,2018-02-06,Standard Class,2018-02-11,240.784
5974,CA-2016-143980,1471,83,165,2016-12-25,Standard Class,2016-12-29,414.96
5975,CA-2017-135636,888,141,44,2017-10-08,Standard Class,2017-10-13,387.72
5976,CA-2018-102155,735,646,439,2018-07-13,Standard Class,2018-07-17,360.38
5977,CA-2018-102155,988,646,439,2018-07-13,Standard Class,2018-07-17,13.56
5978,CA-2018-116953,303,604,155,2018-04-24,First Class,2018-04-25,552.0
5979,CA-2015-117765,978,47,312,2015-09-07,Standard Class,2015-09-13,429.9
5980,CA-2015-117765,28,47,312,2015-09-07,Standard Class,2015-09-13,32.06
5981,CA-2015-117765,168,47,312,2015-09-07,Standard Class,2015-09-13,161.96
5982,CA-2015-117765,338,47,312,2015-09-07,Standard Class,2015-09-13,19.86
5983,CA-2017-114895,1642,161,46,2017-11-21,Standard Class,2017-11-28,12.96
5984,CA-2018-112984,631,700,106,2018-09-16,Second Class,2018-09-18,20.544
5985,CA-2017-163776,1436,560,501,2017-07-19,Standard Class,2017-07-25,185.58
5986,CA-2017-163776,1562,560,501,2017-07-19,Standard Class,2017-07-25,77.56
5987,CA-2017-163776,211,560,501,2017-07-19,Standard Class,2017-07-25,87.92
5988,CA-2017-163776,1523,560,501,2017-07-19,Standard Class,2017-07-25,245.94
5989,CA-2017-163776,481,560,501,2017-07-19,Standard Class,2017-07-25,8.6
5990,CA-2017-163776,1660,560,501,2017-07-19,Standard Class,2017-07-25,504.9
5991,US-2018-163300,1179,302,14,2018-09-15,Standard Class,2018-09-21,2357.488
5992,US-2018-163300,195,302,14,2018-09-15,Standard Class,2018-09-21,369.544
5993,US-2018-163300,390,302,14,2018-09-15,Standard Class,2018-09-21,184.752
5994,CA-2017-162187,721,375,48,2017-12-11,Same Day,2017-12-11,64.96
5995,CA-2017-162187,1567,375,48,2017-12-11,Same Day,2017-12-11,13.52
5996,CA-2017-162187,1586,375,48,2017-12-11,Same Day,2017-12-11,458.43
5997,CA-2017-162187,644,375,48,2017-12-11,Same Day,2017-12-11,387.136
5998,CA-2017-162187,963,375,48,2017-12-11,Same Day,2017-12-11,328.59
5999,US-2015-112991,902,65,554,2015-12-10,Standard Class,2015-12-14,338.352
6000,US-2015-112991,713,65,554,2015-12-10,Standard Class,2015-12-14,25.92
6001,US-2015-112991,394,65,554,2015-12-10,Standard Class,2015-12-14,91.36
6002,CA-2015-124079,1143,576,52,2015-12-13,Standard Class,2015-12-17,87.96
6003,CA-2015-124079,531,576,52,2015-12-13,Standard Class,2015-12-17,5.214
6004,US-2018-146878,103,298,230,2018-09-21,Standard Class,2018-09-27,12.294
6005,CA-2018-107244,628,370,26,2018-09-07,Standard Class,2018-09-11,19.76
6006,CA-2016-100657,1535,574,25,2016-11-02,Standard Class,2016-11-07,109.764
6007,CA-2018-129581,1301,472,273,2018-12-11,Standard Class,2018-12-18,128.85
6008,CA-2018-129028,102,335,329,2018-04-01,First Class,2018-04-03,127.95
6009,CA-2016-135580,1139,53,14,2016-12-30,Standard Class,2017-01-03,68.52
6010,CA-2016-135580,353,53,14,2016-12-30,Standard Class,2017-01-03,74.94
6011,CA-2016-135580,669,53,14,2016-12-30,Standard Class,2017-01-03,2548.56
6012,CA-2016-135580,232,53,14,2016-12-30,Standard Class,2017-01-03,271.44
6013,CA-2016-135580,1192,53,14,2016-12-30,Standard Class,2017-01-03,287.88
6014,CA-2017-159016,1103,581,142,2017-03-10,First Class,2017-03-11,14.9
6015,CA-2017-159016,1149,581,142,2017-03-10,First Class,2017-03-11,4158.912
6016,CA-2015-102652,1763,673,14,2015-04-06,Standard Class,2015-04-12,91.96
6017,CA-2015-102652,284,673,14,2015-04-06,Standard Class,2015-04-12,33.11
6018,CA-2015-102652,1166,673,14,2015-04-06,Standard Class,2015-04-12,19.44
6019,CA-2015-102652,1487,673,14,2015-04-06,Standard Class,2015-04-12,55.48
6020,CA-2015-152422,10,632,48,2015-10-05,Second Class,2015-10-10,91.92
6021,US-2017-156692,1296,644,555,2017-08-13,Same Day,2017-08-13,17.34
6022,US-2017-156692,358,644,555,2017-08-13,Same Day,2017-08-13,71.98
6023,CA-2015-130869,112,91,538,2015-11-17,Standard Class,2015-11-21,7.08
6024,US-2018-128832,1068,323,259,2018-04-24,First Class,2018-04-27,69.98
6025,CA-2018-139717,1726,662,403,2018-08-24,Second Class,2018-08-26,646.272
6026,CA-2018-139717,728,662,403,2018-08-24,Second Class,2018-08-26,10.368
6027,CA-2018-136007,1472,557,61,2018-02-23,Standard Class,2018-03-02,8.4
6028,CA-2018-136007,832,557,61,2018-02-23,Standard Class,2018-03-02,71.96
6029,CA-2017-157364,685,300,223,2017-11-19,First Class,2017-11-21,18.48
6030,US-2017-112970,951,622,14,2017-11-14,First Class,2017-11-15,9.84
6031,US-2018-152492,1181,739,230,2018-07-06,Same Day,2018-07-06,239.24
6032,CA-2017-101168,1227,165,556,2017-12-25,Standard Class,2018-01-01,21.12
6033,CA-2018-104010,134,144,165,2018-04-23,First Class,2018-04-25,54.9
6034,CA-2016-130253,1525,453,2,2016-12-14,Standard Class,2016-12-18,15.24
6035,US-2016-155369,415,311,296,2016-04-19,Standard Class,2016-04-25,19.568
6036,US-2016-155369,761,311,296,2016-04-19,Standard Class,2016-04-25,310.392
6037,CA-2017-131205,379,732,521,2017-09-04,Standard Class,2017-09-08,42.6
6038,CA-2017-131205,413,732,521,2017-09-04,Standard Class,2017-09-08,113.94
6039,CA-2017-131205,572,732,521,2017-09-04,Standard Class,2017-09-08,129.92
6040,CA-2017-131205,1274,732,521,2017-09-04,Standard Class,2017-09-08,5.28
6041,CA-2018-122364,1119,136,142,2018-09-24,Standard Class,2018-09-29,859.2
6042,CA-2018-122364,1771,136,142,2018-09-24,Standard Class,2018-09-29,506.28
6043,CA-2017-117912,1105,15,172,2017-02-04,Standard Class,2017-02-08,14.368
6044,CA-2018-145702,542,341,365,2018-05-19,Second Class,2018-05-24,314.352
6045,CA-2018-145702,1051,341,365,2018-05-19,Second Class,2018-05-24,27.888
6046,CA-2016-113215,1072,435,116,2016-09-03,Standard Class,2016-09-08,238.152
6047,CA-2017-154662,1745,683,40,2017-06-09,Standard Class,2017-06-16,692.94
6048,CA-2016-105571,571,292,230,2016-11-07,Standard Class,2016-11-11,16.146
6049,CA-2016-105571,1177,292,230,2016-11-07,Standard Class,2016-11-11,1345.485
6050,CA-2017-152765,1694,202,67,2017-06-15,First Class,2017-06-18,173.488
6051,CA-2016-153878,333,773,202,2016-04-25,Standard Class,2016-04-30,57.75
6052,CA-2016-153878,1310,773,202,2016-04-25,Standard Class,2016-04-30,272.4
6053,CA-2017-124016,1026,186,403,2017-09-23,Second Class,2017-09-26,11.952
6054,CA-2017-124016,1458,186,403,2017-09-23,Second Class,2017-09-26,28.0
6055,CA-2017-124016,700,186,403,2017-09-23,Second Class,2017-09-26,12.201
6056,CA-2017-113551,1340,174,465,2017-08-18,First Class,2017-08-20,2.068
6057,CA-2017-113551,1403,174,465,2017-08-18,First Class,2017-08-20,83.84
6058,CA-2015-107524,153,608,30,2015-03-02,Standard Class,2015-03-08,11.36
6059,CA-2015-107524,58,608,30,2015-03-02,Standard Class,2015-03-08,36.4
6060,CA-2015-138072,1564,316,75,2015-12-30,Standard Class,2016-01-03,27.968
6061,CA-2016-134201,842,259,145,2016-04-10,Standard Class,2016-04-16,142.04
6062,CA-2016-134201,283,259,145,2016-04-10,Standard Class,2016-04-16,14.67
6063,CA-2016-111780,852,268,89,2016-12-25,Second Class,2016-12-30,1199.96
6064,CA-2016-111780,795,268,89,2016-12-25,Second Class,2016-12-30,12.6
6065,CA-2016-111780,458,268,89,2016-12-25,Second Class,2016-12-30,17.94
6066,CA-2016-119942,640,75,75,2016-04-05,First Class,2016-04-07,23.904
6067,CA-2016-151547,1206,734,557,2016-01-17,Standard Class,2016-01-23,88.96
6068,CA-2018-166695,406,255,468,2018-05-20,Standard Class,2018-05-24,518.272
6069,CA-2018-166695,771,255,468,2018-05-20,Standard Class,2018-05-24,6.98
6070,CA-2018-166695,1772,255,468,2018-05-20,Standard Class,2018-05-24,343.2
6071,CA-2018-167542,677,471,75,2018-08-13,Standard Class,2018-08-20,17.544
6072,CA-2016-120901,622,768,111,2016-12-31,Standard Class,2017-01-04,152.688
6073,CA-2016-120901,846,768,111,2016-12-31,Standard Class,2017-01-04,3.488
6074,CA-2016-120901,328,768,111,2016-12-31,Standard Class,2017-01-04,5.888
6075,CA-2018-121398,1243,93,142,2018-12-25,Standard Class,2018-12-29,153.552
6076,CA-2018-121398,274,93,142,2018-12-25,Standard Class,2018-12-29,270.62
6077,CA-2017-151561,476,311,165,2017-09-01,Standard Class,2017-09-07,468.9
6078,CA-2017-151561,1520,311,165,2017-09-01,Standard Class,2017-09-07,72.48
6079,CA-2017-151561,504,311,165,2017-09-01,Standard Class,2017-09-07,10.95
6080,CA-2017-151561,442,311,165,2017-09-01,Standard Class,2017-09-07,191.82
6081,CA-2018-154676,1223,126,33,2018-08-05,First Class,2018-08-08,151.056
6082,US-2015-165589,1599,181,338,2015-02-18,Same Day,2015-02-18,25.16
6083,US-2017-132577,1500,189,15,2017-11-22,Standard Class,2017-11-27,6.216
6084,US-2017-132577,1610,189,15,2017-11-22,Standard Class,2017-11-27,23.616
6085,US-2017-132577,1375,189,15,2017-11-22,Standard Class,2017-11-27,24.032
6086,US-2017-132577,949,189,15,2017-11-22,Standard Class,2017-11-27,2.088
6087,US-2017-132577,1391,189,15,2017-11-22,Standard Class,2017-11-27,4.488
6088,CA-2016-114048,222,14,147,2016-12-14,Standard Class,2016-12-18,29.22
6089,CA-2016-137281,681,542,236,2016-06-13,Standard Class,2016-06-17,6.48
6090,US-2018-162068,923,332,522,2018-12-28,Second Class,2018-12-31,1.188
6091,CA-2018-100111,932,278,46,2018-09-20,Standard Class,2018-09-26,272.646
6092,CA-2018-100111,1773,278,46,2018-09-20,Standard Class,2018-09-26,212.8
6093,CA-2018-100111,1672,278,46,2018-09-20,Standard Class,2018-09-26,38.52
6094,CA-2018-100111,478,278,46,2018-09-20,Standard Class,2018-09-26,72.64
6095,CA-2018-100111,76,278,46,2018-09-20,Standard Class,2018-09-26,45.4
6096,CA-2018-100111,321,278,46,2018-09-20,Standard Class,2018-09-26,13.76
6097,CA-2018-100111,52,278,46,2018-09-20,Standard Class,2018-09-26,80.991
6098,CA-2018-100111,186,278,46,2018-09-20,Standard Class,2018-09-26,11.784
6099,CA-2018-100111,53,278,46,2018-09-20,Standard Class,2018-09-26,4.36
6100,CA-2018-100111,285,278,46,2018-09-20,Standard Class,2018-09-26,2888.127
6101,CA-2018-100111,1149,278,46,2018-09-20,Standard Class,2018-09-26,1299.66
6102,CA-2018-100111,446,278,46,2018-09-20,Standard Class,2018-09-26,2254.41
6103,CA-2018-100111,140,278,46,2018-09-20,Standard Class,2018-09-26,104.85
6104,CA-2018-100111,85,278,46,2018-09-20,Standard Class,2018-09-26,59.97
6105,US-2018-132381,737,657,106,2018-08-22,First Class,2018-08-24,314.532
6106,CA-2016-147011,320,404,328,2016-06-18,Standard Class,2016-06-22,13.632
6107,CA-2015-120852,536,577,71,2015-12-20,Standard Class,2015-12-25,19.432
6108,CA-2015-120852,961,577,71,2015-12-20,Standard Class,2015-12-25,65.44
6109,CA-2017-150007,1551,549,156,2017-09-11,Standard Class,2017-09-16,6.0
6110,CA-2017-150007,1311,549,156,2017-09-11,Standard Class,2017-09-16,1.908
6111,CA-2017-124590,1497,728,271,2017-11-12,Standard Class,2017-11-16,1474.802
6112,CA-2017-124590,15,728,271,2017-11-12,Standard Class,2017-11-16,110.096
6113,CA-2017-124590,204,728,271,2017-11-12,Standard Class,2017-11-16,16.752
6114,CA-2017-124590,2,728,271,2017-11-12,Standard Class,2017-11-16,1537.074
6115,CA-2017-124590,624,728,271,2017-11-12,Standard Class,2017-11-16,449.372
6116,CA-2017-133802,45,71,558,2017-03-14,Standard Class,2017-03-20,41.904
6117,US-2017-113677,1774,476,165,2017-11-13,Standard Class,2017-11-19,2279.96
6118,US-2017-113677,640,476,165,2017-11-13,Standard Class,2017-11-19,14.94
6119,CA-2018-143378,517,336,330,2018-09-19,Standard Class,2018-09-25,191.976
6120,CA-2018-143378,1069,336,330,2018-09-19,Standard Class,2018-09-25,23.832
6121,CA-2018-143378,442,336,330,2018-09-19,Standard Class,2018-09-25,409.216
6122,CA-2018-143378,367,336,330,2018-09-19,Standard Class,2018-09-25,72.588
6123,CA-2018-152660,1425,559,27,2018-12-04,Standard Class,2018-12-09,61.568
6124,CA-2016-142139,1255,175,471,2016-08-31,Standard Class,2016-09-05,20.96
6125,CA-2018-145772,1045,165,2,2018-06-03,Standard Class,2018-06-07,44.75
6126,CA-2018-145772,1775,165,2,2018-06-03,Standard Class,2018-06-07,11.96
6127,CA-2018-145772,767,165,2,2018-06-03,Standard Class,2018-06-07,3.912
6128,CA-2017-124100,164,553,30,2017-03-31,Standard Class,2017-04-06,327.996
6129,US-2015-158400,1088,693,10,2015-10-25,First Class,2015-10-28,49.408
6130,CA-2018-162033,937,774,221,2018-03-26,Standard Class,2018-04-02,53.25
6131,CA-2018-162033,1015,774,221,2018-03-26,Standard Class,2018-04-02,3.76
6132,CA-2015-163447,213,354,165,2015-12-27,Standard Class,2015-12-31,767.214
6133,CA-2018-145737,1523,270,559,2018-09-15,Standard Class,2018-09-20,163.96
6134,CA-2017-148096,1530,775,63,2017-08-16,First Class,2017-08-19,161.28
6135,CA-2017-146766,282,628,458,2017-11-04,Same Day,2017-11-04,192.8
6136,CA-2016-105613,1576,608,478,2016-10-18,Standard Class,2016-10-22,27.696
6137,CA-2016-105613,1307,608,478,2016-10-18,Standard Class,2016-10-22,73.164
6138,US-2017-142251,482,384,475,2017-10-31,Second Class,2017-11-04,32.064
6139,CA-2015-131247,431,316,95,2015-03-30,Standard Class,2015-04-04,205.666
6140,US-2016-113593,1425,721,560,2016-04-18,First Class,2016-04-20,115.44
6141,CA-2018-121083,1767,441,114,2018-07-09,Standard Class,2018-07-15,274.8
6142,CA-2018-121083,1167,441,114,2018-07-09,Standard Class,2018-07-15,195.64
6143,CA-2018-121083,958,441,114,2018-07-09,Standard Class,2018-07-15,257.98
6144,CA-2018-121083,1572,441,114,2018-07-09,Standard Class,2018-07-15,119.04
6145,CA-2018-151190,1071,219,199,2018-06-27,Standard Class,2018-07-01,20.07
6146,CA-2015-133543,502,731,59,2015-12-22,Standard Class,2015-12-26,11.76
6147,CA-2018-105130,502,602,35,2018-11-21,Standard Class,2018-11-25,11.76
6148,CA-2018-105130,987,602,35,2018-11-21,Standard Class,2018-11-25,40.736
6149,CA-2017-161928,1552,664,10,2017-06-27,Second Class,2017-06-29,201.584
6150,CA-2018-101322,57,685,107,2018-12-28,First Class,2018-12-31,340.704
6151,US-2017-106600,1545,529,113,2017-04-08,First Class,2017-04-11,354.9
6152,CA-2015-111871,1602,736,95,2015-03-18,Second Class,2015-03-21,1198.33
6153,CA-2018-139437,211,362,26,2018-07-03,Standard Class,2018-07-08,87.92
6154,CA-2018-151484,1417,52,75,2018-04-20,First Class,2018-04-23,51.968
6155,CA-2018-151484,81,52,75,2018-04-20,First Class,2018-04-23,51.336
6156,CA-2018-151484,404,52,75,2018-04-20,First Class,2018-04-23,332.704
6157,CA-2018-151484,1382,52,75,2018-04-20,First Class,2018-04-23,42.408
6158,CA-2017-104150,114,744,312,2017-08-03,Second Class,2017-08-05,81.54
6159,CA-2017-104150,1776,744,312,2017-08-03,Second Class,2017-08-05,167.28
6160,CA-2017-161025,1663,307,14,2017-12-03,Standard Class,2017-12-09,772.68
6161,CA-2015-103989,525,205,153,2015-03-19,First Class,2015-03-21,323.976
6162,CA-2015-103989,1140,205,153,2015-03-19,First Class,2015-03-21,11.808
6163,CA-2015-103989,377,205,153,2015-03-19,First Class,2015-03-21,26.16
6164,CA-2015-103989,1404,205,153,2015-03-19,First Class,2015-03-21,33.57
6165,CA-2015-103989,1036,205,153,2015-03-19,First Class,2015-03-21,4.992
6166,CA-2015-103989,1683,205,153,2015-03-19,First Class,2015-03-21,20.016
6167,CA-2015-103989,1773,205,153,2015-03-19,First Class,2015-03-21,170.24
6168,CA-2016-142433,127,302,67,2016-04-20,Standard Class,2016-04-25,117.456
6169,CA-2016-132815,497,460,142,2016-09-19,Second Class,2016-09-22,22.96
6170,CA-2015-101266,482,463,29,2015-08-27,Second Class,2015-08-30,13.36
6171,CA-2017-141523,1396,776,46,2017-12-19,Second Class,2017-12-24,34.248
6172,CA-2017-141523,825,776,46,2017-12-19,Second Class,2017-12-24,3.52
6173,US-2015-106299,952,126,334,2015-08-02,Standard Class,2015-08-08,26.7
6174,US-2015-106299,1652,126,334,2015-08-02,Standard Class,2015-08-08,21.2
6175,US-2015-106299,1075,126,334,2015-08-02,Standard Class,2015-08-08,838.38
6176,CA-2016-158421,775,674,38,2016-09-21,Standard Class,2016-09-26,1690.04
6177,CA-2016-158421,577,674,38,2016-09-21,Standard Class,2016-09-26,85.96
6178,CA-2016-158421,1698,674,38,2016-09-21,Standard Class,2016-09-26,121.96
6179,CA-2016-158421,1777,674,38,2016-09-21,Standard Class,2016-09-26,23.92
6180,CA-2016-158421,912,674,38,2016-09-21,Standard Class,2016-09-26,63.96
6181,CA-2016-158421,1371,674,38,2016-09-21,Standard Class,2016-09-26,629.95
6182,CA-2016-158421,530,674,38,2016-09-21,Standard Class,2016-09-26,113.73
6183,CA-2016-158421,348,674,38,2016-09-21,Standard Class,2016-09-26,14.6
6184,CA-2016-158421,17,674,38,2016-09-21,Standard Class,2016-09-26,887.84
6185,CA-2017-143609,39,490,41,2017-12-11,First Class,2017-12-13,403.92
6186,CA-2016-138331,819,601,75,2016-08-07,Standard Class,2016-08-12,106.8
6187,CA-2016-138954,393,187,46,2016-11-15,First Class,2016-11-17,70.95
6188,CA-2016-138954,1345,187,46,2016-11-15,First Class,2016-11-17,34.944
6189,CA-2016-138954,1042,187,46,2016-11-15,First Class,2016-11-17,119.04
6190,CA-2018-157903,1192,563,561,2018-04-04,Standard Class,2018-04-08,383.84
6191,CA-2017-157259,1741,342,46,2017-12-24,Standard Class,2017-12-28,799.56
6192,CA-2018-107986,471,597,6,2018-12-13,Same Day,2018-12-13,31.44
6193,CA-2018-104927,713,744,15,2018-12-22,Standard Class,2018-12-26,25.92
6194,CA-2018-104927,859,744,15,2018-12-22,Standard Class,2018-12-26,6.33
6195,CA-2018-104927,641,744,15,2018-12-22,Standard Class,2018-12-26,75.88
6196,CA-2018-113453,904,381,106,2018-10-21,Standard Class,2018-10-28,329.988
6197,CA-2018-113453,1070,381,106,2018-10-21,Standard Class,2018-10-28,71.376
6198,CA-2016-149909,1347,155,135,2016-11-13,Standard Class,2016-11-17,63.77
6199,CA-2016-149909,1260,155,135,2016-11-13,Standard Class,2016-11-17,50.97
6200,CA-2016-149909,695,155,135,2016-11-13,Standard Class,2016-11-17,96.08
6201,CA-2016-146675,1078,767,190,2016-04-16,Standard Class,2016-04-20,1439.968
6202,CA-2016-146675,1701,767,190,2016-04-16,Standard Class,2016-04-20,43.56
6203,CA-2017-118332,902,8,430,2017-12-16,Standard Class,2017-12-23,563.92
6204,CA-2017-133669,1693,604,48,2017-10-21,Standard Class,2017-10-27,235.152
6205,CA-2018-145660,764,378,368,2018-12-01,First Class,2018-12-03,7.712
6206,CA-2017-133697,1347,321,15,2017-10-20,Second Class,2017-10-24,51.016
6207,CA-2017-133697,551,321,15,2017-10-20,Second Class,2017-10-24,25.248
6208,CA-2017-133697,395,321,15,2017-10-20,Second Class,2017-10-24,56.686
6209,CA-2018-148138,912,546,368,2018-09-29,Standard Class,2018-10-03,51.168
6210,CA-2018-119809,761,454,6,2018-08-18,Standard Class,2018-08-25,2793.528
6211,CA-2018-119809,385,454,6,2018-08-18,Standard Class,2018-08-25,1000.02
6212,CA-2018-119809,505,454,6,2018-08-18,Standard Class,2018-08-25,65.94
6213,CA-2018-149944,830,94,562,2018-11-12,Second Class,2018-11-16,18.24
6214,CA-2018-149944,514,94,562,2018-11-12,Second Class,2018-11-16,76.12
6215,CA-2015-128538,589,239,414,2015-10-11,Standard Class,2015-10-15,7.64
6216,CA-2016-161711,206,467,46,2016-11-28,Standard Class,2016-12-03,68.16
6217,CA-2016-161711,838,467,46,2016-11-28,Standard Class,2016-12-03,62.24
6218,US-2016-129553,1137,311,176,2016-07-27,Standard Class,2016-08-02,29.97
6219,CA-2017-160220,1021,560,191,2017-10-20,Standard Class,2017-10-26,125.7
6220,CA-2017-160220,665,560,191,2017-10-20,Standard Class,2017-10-26,191.98
6221,CA-2017-160220,384,560,191,2017-10-20,Standard Class,2017-10-26,20.86
6222,US-2018-157224,920,678,63,2018-09-14,Second Class,2018-09-18,56.7
6223,CA-2018-140627,206,214,563,2018-12-23,Standard Class,2018-12-27,72.704
6224,CA-2018-140627,910,214,563,2018-12-23,Standard Class,2018-12-27,12.264
6225,CA-2018-140627,73,214,563,2018-12-23,Standard Class,2018-12-27,218.352
6226,CA-2016-133445,1488,224,41,2016-10-05,Standard Class,2016-10-09,66.294
6227,CA-2016-133445,1456,224,41,2016-10-05,Standard Class,2016-10-09,291.168
6228,CA-2015-148782,688,139,274,2015-11-02,Standard Class,2015-11-07,88.776
6229,CA-2017-148208,41,405,178,2017-01-22,Standard Class,2017-01-27,110.376
6230,CA-2017-148208,44,405,178,2017-01-22,Standard Class,2017-01-27,55.176
6231,CA-2018-127656,774,509,564,2018-07-11,Standard Class,2018-07-17,30.32
6232,US-2018-142188,638,227,60,2018-09-11,Same Day,2018-09-11,177.568
6233,US-2018-142188,511,227,60,2018-09-11,Same Day,2018-09-11,19.44
6234,US-2018-142188,512,227,60,2018-09-11,Same Day,2018-09-11,71.28
6235,US-2018-142188,1499,227,60,2018-09-11,Same Day,2018-09-11,1471.96
6236,US-2018-142188,1778,227,60,2018-09-11,Same Day,2018-09-11,79.96
6237,CA-2017-144400,245,142,75,2017-02-23,Standard Class,2017-02-27,57.576
6238,US-2017-155180,1264,510,30,2017-01-22,Standard Class,2017-01-29,26.336
6239,CA-2016-134075,1282,457,59,2016-12-12,Standard Class,2016-12-16,166.5
6240,CA-2016-134075,735,457,59,2016-12-12,Standard Class,2016-12-16,360.38
6241,US-2017-131912,909,110,142,2017-10-29,Second Class,2017-11-01,11.744
6242,CA-2018-141572,1436,629,209,2018-05-28,Second Class,2018-05-31,247.44
6243,CA-2015-134621,1000,504,85,2015-12-21,Standard Class,2015-12-28,18.24
6244,CA-2017-165561,1567,616,292,2017-11-24,Standard Class,2017-11-28,25.35
6245,CA-2016-112305,1168,684,60,2016-11-20,Standard Class,2016-11-25,119.04
6246,CA-2016-112305,1257,684,60,2016-11-20,Standard Class,2016-11-25,22.14
6247,CA-2016-112305,1696,684,60,2016-11-20,Standard Class,2016-11-25,13.98
6248,CA-2018-121580,1312,587,135,2018-05-29,Standard Class,2018-06-04,43.41
6249,CA-2018-121580,1036,587,135,2018-05-29,Standard Class,2018-06-04,6.24
6250,CA-2018-121580,1779,587,135,2018-05-29,Standard Class,2018-06-04,465.16
6251,CA-2018-121580,227,587,135,2018-05-29,Standard Class,2018-06-04,7.98
6252,CA-2015-101147,361,431,37,2015-12-02,First Class,2015-12-04,2.394
6253,CA-2015-165806,491,92,510,2015-04-07,Same Day,2015-04-07,58.32
6254,CA-2015-165806,1087,92,510,2015-04-07,Same Day,2015-04-07,200.97
6255,CA-2016-151624,1566,101,154,2016-09-08,Standard Class,2016-09-14,21.36
6256,CA-2018-139444,86,137,302,2018-09-09,Standard Class,2018-09-15,9.856
6257,CA-2016-133977,1427,402,97,2016-09-06,Second Class,2016-09-08,3.444
6258,CA-2018-141425,263,256,48,2018-11-02,Second Class,2018-11-06,384.592
6259,CA-2016-133536,662,582,30,2016-03-28,Second Class,2016-03-30,22.92
6260,CA-2016-150441,799,268,238,2016-08-13,Second Class,2016-08-17,11.36
6261,CA-2016-162607,526,198,61,2016-05-12,Standard Class,2016-05-18,14.592
6262,CA-2018-103506,323,757,255,2018-07-23,Standard Class,2018-07-27,41.4
6263,CA-2017-132479,383,150,229,2017-09-24,First Class,2017-09-26,442.372
6264,CA-2018-160724,1024,454,113,2018-05-05,Standard Class,2018-05-10,34.5
6265,US-2017-115952,69,102,312,2017-10-06,Same Day,2017-10-06,28.85
6266,CA-2015-146731,835,248,395,2015-11-03,Standard Class,2015-11-08,3.488
6267,CA-2015-146731,682,248,395,2015-11-03,Standard Class,2015-11-08,143.856
6268,CA-2016-115392,496,85,565,2016-10-01,Second Class,2016-10-04,311.98
6269,CA-2016-115392,1367,85,565,2016-10-01,Second Class,2016-10-04,22.45
6270,CA-2018-102379,141,180,233,2018-12-02,Standard Class,2018-12-06,39.992
6271,CA-2018-102379,1579,180,233,2018-12-02,Standard Class,2018-12-06,1159.056
6272,CA-2018-102379,916,180,233,2018-12-02,Standard Class,2018-12-06,179.9
6273,CA-2018-149706,1197,156,566,2018-12-11,First Class,2018-12-12,116.312
6274,US-2017-139087,1380,590,60,2017-07-17,Second Class,2017-07-22,12.42
6275,US-2017-139087,1780,590,60,2017-07-17,Second Class,2017-07-22,428.4
6276,US-2017-139087,1593,590,60,2017-07-17,Second Class,2017-07-22,24.75
6277,US-2017-139087,301,590,60,2017-07-17,Second Class,2017-07-22,87.71
6278,US-2017-139087,55,590,60,2017-07-17,Second Class,2017-07-22,69.52
6279,US-2017-139087,781,590,60,2017-07-17,Second Class,2017-07-22,20.784
6280,US-2017-139087,962,590,60,2017-07-17,Second Class,2017-07-22,12.816
6281,CA-2018-152226,1140,102,94,2018-05-12,Standard Class,2018-05-16,5.904
6282,CA-2016-116484,1781,524,368,2016-11-20,Standard Class,2016-11-26,63.824
6283,CA-2016-116484,1756,524,368,2016-11-20,Standard Class,2016-11-26,141.552
6284,CA-2017-100944,1698,554,14,2017-09-24,Standard Class,2017-09-28,304.9
6285,CA-2017-100944,1154,554,14,2017-09-24,Standard Class,2017-09-28,563.24
6286,CA-2017-125080,1259,101,346,2017-10-21,Standard Class,2017-10-26,661.176
6287,CA-2017-121020,836,345,559,2017-10-24,Standard Class,2017-10-31,239.976
6288,CA-2015-100090,1022,183,35,2015-07-08,Standard Class,2015-07-12,502.488
6289,CA-2015-100090,801,183,35,2015-07-08,Standard Class,2015-07-12,196.704
6290,US-2016-139675,121,377,549,2016-03-13,Second Class,2016-03-18,915.136
6291,US-2016-139675,515,377,549,2016-03-13,Second Class,2016-03-18,327.76
6292,CA-2018-143756,1132,251,270,2018-12-02,First Class,2018-12-05,701.96
6293,CA-2016-151253,688,617,142,2016-04-22,Standard Class,2016-04-26,88.776
6294,CA-2016-151253,1395,617,142,2016-04-22,Standard Class,2016-04-26,64.14
6295,CA-2015-141152,736,576,24,2015-09-16,First Class,2015-09-19,33.552
6296,CA-2015-141313,1365,322,567,2015-12-28,Standard Class,2016-01-01,1737.18
6297,CA-2015-141313,427,322,567,2015-12-28,Standard Class,2016-01-01,704.25
6298,CA-2015-141313,1734,322,567,2015-12-28,Standard Class,2016-01-01,141.76
6299,CA-2015-169852,59,246,143,2015-10-21,Standard Class,2015-10-26,36.36
6300,CA-2018-107314,1782,596,10,2018-11-30,First Class,2018-12-03,25.83
6301,US-2015-161305,103,642,37,2015-06-06,Standard Class,2015-06-12,24.588
6302,US-2015-161305,756,642,37,2015-06-06,Standard Class,2015-06-12,13.984
6303,CA-2018-166919,1693,118,78,2018-11-23,Standard Class,2018-11-27,195.96
6304,CA-2018-162712,1091,72,413,2018-06-18,Second Class,2018-06-20,74.352
6305,CA-2018-107552,712,483,46,2018-05-05,Same Day,2018-05-05,6.68
6306,CA-2017-163328,1591,735,568,2017-11-04,Second Class,2017-11-06,17.584
6307,CA-2017-163328,1586,735,568,2017-11-04,Second Class,2017-11-06,104.784
6308,CA-2017-163328,1674,735,568,2017-11-04,Second Class,2017-11-06,47.952
6309,CA-2017-163328,1632,735,568,2017-11-04,Second Class,2017-11-06,650.352
6310,CA-2017-163328,509,735,568,2017-11-04,Second Class,2017-11-06,629.184
6311,CA-2017-163328,641,735,568,2017-11-04,Second Class,2017-11-06,15.176
6312,CA-2015-112837,102,753,569,2015-09-11,Standard Class,2015-09-16,127.95
6313,CA-2018-120019,1663,244,70,2018-02-16,Standard Class,2018-02-21,579.51
6314,CA-2018-120019,1251,244,70,2018-02-16,Standard Class,2018-02-21,14.99
6315,CA-2015-100762,109,244,31,2015-11-24,Standard Class,2015-11-29,151.92
6316,CA-2015-100762,509,244,31,2015-11-24,Standard Class,2015-11-29,196.62
6317,CA-2015-100762,1416,244,31,2015-11-24,Standard Class,2015-11-29,144.12
6318,CA-2015-100762,227,244,31,2015-11-24,Standard Class,2015-11-29,15.96
6319,CA-2018-161459,1558,495,287,2018-11-25,Second Class,2018-11-29,39.96
6320,CA-2018-161459,127,495,287,2018-11-25,Second Class,2018-11-29,34.08
6321,CA-2018-160017,586,134,134,2018-09-28,Standard Class,2018-10-02,10.368
6322,CA-2015-123316,508,260,185,2015-10-13,Standard Class,2015-10-17,7.752
6323,CA-2015-141299,662,177,374,2015-06-03,Second Class,2015-06-07,15.28
6324,CA-2015-104402,1735,552,285,2015-06-17,Standard Class,2015-06-23,65.97
6325,CA-2016-110289,482,241,10,2016-10-29,Standard Class,2016-11-02,33.4
6326,CA-2016-110289,440,241,10,2016-10-29,Standard Class,2016-11-02,210.84
6327,CA-2015-167927,5,191,21,2015-01-20,Standard Class,2015-01-26,13.98
6328,CA-2015-167927,270,191,21,2015-01-20,Standard Class,2015-01-26,272.94
6329,CA-2015-167927,537,191,21,2015-01-20,Standard Class,2015-01-26,19.05
6330,CA-2015-167927,15,191,21,2015-01-20,Standard Class,2015-01-26,247.716
6331,CA-2015-167927,1292,191,21,2015-01-20,Standard Class,2015-01-26,66.58
6332,CA-2015-167927,1065,191,21,2015-01-20,Standard Class,2015-01-26,43.92
6333,CA-2015-167927,876,191,21,2015-01-20,Standard Class,2015-01-26,14.73
6334,CA-2015-167927,991,191,21,2015-01-20,Standard Class,2015-01-26,29.7
6335,CA-2015-133305,315,709,165,2015-07-11,Standard Class,2015-07-15,49.12
6336,CA-2015-133305,1204,709,165,2015-07-11,Standard Class,2015-07-15,18.28
6337,CA-2017-165995,1531,697,142,2017-08-30,Standard Class,2017-09-06,47.04
6338,CA-2017-165995,1496,697,142,2017-08-30,Standard Class,2017-09-06,339.96
6339,CA-2018-143112,1514,478,46,2018-10-05,Standard Class,2018-10-09,87.8
6340,CA-2018-143112,813,478,46,2018-10-05,Standard Class,2018-10-09,221.382
6341,CA-2018-143112,1647,478,46,2018-10-05,Standard Class,2018-10-09,5199.96
6342,US-2017-105830,1167,552,403,2017-12-31,First Class,2018-01-02,156.512
6343,CA-2016-146255,241,671,285,2016-03-07,First Class,2016-03-10,119.85
6344,CA-2016-146255,339,671,285,2016-03-07,First Class,2016-03-10,30.44
6345,CA-2016-146255,1003,671,285,2016-03-07,First Class,2016-03-10,69.28
6346,CA-2016-146255,1603,671,285,2016-03-07,First Class,2016-03-10,587.97
6347,CA-2018-104822,1124,47,24,2018-10-20,Same Day,2018-10-20,24.55
6348,CA-2016-104486,339,139,10,2016-05-01,Standard Class,2016-05-06,12.176
6349,CA-2016-104486,254,139,10,2016-05-01,Standard Class,2016-05-06,37.32
6350,CA-2016-104486,355,139,10,2016-05-01,Standard Class,2016-05-06,35.06
6351,CA-2018-161557,798,152,163,2018-09-03,Standard Class,2018-09-08,108.4
6352,CA-2018-161130,945,668,328,2018-11-03,Standard Class,2018-11-08,361.376
6353,US-2016-161347,1233,669,75,2016-09-13,Standard Class,2016-09-19,2.412
6354,US-2016-109015,1613,30,165,2016-09-06,Standard Class,2016-09-12,8.39
6355,US-2016-109015,982,30,165,2016-09-06,Standard Class,2016-09-12,337.98
6356,CA-2015-110611,194,558,75,2015-10-06,Standard Class,2015-10-13,83.92
6357,CA-2018-139080,1182,295,6,2018-01-23,Standard Class,2018-01-28,19.68
6358,CA-2018-139080,748,295,6,2018-01-23,Standard Class,2018-01-28,25.92
6359,CA-2018-139080,1010,295,6,2018-01-23,Standard Class,2018-01-28,6.48
6360,CA-2018-139080,1764,295,6,2018-01-23,Standard Class,2018-01-28,86.352
6361,CA-2016-115693,1474,764,4,2016-12-10,Standard Class,2016-12-15,56.3
6362,US-2015-107993,1584,340,330,2015-11-25,Standard Class,2015-11-30,51.016
6363,CA-2018-110443,444,238,570,2018-11-21,Standard Class,2018-11-25,150.8
6364,CA-2018-110443,1783,238,570,2018-11-21,Standard Class,2018-11-25,1039.992
6365,CA-2018-110443,1724,238,570,2018-11-21,Standard Class,2018-11-25,51.84
6366,CA-2018-144848,1784,285,30,2018-04-04,First Class,2018-04-05,41.22
6367,CA-2018-144848,263,285,30,2018-04-04,First Class,2018-04-05,240.37
6368,CA-2018-144848,477,285,30,2018-04-04,First Class,2018-04-05,119.02
6369,US-2018-147998,1198,194,59,2018-05-19,Standard Class,2018-05-24,133.12
6370,CA-2017-103919,286,735,71,2017-10-03,Standard Class,2017-10-07,38.08
6371,CA-2017-113425,1532,452,30,2017-11-21,Same Day,2017-11-21,113.568
6372,CA-2018-143035,108,255,30,2018-10-03,Second Class,2018-10-05,83.92
6373,CA-2018-143035,791,255,30,2018-10-03,Second Class,2018-10-05,6.63
6374,CA-2018-143035,696,255,30,2018-10-03,Second Class,2018-10-05,371.97
6375,CA-2015-107811,655,157,32,2015-04-29,Standard Class,2015-05-03,561.584
6376,CA-2015-107811,353,157,32,2015-04-29,Standard Class,2015-05-03,99.92
6377,CA-2017-163216,86,586,106,2017-10-07,First Class,2017-10-10,4.928
6378,US-2017-116442,1257,547,26,2017-12-15,Standard Class,2017-12-22,14.76
6379,CA-2018-150623,410,749,505,2018-04-10,Standard Class,2018-04-14,99.99
6380,CA-2018-150623,1278,749,505,2018-04-10,Standard Class,2018-04-14,286.15
6381,US-2015-163797,1507,481,523,2015-04-08,Standard Class,2015-04-13,49.792
6382,CA-2017-127236,575,181,158,2017-03-29,Standard Class,2017-04-02,299.975
6383,CA-2017-127236,1327,181,158,2017-03-29,Standard Class,2017-04-02,158.376
6384,US-2018-104661,801,622,111,2018-01-15,First Class,2018-01-18,32.784
6385,US-2018-104661,247,622,111,2018-01-15,First Class,2018-01-18,47.984
6386,US-2018-104661,1600,622,111,2018-01-15,First Class,2018-01-18,62.592
6387,US-2018-104661,411,622,111,2018-01-15,First Class,2018-01-18,4.276
6388,CA-2015-134103,524,161,152,2015-01-30,Standard Class,2015-02-04,10.56
6389,CA-2015-134103,157,161,152,2015-01-30,Standard Class,2015-02-04,229.94
6390,CA-2016-147529,634,461,29,2016-02-07,Standard Class,2016-02-11,311.15
6391,CA-2016-147529,220,461,29,2016-02-07,Standard Class,2016-02-11,12.96
6392,CA-2017-129126,1491,8,165,2017-12-14,Standard Class,2017-12-19,14.62
6393,CA-2017-129126,1187,8,165,2017-12-14,Standard Class,2017-12-19,5.76
6394,CA-2017-129126,111,8,165,2017-12-14,Standard Class,2017-12-19,21.48
6395,CA-2017-129126,1072,8,165,2017-12-14,Standard Class,2017-12-19,396.92
6396,CA-2017-129126,457,8,165,2017-12-14,Standard Class,2017-12-19,17.15
6397,CA-2017-129126,1785,8,165,2017-12-14,Standard Class,2017-12-19,23.12
6398,CA-2018-131632,280,572,163,2018-10-31,Standard Class,2018-11-04,5.248
6399,CA-2018-151981,1406,40,209,2018-08-06,Standard Class,2018-08-12,824.95
6400,CA-2018-151981,1039,40,209,2018-08-06,Standard Class,2018-08-12,24.64
6401,CA-2018-151981,109,40,209,2018-08-06,Standard Class,2018-08-12,227.88
6402,CA-2018-125472,1120,233,299,2018-05-30,First Class,2018-05-31,241.96
6403,CA-2018-125472,1066,233,299,2018-05-30,First Class,2018-05-31,3.89
6404,CA-2018-125472,1566,233,299,2018-05-30,First Class,2018-05-31,8.01
6405,CA-2016-156328,1193,529,314,2016-11-30,Standard Class,2016-12-05,177.48
6406,CA-2018-154074,407,309,321,2018-08-31,Second Class,2018-09-02,569.568
6407,CA-2018-154074,81,309,321,2018-08-31,Second Class,2018-09-02,149.73
6408,CA-2018-161774,1190,219,17,2018-05-14,First Class,2018-05-15,899.43
6409,CA-2018-161774,1176,219,17,2018-05-14,First Class,2018-05-15,46.2
6410,CA-2018-161774,1786,219,17,2018-05-14,First Class,2018-05-15,47.952
6411,CA-2018-161774,1558,219,17,2018-05-14,First Class,2018-05-15,7.992
6412,CA-2018-161774,1685,219,17,2018-05-14,First Class,2018-05-15,76.864
6413,CA-2018-151211,142,572,176,2018-08-17,Standard Class,2018-08-23,102.93
6414,CA-2018-151211,961,572,176,2018-08-17,Standard Class,2018-08-23,98.16
6415,CA-2018-142671,1737,661,475,2018-11-10,Second Class,2018-11-14,11.52
6416,CA-2018-144750,657,394,523,2018-08-21,Same Day,2018-08-21,83.88
6417,CA-2017-111976,1410,380,75,2017-03-08,Standard Class,2017-03-12,108.576
6418,CA-2017-111976,1029,380,75,2017-03-08,Standard Class,2017-03-12,5.984
6419,CA-2017-140130,134,305,312,2017-10-31,Standard Class,2017-11-05,21.96
6420,CA-2017-140130,1266,305,312,2017-10-31,Standard Class,2017-11-05,368.97
6421,CA-2017-140130,1561,305,312,2017-10-31,Standard Class,2017-11-05,12.39
6422,CA-2017-140130,1440,305,312,2017-10-31,Standard Class,2017-11-05,332.94
6423,CA-2015-159121,1098,706,540,2015-07-26,Standard Class,2015-08-01,111.93
6424,CA-2016-149650,368,373,233,2016-10-24,First Class,2016-10-27,454.272
6425,CA-2018-115777,1554,771,129,2018-08-19,Standard Class,2018-08-24,19.44
6426,CA-2017-143714,1389,667,75,2017-05-23,Standard Class,2017-05-27,8399.976
6427,CA-2017-143714,1787,667,75,2017-05-23,Standard Class,2017-05-27,6.294
6428,CA-2017-143714,816,667,75,2017-05-23,Standard Class,2017-05-27,10.368
6429,CA-2017-143714,1788,667,75,2017-05-23,Standard Class,2017-05-27,122.382
6430,CA-2015-165764,721,130,223,2015-11-03,Standard Class,2015-11-07,25.984
6431,CA-2015-165764,115,130,223,2015-11-03,Standard Class,2015-11-07,945.036
6432,CA-2015-165764,1283,130,223,2015-11-03,Standard Class,2015-11-07,14.301
6433,CA-2015-165764,1305,130,223,2015-11-03,Standard Class,2015-11-07,410.352
6434,CA-2016-121405,1018,713,27,2016-03-30,Standard Class,2016-04-04,23.52
6435,CA-2016-121405,1410,713,27,2016-03-30,Standard Class,2016-04-04,180.96
6436,US-2018-116897,1458,507,543,2018-05-27,First Class,2018-05-29,35.0
6437,US-2018-116897,622,507,543,2018-05-27,First Class,2018-05-29,477.15
6438,US-2018-116897,1444,507,543,2018-05-27,First Class,2018-05-29,302.376
6439,US-2018-113992,4,63,302,2018-12-14,Standard Class,2018-12-19,974.988
6440,CA-2015-166891,1586,418,24,2015-10-04,First Class,2015-10-06,589.41
6441,CA-2017-101161,925,309,24,2017-10-13,Standard Class,2017-10-20,34.7
6442,CA-2017-101161,1292,309,24,2017-10-13,Standard Class,2017-10-20,99.87
6443,CA-2017-101161,1238,309,24,2017-10-13,Standard Class,2017-10-20,37.94
6444,CA-2017-101161,1509,309,24,2017-10-13,Standard Class,2017-10-20,24.9
6445,CA-2017-101161,906,309,24,2017-10-13,Standard Class,2017-10-20,82.26
6446,CA-2016-151785,1085,371,37,2016-03-05,Standard Class,2016-03-10,7.104
6447,US-2018-119816,29,500,15,2018-03-04,Second Class,2018-03-06,103.5
6448,US-2018-119816,1099,500,15,2018-03-04,Second Class,2018-03-06,2.464
6449,US-2018-119816,377,500,15,2018-03-04,Second Class,2018-03-06,8.72
6450,CA-2016-156510,974,553,316,2016-09-25,Standard Class,2016-09-29,10.76
6451,CA-2016-156510,394,553,316,2016-09-25,Standard Class,2016-09-29,45.68
6452,CA-2016-156510,88,553,316,2016-09-25,Standard Class,2016-09-29,6.7
6453,US-2016-110261,985,702,571,2016-12-19,Second Class,2016-12-23,158.376
6454,CA-2016-125710,1540,538,67,2016-10-08,Standard Class,2016-10-13,3.44
6455,CA-2018-161102,87,686,95,2018-07-31,First Class,2018-08-03,56.56
6456,CA-2018-161102,1227,686,95,2018-07-31,First Class,2018-08-03,36.96
6457,CA-2015-110065,1237,71,30,2015-08-05,Standard Class,2015-08-11,135.99
6458,CA-2015-110065,1606,71,30,2015-08-05,Standard Class,2015-08-11,15.96
6459,US-2018-133361,869,322,308,2018-05-14,First Class,2018-05-17,3.76
6460,US-2018-133361,426,322,308,2018-05-14,First Class,2018-05-17,14.7
6461,US-2018-133361,1454,322,308,2018-05-14,First Class,2018-05-17,37.2
6462,US-2018-133361,1049,322,308,2018-05-14,First Class,2018-05-17,89.97
6463,US-2018-133361,1586,322,308,2018-05-14,First Class,2018-05-17,261.96
6464,US-2018-133361,199,322,308,2018-05-14,First Class,2018-05-17,74.0
6465,US-2017-155404,1495,358,176,2017-09-22,Standard Class,2017-09-28,13.28
6466,CA-2016-114503,1755,212,559,2016-11-13,Standard Class,2016-11-17,84.96
6467,CA-2018-153080,1600,14,142,2018-05-22,Second Class,2018-05-25,68.46
6468,CA-2017-163804,404,490,259,2017-12-02,Standard Class,2017-12-08,2079.4
6469,CA-2017-163804,1067,490,259,2017-12-02,Standard Class,2017-12-08,629.95
6470,CA-2017-163804,442,490,259,2017-12-02,Standard Class,2017-12-08,72.42
6471,CA-2016-108532,985,386,152,2016-08-29,Standard Class,2016-09-02,131.98
6472,CA-2016-108532,961,386,152,2016-08-29,Standard Class,2016-09-02,114.52
6473,CA-2015-151897,301,726,33,2015-06-06,Standard Class,2015-06-10,100.24
6474,CA-2017-113292,964,73,85,2017-03-18,Second Class,2017-03-20,871.8
6475,CA-2015-149524,928,30,12,2015-01-14,First Class,2015-01-15,61.96
6476,CA-2018-140872,882,750,119,2018-06-03,Standard Class,2018-06-10,4.554
6477,CA-2018-140872,190,750,119,2018-06-03,Standard Class,2018-06-10,5.2
6478,CA-2018-140872,218,750,119,2018-06-03,Standard Class,2018-06-10,205.992
6479,CA-2018-140872,1146,750,119,2018-06-03,Standard Class,2018-06-10,15.552
6480,CA-2018-140872,1067,750,119,2018-06-03,Standard Class,2018-06-10,503.96
6481,CA-2018-140872,1299,750,119,2018-06-03,Standard Class,2018-06-10,24.472
6482,CA-2018-140872,416,750,119,2018-06-03,Standard Class,2018-06-10,241.568
6483,CA-2018-140872,1616,750,119,2018-06-03,Standard Class,2018-06-10,110.4
6484,CA-2018-113908,856,472,165,2018-06-03,Standard Class,2018-06-09,384.768
6485,CA-2018-113908,1729,472,165,2018-06-03,Standard Class,2018-06-09,78.66
6486,CA-2018-113908,753,472,165,2018-06-03,Standard Class,2018-06-09,45.36
6487,CA-2016-120621,228,494,223,2016-03-21,Standard Class,2016-03-26,962.08
6488,CA-2016-120621,1396,494,223,2016-03-21,Standard Class,2016-03-26,12.843
6489,CA-2016-120621,146,494,223,2016-03-21,Standard Class,2016-03-26,295.456
6490,US-2018-148866,1435,342,165,2018-09-19,Standard Class,2018-09-24,32.4
6491,CA-2015-149594,597,752,75,2015-09-15,Standard Class,2015-09-19,103.936
6492,CA-2017-113845,200,136,415,2017-11-20,Standard Class,2017-11-25,289.568
6493,CA-2017-113845,338,136,415,2017-11-20,Standard Class,2017-11-25,39.72
6494,CA-2017-113845,1082,136,415,2017-11-20,Standard Class,2017-11-25,244.768
6495,CA-2018-111262,47,169,15,2018-10-28,Second Class,2018-11-01,24.0
6496,CA-2018-111262,290,169,15,2018-10-28,Second Class,2018-11-01,15.552
6497,CA-2018-111262,961,169,15,2018-10-28,Second Class,2018-11-01,26.176
6498,CA-2016-103135,6,777,176,2016-07-24,Standard Class,2016-07-28,20.94
6499,CA-2016-103135,492,777,176,2016-07-24,Standard Class,2016-07-28,135.09
6500,CA-2016-103135,1236,777,176,2016-07-24,Standard Class,2016-07-28,279.86
6501,CA-2016-103135,492,777,176,2016-07-24,Standard Class,2016-07-28,90.06
6502,CA-2015-129147,1502,703,82,2015-11-02,Standard Class,2015-11-06,539.964
6503,CA-2015-129147,180,703,82,2015-11-02,Standard Class,2015-11-06,50.232
6504,CA-2015-129147,411,703,82,2015-11-02,Standard Class,2015-11-06,19.242
6505,CA-2018-128265,404,101,165,2018-11-17,Second Class,2018-11-22,1247.64
6506,CA-2017-152331,148,778,156,2017-06-26,Standard Class,2017-06-30,5.304
6507,US-2017-128909,1775,260,106,2017-10-09,Second Class,2017-10-11,19.136
6508,US-2017-128909,576,260,106,2017-10-09,Second Class,2017-10-11,332.832
6509,CA-2018-102197,315,84,30,2018-12-20,Standard Class,2018-12-26,279.9
6510,CA-2018-102197,302,84,30,2018-12-20,Standard Class,2018-12-26,50.352
6511,CA-2018-102197,753,84,30,2018-12-20,Standard Class,2018-12-26,34.02
6512,CA-2018-167640,704,764,10,2018-03-06,Standard Class,2018-03-10,23.88
6513,CA-2018-167640,1364,764,10,2018-03-06,Standard Class,2018-03-10,11.52
6514,CA-2018-167640,1523,764,10,2018-03-06,Standard Class,2018-03-10,286.93
6515,CA-2018-167640,958,764,10,2018-03-06,Standard Class,2018-03-10,206.384
6516,US-2018-116652,956,503,35,2018-09-15,Standard Class,2018-09-19,218.352
6517,US-2018-116652,1061,503,35,2018-09-15,Standard Class,2018-09-19,529.9
6518,US-2018-116652,1069,503,35,2018-09-15,Standard Class,2018-09-19,99.3
6519,US-2018-116652,1310,503,35,2018-09-15,Standard Class,2018-09-19,108.96
6520,US-2018-116652,473,503,35,2018-09-15,Standard Class,2018-09-19,2.688
6521,CA-2018-138289,317,482,31,2018-01-16,Second Class,2018-01-18,5443.96
6522,CA-2018-138289,1720,482,31,2018-01-16,Second Class,2018-01-18,302.67
6523,CA-2018-138289,1789,482,31,2018-01-16,Second Class,2018-01-18,56.07
6524,CA-2017-129308,1622,386,75,2017-07-07,Standard Class,2017-07-13,10.08
6525,CA-2017-129308,967,386,75,2017-07-07,Standard Class,2017-07-13,59.994
6526,CA-2017-129308,32,386,75,2017-07-07,Standard Class,2017-07-13,5.715
6527,CA-2017-129308,1376,386,75,2017-07-07,Standard Class,2017-07-13,9.42
6528,CA-2017-157791,616,663,123,2017-12-23,Second Class,2017-12-28,1999.96
6529,CA-2015-146864,1790,405,24,2015-12-22,Standard Class,2015-12-26,216.4
6530,CA-2015-103744,866,676,294,2015-02-23,Standard Class,2015-02-27,6.936
6531,CA-2015-103744,778,676,294,2015-02-23,Standard Class,2015-02-27,4.428
6532,US-2018-107384,1040,237,39,2018-12-04,Standard Class,2018-12-08,8.8
6533,US-2018-107384,1780,237,39,2018-12-04,Standard Class,2018-12-08,142.8
6534,US-2018-107384,1594,237,39,2018-12-04,Standard Class,2018-12-08,399.95
6535,CA-2015-128209,1177,219,250,2015-11-17,Standard Class,2015-11-22,2152.776
6536,CA-2015-128209,1249,219,250,2015-11-17,Standard Class,2015-11-22,4007.84
6537,CA-2015-169684,963,93,365,2015-10-20,First Class,2015-10-23,328.59
6538,CA-2015-169684,357,93,365,2015-10-20,First Class,2015-10-23,98.352
6539,CA-2016-109862,560,97,285,2016-10-25,Standard Class,2016-10-30,158.99
6540,CA-2016-109862,1341,97,285,2016-10-25,Standard Class,2016-10-30,291.1
6541,US-2018-107888,1636,418,6,2018-11-16,First Class,2018-11-19,73.68
6542,US-2018-107888,584,418,6,2018-11-16,First Class,2018-11-19,139.92
6543,US-2018-107888,1518,418,6,2018-11-16,First Class,2018-11-19,107.88
6544,US-2018-107888,1292,418,6,2018-11-16,First Class,2018-11-19,33.29
6545,US-2018-154872,1562,25,178,2018-05-14,Standard Class,2018-05-18,58.17
6546,US-2018-154872,841,25,178,2018-05-14,Standard Class,2018-05-18,5.04
6547,US-2018-154872,1694,25,178,2018-05-14,Standard Class,2018-05-18,24.784
6548,CA-2015-113880,84,666,386,2015-03-01,Standard Class,2015-03-05,634.116
6549,CA-2015-113880,1750,666,386,2015-03-01,Standard Class,2015-03-05,17.472
6550,US-2016-164966,793,690,88,2016-07-30,First Class,2016-08-01,155.88
6551,CA-2016-126739,1456,424,46,2016-11-01,Second Class,2016-11-03,327.564
6552,CA-2018-161578,482,47,2,2018-12-16,Second Class,2018-12-21,13.36
6553,CA-2018-161578,968,47,2,2018-12-16,Second Class,2018-12-21,158.9
6554,CA-2015-137092,591,61,156,2015-10-20,Second Class,2015-10-22,319.968
6555,CA-2015-137092,1673,61,156,2015-10-20,Second Class,2015-10-22,505.32
6556,CA-2015-137092,1791,61,156,2015-10-20,Second Class,2015-10-22,3.808
6557,CA-2015-137092,1312,61,156,2015-10-20,Second Class,2015-10-22,8.682
6558,CA-2015-137092,581,61,156,2015-10-20,Second Class,2015-10-22,24.424
6559,CA-2016-166947,500,495,250,2016-06-05,Standard Class,2016-06-10,1522.638
6560,CA-2017-160941,971,461,53,2017-07-21,Standard Class,2017-07-26,419.9
6561,CA-2017-160941,366,461,53,2017-07-21,Standard Class,2017-07-26,3.15
6562,CA-2018-144680,732,610,175,2018-03-31,First Class,2018-04-02,33.62
6563,CA-2015-166086,62,565,129,2015-05-07,Standard Class,2015-05-12,16.14
6564,CA-2015-166086,1583,565,129,2015-05-07,Standard Class,2015-05-12,194.25
6565,CA-2015-166086,672,565,129,2015-05-07,Standard Class,2015-05-12,8.64
6566,CA-2015-166086,636,565,129,2015-05-07,Standard Class,2015-05-12,872.32
6567,CA-2018-131282,570,91,526,2018-02-05,Second Class,2018-02-08,243.992
6568,CA-2018-131282,1326,91,526,2018-02-05,Second Class,2018-02-08,7.12
6569,CA-2015-100678,60,28,15,2015-04-18,Standard Class,2015-04-22,2.688
6570,CA-2015-100678,292,28,15,2015-04-18,Standard Class,2015-04-22,317.058
6571,CA-2015-100678,634,28,15,2015-04-18,Standard Class,2015-04-22,149.352
6572,CA-2015-100678,1524,28,15,2015-04-18,Standard Class,2015-04-22,227.976
6573,CA-2017-161543,1297,743,60,2017-05-10,Standard Class,2017-05-16,11.96
6574,CA-2017-160535,427,772,171,2017-11-25,Standard Class,2017-11-30,563.4
6575,CA-2017-160535,1792,772,171,2017-11-25,Standard Class,2017-11-30,319.92
6576,CA-2018-123085,1544,720,142,2018-03-03,Standard Class,2018-03-08,1049.44
6577,CA-2018-123085,57,720,142,2018-03-03,Standard Class,2018-03-08,170.352
6578,CA-2016-153752,1130,198,102,2016-12-06,Second Class,2016-12-11,173.94
6579,CA-2015-103660,1150,597,6,2015-08-25,Standard Class,2015-08-30,1007.944
6580,CA-2017-169887,1084,653,60,2017-10-22,Same Day,2017-10-22,6.68
6581,CA-2017-169887,1623,653,60,2017-10-22,Same Day,2017-10-22,8.34
6582,CA-2017-169887,1793,653,60,2017-10-22,Same Day,2017-10-22,101.94
6583,CA-2017-148516,604,62,200,2017-08-07,Standard Class,2017-08-11,179.97
6584,CA-2018-104731,1386,563,270,2018-07-21,Standard Class,2018-07-27,101.94
6585,CA-2018-104731,705,563,270,2018-07-21,Standard Class,2018-07-27,271.96
6586,CA-2018-104731,248,563,270,2018-07-21,Standard Class,2018-07-27,8.8
6587,CA-2018-104731,951,563,270,2018-07-21,Standard Class,2018-07-27,19.68
6588,CA-2018-104731,714,563,270,2018-07-21,Standard Class,2018-07-27,302.94
6589,CA-2018-104731,592,563,270,2018-07-21,Standard Class,2018-07-27,14.94
6590,CA-2018-104731,414,563,270,2018-07-21,Standard Class,2018-07-27,231.72
6591,CA-2015-164749,618,697,572,2015-03-23,First Class,2015-03-26,9.912
6592,CA-2016-103716,333,11,95,2016-04-30,Standard Class,2016-05-06,34.65
6593,CA-2016-103716,501,11,95,2016-04-30,Standard Class,2016-05-06,19.8
6594,CA-2017-126795,543,219,24,2017-06-13,Second Class,2017-06-16,33.568
6595,CA-2016-146290,647,459,304,2016-05-04,Standard Class,2016-05-11,125.93
6596,CA-2018-157112,461,56,48,2018-04-23,First Class,2018-04-26,11.76
6597,CA-2018-157112,129,56,48,2018-04-23,First Class,2018-04-26,5.344
6598,CA-2015-169257,249,648,134,2015-06-06,Standard Class,2015-06-12,1.365
6599,CA-2015-169257,1414,648,134,2015-06-06,Standard Class,2015-06-12,62.016
6600,CA-2015-154095,527,22,235,2015-12-02,Standard Class,2015-12-07,60.72
6601,CA-2015-154095,1439,22,235,2015-12-02,Standard Class,2015-12-07,146.82
6602,CA-2015-154095,1145,22,235,2015-12-02,Standard Class,2015-12-07,239.84
6603,CA-2015-154095,287,22,235,2015-12-02,Standard Class,2015-12-07,15.66
6604,CA-2018-146346,887,363,573,2018-06-17,First Class,2018-06-20,146.352
6605,CA-2017-148852,495,648,201,2017-05-26,Standard Class,2017-05-31,5.94
6606,CA-2017-148852,1005,648,201,2017-05-26,Standard Class,2017-05-31,45.36
6607,CA-2017-148852,782,648,201,2017-05-26,Standard Class,2017-05-31,211.168
6608,CA-2017-148852,212,648,201,2017-05-26,Standard Class,2017-05-31,484.704
6609,CA-2017-148852,1521,648,201,2017-05-26,Standard Class,2017-05-31,371.976
6610,US-2016-118906,329,11,235,2016-03-10,Same Day,2016-03-10,89.82
6611,CA-2017-168921,1233,123,14,2017-10-20,First Class,2017-10-22,19.296
6612,CA-2016-107678,269,766,176,2016-04-21,Standard Class,2016-04-28,191.96
6613,CA-2016-107678,21,766,176,2016-04-21,Standard Class,2016-04-28,21.3
6614,CA-2016-107678,540,766,176,2016-04-21,Standard Class,2016-04-28,469.95
6615,CA-2016-107678,584,766,176,2016-04-21,Standard Class,2016-04-28,209.88
6616,CA-2017-123512,1602,161,63,2017-06-17,First Class,2017-06-19,239.666
6617,CA-2017-123512,1346,161,63,2017-06-17,First Class,2017-06-19,22.5
6618,CA-2017-123512,1767,161,63,2017-06-17,First Class,2017-06-19,219.84
6619,US-2018-167402,1348,435,334,2018-01-13,Second Class,2018-01-18,32.4
6620,US-2018-167402,1754,435,334,2018-01-13,Second Class,2018-01-18,209.94
6621,US-2018-167402,466,435,334,2018-01-13,Second Class,2018-01-18,4164.05
6622,US-2018-167402,1545,435,334,2018-01-13,Second Class,2018-01-18,212.94
6623,CA-2015-130449,6,779,10,2015-09-06,First Class,2015-09-09,41.88
6624,CA-2015-130449,574,779,10,2015-09-06,First Class,2015-09-09,58.48
6625,CA-2016-141250,1214,401,574,2016-01-19,Standard Class,2016-01-23,102.438
6626,CA-2016-141250,1460,401,574,2016-01-19,Standard Class,2016-01-23,199.304
6627,CA-2015-145541,1630,484,24,2015-12-14,Standard Class,2015-12-21,6999.96
6628,CA-2015-138513,90,553,292,2015-05-23,Standard Class,2015-05-27,12.96
6629,CA-2016-135489,223,544,24,2016-09-19,Second Class,2016-09-22,279.86
6630,CA-2016-125696,1182,473,575,2016-10-02,Standard Class,2016-10-06,7.38
6631,CA-2017-105081,1004,556,61,2017-12-25,Standard Class,2017-12-30,698.352
6632,CA-2017-105081,1111,556,61,2017-12-25,Standard Class,2017-12-30,1747.25
6633,US-2017-146857,1310,535,334,2017-05-06,Second Class,2017-05-08,54.48
6634,CA-2017-166275,652,197,10,2017-10-24,Same Day,2017-10-24,199.99
6635,CA-2018-144498,351,470,44,2018-05-06,Same Day,2018-05-06,68.541
6636,CA-2018-144498,35,470,44,2018-05-06,Same Day,2018-05-06,627.168
6637,CA-2018-144498,581,470,44,2018-05-06,Same Day,2018-05-06,122.12
6638,CA-2018-103352,373,262,165,2018-11-27,Second Class,2018-11-30,6.99
6639,CA-2018-103352,1404,262,165,2018-11-27,Second Class,2018-11-30,107.424
6640,CA-2015-108609,1235,322,204,2015-10-31,Second Class,2015-11-02,1421.664
6641,CA-2018-128328,543,23,304,2018-08-05,Standard Class,2018-08-09,125.88
6642,CA-2018-128328,686,23,304,2018-08-05,Standard Class,2018-08-09,79.78
6643,CA-2018-128328,1761,23,304,2018-08-05,Standard Class,2018-08-09,133.2
6644,US-2016-156496,820,577,313,2016-08-10,Standard Class,2016-08-16,438.368
6645,US-2016-156496,772,577,313,2016-08-10,Standard Class,2016-08-16,139.944
6646,US-2016-156496,587,577,313,2016-08-10,Standard Class,2016-08-16,133.472
6647,US-2017-127334,216,487,330,2017-12-15,Standard Class,2017-12-21,564.195
6648,US-2017-127334,1310,487,330,2017-12-15,Standard Class,2017-12-21,87.168
6649,US-2018-124779,472,293,175,2018-09-08,First Class,2018-09-11,42.616
6650,US-2018-124779,1688,293,175,2018-09-08,First Class,2018-09-11,319.984
6651,US-2018-124779,272,293,175,2018-09-08,First Class,2018-09-11,45.92
6652,US-2018-124779,751,293,175,2018-09-08,First Class,2018-09-11,21.184
6653,US-2018-124779,181,293,175,2018-09-08,First Class,2018-09-11,20.736
6654,US-2018-124779,1535,293,175,2018-09-08,First Class,2018-09-11,213.43
6655,CA-2018-135937,873,455,28,2018-02-20,Standard Class,2018-02-27,333.576
6656,CA-2018-135937,1228,455,28,2018-02-20,Standard Class,2018-02-27,31.992
6657,CA-2018-135937,912,455,28,2018-02-20,Standard Class,2018-02-27,51.168
6658,CA-2018-135937,1511,455,28,2018-02-20,Standard Class,2018-02-27,10.64
6659,CA-2018-135937,593,455,28,2018-02-20,Standard Class,2018-02-27,68.704
6660,CA-2018-135937,978,455,28,2018-02-20,Standard Class,2018-02-27,386.91
6661,CA-2016-129322,1644,592,129,2016-08-08,Second Class,2016-08-10,39.66
6662,CA-2016-129322,1052,592,129,2016-08-08,Second Class,2016-08-10,113.92
6663,CA-2016-129322,1243,592,129,2016-08-08,Second Class,2016-08-10,447.86
6664,CA-2018-162173,720,221,221,2018-10-26,Standard Class,2018-11-01,356.85
6665,CA-2018-162173,843,221,221,2018-10-26,Standard Class,2018-11-01,251.58
6666,CA-2017-115483,1767,366,274,2017-07-14,Second Class,2017-07-18,219.84
6667,CA-2018-122175,1686,223,275,2018-05-12,Second Class,2018-05-14,42.85
6668,CA-2018-122175,642,223,275,2018-05-12,Second Class,2018-05-14,6.16
6669,CA-2018-122175,1769,223,275,2018-05-12,Second Class,2018-05-14,17.0
6670,CA-2018-122175,1564,223,275,2018-05-12,Second Class,2018-05-14,87.4
6671,CA-2018-161088,529,415,113,2018-05-25,Standard Class,2018-05-29,29.84
6672,CA-2015-154837,583,517,4,2015-08-23,Second Class,2015-08-27,49.568
6673,CA-2016-153794,109,116,143,2016-09-11,Standard Class,2016-09-16,265.86
6674,CA-2016-135510,1794,70,326,2016-09-05,Standard Class,2016-09-12,67.96
6675,CA-2016-109337,854,659,452,2016-11-21,Second Class,2016-11-23,10.92
6676,CA-2016-109337,1795,659,452,2016-11-21,Second Class,2016-11-23,83.9
6677,CA-2016-109337,1684,659,452,2016-11-21,Second Class,2016-11-23,19.75
6678,CA-2016-109337,1544,659,452,2016-11-21,Second Class,2016-11-23,393.54
6679,CA-2015-150329,905,175,52,2015-10-10,Standard Class,2015-10-14,46.872
6680,CA-2018-145037,377,27,316,2018-09-02,Second Class,2018-09-07,10.9
6681,CA-2018-145037,369,27,316,2018-09-02,Second Class,2018-09-07,79.92
6682,CA-2018-145037,1620,27,316,2018-09-02,Second Class,2018-09-07,146.82
6683,CA-2018-154466,752,504,57,2018-01-01,First Class,2018-01-02,3.6
6684,CA-2015-109134,1534,369,142,2015-11-05,Standard Class,2015-11-10,20.04
6685,US-2016-129637,907,499,51,2016-12-17,Standard Class,2016-12-22,180.016
6686,US-2016-129637,690,499,51,2016-12-17,Standard Class,2016-12-22,41.552
6687,US-2016-129637,951,499,51,2016-12-17,Standard Class,2016-12-22,13.12
6688,CA-2016-165162,1363,644,4,2016-05-14,Standard Class,2016-05-21,1117.92
6689,CA-2018-140494,1131,699,10,2018-03-10,Second Class,2018-03-15,111.96
6690,CA-2018-104108,1280,533,15,2018-12-02,Standard Class,2018-12-09,12.16
6691,US-2018-165869,237,625,202,2018-07-31,Standard Class,2018-08-05,17.52
6692,US-2018-165869,409,625,202,2018-07-31,Standard Class,2018-08-05,155.88
6693,CA-2018-160899,1312,661,417,2018-08-11,Second Class,2018-08-13,477.51
6694,CA-2018-144225,1398,694,308,2018-09-30,Second Class,2018-10-02,164.88
6695,US-2017-163538,1098,777,57,2017-08-26,Standard Class,2017-08-30,47.97
6696,US-2017-155103,1592,441,24,2017-12-02,Standard Class,2017-12-07,415.176
6697,US-2017-155103,909,441,24,2017-12-02,Standard Class,2017-12-07,35.232
6698,US-2017-155103,1398,441,24,2017-12-02,Standard Class,2017-12-07,54.96
6699,CA-2018-145429,1796,518,143,2018-07-21,Standard Class,2018-07-25,16.34
6700,CA-2018-145429,1154,518,143,2018-07-21,Standard Class,2018-07-25,225.296
6701,CA-2018-145429,302,518,143,2018-07-21,Standard Class,2018-07-25,50.352
6702,CA-2016-153535,1155,496,575,2016-05-20,Standard Class,2016-05-24,163.136
6703,CA-2016-153535,881,496,575,2016-05-20,Standard Class,2016-05-24,6.408
6704,CA-2016-139164,1237,395,107,2016-06-23,Standard Class,2016-06-28,217.584
6705,CA-2016-139164,805,395,107,2016-06-23,Standard Class,2016-06-28,5.43
6706,CA-2016-139164,161,395,107,2016-06-23,Standard Class,2016-06-28,143.976
6707,CA-2017-112277,919,282,3,2017-09-10,Standard Class,2017-09-15,519.68
6708,CA-2015-167724,1797,409,308,2015-04-13,Standard Class,2015-04-18,7.83
6709,CA-2016-123141,158,48,576,2016-11-14,Standard Class,2016-11-19,883.84
6710,CA-2016-123141,269,48,576,2016-11-14,Standard Class,2016-11-19,230.352
6711,CA-2017-149503,1161,71,352,2017-12-09,First Class,2017-12-12,273.92
6712,CA-2018-163069,1025,308,48,2018-08-18,Second Class,2018-08-21,9.912
6713,CA-2018-107629,1320,73,301,2018-12-14,Same Day,2018-12-14,266.352
6714,CA-2018-107629,268,73,301,2018-12-14,Same Day,2018-12-14,56.328
6715,CA-2018-107629,961,73,301,2018-12-14,Same Day,2018-12-14,39.264
6716,CA-2018-107629,1572,73,301,2018-12-14,Same Day,2018-12-14,95.232
6717,CA-2017-134789,660,279,401,2017-04-08,Standard Class,2017-04-15,30.0
6718,CA-2017-134789,549,279,401,2017-04-08,Standard Class,2017-04-15,25.92
6719,CA-2017-134789,893,279,401,2017-04-08,Standard Class,2017-04-15,159.92
6720,CA-2017-130442,938,12,577,2017-12-16,First Class,2017-12-19,34.944
6721,CA-2018-102974,633,318,4,2018-09-19,Standard Class,2018-09-24,149.95
6722,CA-2018-102974,1760,318,4,2018-09-19,Standard Class,2018-09-24,23.32
6723,CA-2018-102974,1261,318,4,2018-09-19,Standard Class,2018-09-24,16.74
6724,US-2018-166394,1100,719,556,2018-09-04,Second Class,2018-09-06,14.82
6725,CA-2017-128811,204,228,6,2017-09-12,Standard Class,2017-09-16,10.47
6726,CA-2017-128811,1648,228,6,2017-09-12,Standard Class,2017-09-16,11.07
6727,CA-2017-128811,626,228,6,2017-09-12,Standard Class,2017-09-16,20.704
6728,CA-2018-145443,1734,282,238,2018-08-10,Second Class,2018-08-15,177.2
6729,CA-2017-165827,1173,717,124,2017-11-04,Standard Class,2017-11-09,50.496
6730,CA-2016-156734,1283,297,297,2016-06-18,First Class,2016-06-20,6.129
6731,CA-2016-156734,229,297,297,2016-06-18,First Class,2016-06-20,643.136
6732,CA-2016-156734,290,297,297,2016-06-18,First Class,2016-06-20,20.736
6733,CA-2015-120096,1487,723,43,2015-07-04,First Class,2015-07-07,177.536
6734,CA-2015-120096,1267,723,43,2015-07-04,First Class,2015-07-07,32.432
6735,CA-2016-141754,677,774,230,2016-12-20,Standard Class,2016-12-25,11.696
6736,CA-2017-123358,984,538,35,2017-04-10,Standard Class,2017-04-17,113.76
6737,CA-2017-123358,1663,538,35,2017-04-10,Standard Class,2017-04-17,579.51
6738,CA-2017-123358,1765,538,35,2017-04-10,Standard Class,2017-04-17,150.66
6739,CA-2017-123358,492,538,35,2017-04-10,Standard Class,2017-04-17,48.032
6740,CA-2015-144029,1355,515,37,2015-05-26,Standard Class,2015-05-31,102.624
6741,CA-2015-144029,1190,515,37,2015-05-26,Standard Class,2015-05-31,359.772
6742,CA-2015-144029,797,515,37,2015-05-26,Standard Class,2015-05-31,13.392
6743,US-2018-101784,65,139,142,2018-07-06,Standard Class,2018-07-11,122.136
6744,CA-2016-156923,151,134,355,2016-02-16,Standard Class,2016-02-20,35.88
6745,CA-2018-111269,591,395,83,2018-06-16,Second Class,2018-06-18,479.952
6746,CA-2018-111269,251,395,83,2018-06-16,Second Class,2018-06-18,23.92
6747,CA-2018-159156,1444,34,30,2018-11-13,First Class,2018-11-16,629.95
6748,CA-2018-100230,441,212,46,2018-12-11,Standard Class,2018-12-15,14.952
6749,CA-2018-100230,1358,212,46,2018-12-11,Standard Class,2018-12-15,17.94
6750,CA-2018-100230,1718,212,46,2018-12-11,Standard Class,2018-12-15,116.98
6751,CA-2017-154767,1535,670,335,2017-06-28,Second Class,2017-06-30,121.96
6752,CA-2017-154767,1519,670,335,2017-06-28,Second Class,2017-06-30,8.74
6753,CA-2017-154767,335,670,335,2017-06-28,Second Class,2017-06-30,61.96
6754,CA-2017-154767,1407,670,335,2017-06-28,Second Class,2017-06-30,7.96
6755,CA-2017-154767,15,670,335,2017-06-28,Second Class,2017-06-30,275.24
6756,CA-2018-124205,1463,780,101,2018-09-15,Standard Class,2018-09-19,47.4
6757,CA-2018-124205,1585,780,101,2018-09-15,Standard Class,2018-09-19,512.96
6758,CA-2018-124205,804,780,101,2018-09-15,Standard Class,2018-09-19,395.94
6759,CA-2018-124205,357,780,101,2018-09-15,Standard Class,2018-09-19,81.96
6760,CA-2018-165715,895,768,307,2018-12-02,Standard Class,2018-12-08,32.776
6761,CA-2018-100636,73,158,46,2018-06-26,Standard Class,2018-06-30,272.94
6762,CA-2017-162943,902,716,46,2017-07-24,Second Class,2017-07-26,253.764
6763,CA-2017-144764,3,211,37,2017-09-02,Standard Class,2017-09-08,29.24
6764,CA-2017-144764,211,211,37,2017-09-02,Standard Class,2017-09-08,35.168
6765,CA-2017-144764,1798,211,37,2017-09-02,Standard Class,2017-09-08,1362.9
6766,CA-2018-100615,292,696,156,2018-04-20,Standard Class,2018-04-24,317.058
6767,CA-2018-100615,33,696,156,2018-04-20,Standard Class,2018-04-24,15.76
6768,CA-2018-100615,1028,696,156,2018-04-20,Standard Class,2018-04-24,14.56
6769,CA-2015-109302,913,729,101,2015-08-12,Standard Class,2015-08-16,196.21
6770,CA-2018-139787,1659,656,113,2018-09-19,Standard Class,2018-09-23,35.4
6771,CA-2018-139402,1079,715,52,2018-12-09,Standard Class,2018-12-13,419.4
6772,CA-2018-139402,1785,715,52,2018-12-09,Standard Class,2018-12-13,13.005
6773,CA-2017-119018,309,195,26,2017-11-04,Standard Class,2017-11-08,7.712
6774,CA-2017-119018,1582,195,26,2017-11-04,Standard Class,2017-11-08,4.176
6775,CA-2017-119018,1799,195,26,2017-11-04,Standard Class,2017-11-08,38.88
6776,CA-2016-105361,250,442,24,2016-03-29,Standard Class,2016-04-04,17.64
6777,US-2017-152373,42,691,66,2017-09-05,Standard Class,2017-09-11,93.456
6778,US-2018-166037,1234,643,30,2018-01-28,Standard Class,2018-02-01,449.91
6779,US-2017-147711,1122,521,308,2017-09-03,Second Class,2017-09-08,344.94
6780,US-2017-147711,1257,521,308,2017-09-03,Second Class,2017-09-08,14.76
6781,US-2017-147711,850,521,308,2017-09-03,Second Class,2017-09-08,12.76
6782,US-2017-147711,677,521,308,2017-09-03,Second Class,2017-09-08,58.48
6783,CA-2018-121293,546,548,106,2018-07-25,Second Class,2018-07-28,20.096
6784,CA-2018-121293,1800,548,106,2018-07-25,Second Class,2018-07-28,37.752
6785,CA-2018-121293,1745,548,106,2018-07-25,Second Class,2018-07-28,138.588
6786,CA-2018-121293,392,548,106,2018-07-25,Second Class,2018-07-28,259.92
6787,CA-2018-121293,261,548,106,2018-07-25,Second Class,2018-07-28,20.736
6788,CA-2016-118843,785,102,149,2016-09-13,Standard Class,2016-09-20,129.93
6789,CA-2016-118843,992,102,149,2016-09-13,Standard Class,2016-09-20,69.93
6790,CA-2016-161445,400,567,36,2016-09-07,Second Class,2016-09-09,140.736
6791,CA-2017-124527,256,781,53,2017-11-16,First Class,2017-11-17,8.32
6792,CA-2017-162348,1612,409,379,2017-11-10,Standard Class,2017-11-15,9.98
6793,CA-2015-141005,543,395,70,2015-08-15,First Class,2015-08-18,62.94
6794,CA-2016-145394,1032,205,27,2016-11-16,Standard Class,2016-11-20,21.488
6795,CA-2016-145394,1279,205,27,2016-11-16,Standard Class,2016-11-20,239.976
6796,CA-2016-145394,1619,205,27,2016-11-16,Standard Class,2016-11-20,34.504
6797,CA-2016-168809,1002,499,17,2016-08-25,Same Day,2016-08-25,20.104
6798,CA-2016-168809,413,499,17,2016-08-25,Same Day,2016-08-25,3.798
6799,CA-2016-168809,1801,499,17,2016-08-25,Same Day,2016-08-25,7.88
6800,CA-2017-109827,224,430,52,2017-12-25,Standard Class,2018-01-01,35.445
6801,CA-2017-109827,1385,430,52,2017-12-25,Standard Class,2018-01-01,269.97
6802,CA-2017-109827,1203,430,52,2017-12-25,Standard Class,2018-01-01,45.12
6803,CA-2017-109827,726,430,52,2017-12-25,Standard Class,2018-01-01,100.8
6804,CA-2017-109827,1145,430,52,2017-12-25,Standard Class,2018-01-01,47.968
6805,CA-2015-152233,1234,169,282,2015-10-05,First Class,2015-10-06,99.98
6806,CA-2015-125682,1384,517,149,2015-11-22,First Class,2015-11-25,9.96
6807,CA-2018-162880,309,242,578,2018-12-25,Standard Class,2018-12-29,3.856
6808,CA-2016-128125,448,183,15,2016-03-31,Standard Class,2016-04-05,98.376
6809,CA-2016-128125,1609,183,15,2016-03-31,Standard Class,2016-04-05,22.38
6810,CA-2018-156237,626,520,12,2018-09-14,First Class,2018-09-15,3.882
6811,CA-2018-156237,1795,520,12,2018-09-14,First Class,2018-09-15,12.585
6812,CA-2018-156237,395,520,12,2018-09-14,First Class,2018-09-15,113.372
6813,CA-2018-156237,786,520,12,2018-09-14,First Class,2018-09-15,18.312
6814,CA-2018-156237,1802,520,12,2018-09-14,First Class,2018-09-15,127.936
6815,CA-2018-156237,345,520,12,2018-09-14,First Class,2018-09-15,241.17
6816,CA-2015-144414,1036,486,60,2015-06-17,Standard Class,2015-06-21,6.24
6817,CA-2015-144414,295,486,60,2015-06-17,Standard Class,2015-06-21,17.9
6818,CA-2015-144414,317,486,60,2015-06-17,Standard Class,2015-06-21,3266.376
6819,CA-2018-163860,1339,629,121,2018-12-28,Standard Class,2019-01-01,1.68
6820,CA-2018-163860,1495,629,121,2018-12-28,Standard Class,2019-01-01,7.968
6821,CA-2018-163860,168,629,121,2018-12-28,Standard Class,2019-01-01,113.372
6822,CA-2018-163860,346,629,121,2018-12-28,Standard Class,2019-01-01,2.96
6823,US-2018-115609,732,474,2,2018-11-02,Standard Class,2018-11-07,168.1
6824,CA-2016-154291,467,454,154,2016-07-25,Standard Class,2016-07-29,98.46
6825,CA-2016-154291,364,454,154,2016-07-25,Standard Class,2016-07-29,358.58
6826,CA-2017-118689,721,569,377,2017-10-02,Standard Class,2017-10-09,32.48
6827,CA-2017-118689,1389,569,377,2017-10-02,Standard Class,2017-10-09,17499.95
6828,CA-2017-118689,1499,569,377,2017-10-02,Standard Class,2017-10-09,735.98
6829,CA-2017-118689,697,569,377,2017-10-02,Standard Class,2017-10-09,34.37
6830,CA-2017-118689,208,569,377,2017-10-02,Standard Class,2017-10-09,33.96
6831,CA-2017-140438,985,464,30,2017-12-24,Second Class,2017-12-27,197.97
6832,US-2018-123204,1299,751,24,2018-07-21,Standard Class,2018-07-27,17.48
6833,CA-2016-112522,1413,274,27,2016-10-10,Standard Class,2016-10-17,8.016
6834,CA-2017-153101,963,308,201,2017-09-08,Same Day,2017-09-08,146.04
6835,CA-2017-142615,1776,607,579,2017-11-20,Standard Class,2017-11-24,27.88
6836,CA-2018-142643,581,394,380,2018-10-15,Standard Class,2018-10-20,152.65
6837,CA-2018-142643,206,394,380,2018-10-15,Standard Class,2018-10-20,22.72
6838,CA-2016-116260,325,542,275,2016-07-06,Standard Class,2016-07-12,11.12
6839,CA-2018-107517,1740,713,217,2018-02-05,Standard Class,2018-02-09,1640.7
6840,CA-2018-107517,919,713,217,2018-02-05,Standard Class,2018-02-09,371.2
6841,CA-2016-166338,92,487,412,2016-12-06,First Class,2016-12-07,14.832
6842,CA-2017-123946,1692,296,29,2017-09-12,Standard Class,2017-09-17,20.7
6843,CA-2017-123946,1229,296,29,2017-09-12,Standard Class,2017-09-17,11.34
6844,CA-2017-123946,1034,296,29,2017-09-12,Standard Class,2017-09-17,67.9
6845,CA-2017-123946,1803,296,29,2017-09-12,Standard Class,2017-09-17,1059.12
6846,CA-2015-147543,1181,605,580,2015-07-06,Standard Class,2015-07-12,478.48
6847,US-2017-159093,1789,603,2,2017-05-09,Standard Class,2017-05-14,32.04
6848,CA-2017-162110,432,74,52,2017-07-18,Standard Class,2017-07-22,55.992
6849,US-2017-163461,1685,591,528,2017-06-18,First Class,2017-06-21,76.864
6850,CA-2015-101462,1443,547,63,2015-04-20,Standard Class,2015-04-25,59.92
6851,US-2017-100461,38,706,57,2017-01-08,Standard Class,2017-01-12,1565.88
6852,US-2017-100461,59,706,57,2017-01-08,Standard Class,2017-01-12,106.05
6853,US-2018-162670,178,752,366,2018-12-23,Second Class,2018-12-28,62.04
6854,US-2018-162670,1406,752,366,2018-12-23,Second Class,2018-12-28,494.97
6855,US-2018-162670,197,752,366,2018-12-23,Second Class,2018-12-28,367.96
6856,US-2018-162670,1135,752,366,2018-12-23,Second Class,2018-12-28,44.96
6857,US-2018-162670,1698,752,366,2018-12-23,Second Class,2018-12-28,182.94
6858,CA-2018-128965,946,520,142,2018-04-17,Standard Class,2018-04-22,28.14
6859,CA-2018-128965,933,520,142,2018-04-17,Standard Class,2018-04-22,7.38
6860,CA-2018-128965,846,520,142,2018-04-17,Standard Class,2018-04-22,10.9
6861,CA-2018-128965,607,520,142,2018-04-17,Standard Class,2018-04-22,274.89
6862,CA-2018-128965,1187,520,142,2018-04-17,Standard Class,2018-04-22,23.04
6863,CA-2018-128965,1210,520,142,2018-04-17,Standard Class,2018-04-22,218.352
6864,CA-2018-138618,1441,200,66,2018-12-01,Standard Class,2018-12-08,10.368
6865,US-2017-126452,742,555,26,2017-08-21,Standard Class,2017-08-28,12.672
6866,US-2017-126452,462,555,26,2017-08-21,Standard Class,2017-08-28,91.96
6867,US-2017-126452,107,555,26,2017-08-21,Standard Class,2017-08-28,254.97
6868,US-2017-126452,1432,555,26,2017-08-21,Standard Class,2017-08-28,31.984
6869,US-2017-126452,1383,555,26,2017-08-21,Standard Class,2017-08-28,2887.056
6870,US-2017-126452,1466,555,26,2017-08-21,Standard Class,2017-08-28,12.96
6871,US-2017-126452,1611,555,26,2017-08-21,Standard Class,2017-08-28,47.52
6872,CA-2017-145009,691,576,27,2017-12-05,Second Class,2017-12-08,11.952
6873,CA-2016-162544,1669,66,60,2016-12-16,First Class,2016-12-19,4.98
6874,CA-2015-124394,829,15,581,2015-10-17,Second Class,2015-10-22,10.78
6875,CA-2015-124394,960,15,581,2015-10-17,Second Class,2015-10-22,119.976
6876,US-2017-121013,1352,463,337,2017-09-05,Standard Class,2017-09-10,25.06
6877,US-2017-121013,1259,463,337,2017-09-05,Standard Class,2017-09-10,1652.94
6878,US-2016-123918,860,1,163,2016-10-15,Same Day,2016-10-15,131.376
6879,US-2016-123918,1084,1,163,2016-10-15,Same Day,2016-10-15,5.344
6880,CA-2016-137113,446,70,60,2016-12-01,Second Class,2016-12-05,2003.92
6881,CA-2016-137113,1331,70,60,2016-12-01,Second Class,2016-12-05,32.4
6882,CA-2016-137113,215,70,60,2016-12-01,Second Class,2016-12-05,1913.4
6883,CA-2016-137113,1167,70,60,2016-12-01,Second Class,2016-12-05,146.73
6884,CA-2016-137113,394,70,60,2016-12-01,Second Class,2016-12-05,114.2
6885,CA-2016-120677,1477,218,40,2016-05-31,Standard Class,2016-06-04,2567.84
6886,CA-2018-123036,104,457,158,2018-09-10,Standard Class,2018-09-17,37.056
6887,CA-2018-123036,1016,457,158,2018-09-10,Standard Class,2018-09-17,259.896
6888,CA-2018-120222,70,329,4,2018-04-25,Standard Class,2018-05-02,19.05
6889,CA-2018-120222,998,329,4,2018-04-25,Standard Class,2018-05-02,73.344
6890,CA-2018-164756,180,165,113,2018-09-18,Standard Class,2018-09-22,95.68
6891,CA-2018-164756,252,165,113,2018-09-18,Standard Class,2018-09-22,50.96
6892,CA-2018-164756,109,165,113,2018-09-18,Standard Class,2018-09-22,113.94
6893,CA-2018-164756,1466,165,113,2018-09-18,Standard Class,2018-09-22,25.92
6894,CA-2018-164756,1525,165,113,2018-09-18,Standard Class,2018-09-22,20.32
6895,CA-2018-164756,54,165,113,2018-09-18,Standard Class,2018-09-22,411.98
6896,CA-2018-164756,611,165,113,2018-09-18,Standard Class,2018-09-22,34.48
6897,CA-2018-164756,1690,165,113,2018-09-18,Standard Class,2018-09-22,244.55
6898,CA-2018-122028,1225,238,346,2018-08-18,Standard Class,2018-08-25,10.782
6899,US-2016-165512,813,746,18,2016-05-24,Second Class,2016-05-26,602.651
6900,US-2016-165512,1207,746,18,2016-05-24,Second Class,2016-05-26,7.656
6901,CA-2016-140557,658,185,30,2016-09-07,Standard Class,2016-09-11,559.93
6902,US-2018-135013,307,404,126,2018-07-24,Same Day,2018-07-24,2399.96
6903,CA-2018-111220,660,330,156,2018-09-02,Standard Class,2018-09-08,16.0
6904,CA-2018-111220,1804,330,156,2018-09-02,Standard Class,2018-09-08,5.588
6905,CA-2018-111220,1756,330,156,2018-09-02,Standard Class,2018-09-08,235.92
6906,US-2018-149006,684,273,91,2018-12-06,Second Class,2018-12-08,10.68
6907,CA-2018-149468,341,154,191,2018-05-20,Same Day,2018-05-20,41.28
6908,CA-2017-140249,1719,518,6,2017-09-27,Standard Class,2017-10-03,1001.584
6909,US-2018-135503,1257,69,388,2018-12-10,Standard Class,2018-12-15,14.76
6910,CA-2015-126277,758,24,48,2015-09-13,Second Class,2015-09-18,2.502
6911,US-2018-115301,267,365,6,2018-07-29,Standard Class,2018-08-02,115.96
6912,CA-2018-168942,822,76,10,2018-08-01,Second Class,2018-08-05,186.54
6913,US-2018-128398,686,606,14,2018-05-02,Second Class,2018-05-05,159.56
6914,CA-2016-104115,105,102,582,2016-06-12,Standard Class,2016-06-16,55.984
6915,CA-2015-142510,547,414,37,2015-12-22,Standard Class,2015-12-29,132.16
6916,CA-2015-142510,529,414,37,2015-12-22,Standard Class,2015-12-29,17.904
6917,CA-2015-142510,969,414,37,2015-12-22,Standard Class,2015-12-29,124.032
6918,CA-2015-124247,1132,742,379,2015-12-16,Standard Class,2015-12-21,1403.92
6919,CA-2017-105473,1512,299,61,2017-04-16,Second Class,2017-04-18,28.8
6920,CA-2016-102806,801,429,106,2016-05-21,Standard Class,2016-05-28,24.588
6921,CA-2018-121706,544,79,537,2018-02-26,Standard Class,2018-03-02,356.79
6922,CA-2018-109211,619,391,165,2018-04-04,Standard Class,2018-04-10,16.98
6923,CA-2016-134257,509,385,341,2016-03-16,Second Class,2016-03-19,491.55
6924,CA-2016-134257,437,385,341,2016-03-16,Second Class,2016-03-19,7.38
6925,CA-2016-137925,939,539,46,2016-11-30,Standard Class,2016-12-04,23.66
6926,CA-2016-137925,1545,539,46,2016-11-30,Standard Class,2016-12-04,681.408
6927,CA-2017-140046,1730,731,4,2017-07-28,Standard Class,2017-08-03,18.9
6928,CA-2017-140382,1248,77,10,2017-06-23,Second Class,2017-06-25,93.68
6929,CA-2017-140382,574,77,10,2017-06-23,Second Class,2017-06-25,21.93
6930,CA-2017-140382,349,77,10,2017-06-23,Second Class,2017-06-25,862.344
6931,CA-2017-140382,682,77,10,2017-06-23,Second Class,2017-06-25,19.98
6932,CA-2015-164182,1805,462,12,2015-07-14,Standard Class,2015-07-18,13.494
6933,CA-2015-164182,1731,462,12,2015-07-14,Standard Class,2015-07-18,23.988
6934,CA-2015-164182,1802,462,12,2015-07-14,Standard Class,2015-07-18,31.984
6935,CA-2015-164182,1063,462,12,2015-07-14,Standard Class,2015-07-18,41.584
6936,CA-2018-137365,98,163,294,2018-11-30,Second Class,2018-12-03,95.976
6937,CA-2017-129847,1806,639,156,2017-09-02,First Class,2017-09-04,84.272
6938,CA-2015-126963,1768,520,294,2015-06-15,Same Day,2015-06-15,36.544
6939,CA-2017-125094,1807,414,60,2017-11-05,Standard Class,2017-11-09,479.72
6940,CA-2018-107132,670,610,30,2018-06-26,Standard Class,2018-06-30,102.368
6941,CA-2018-107132,676,610,30,2018-06-26,Standard Class,2018-06-30,28.4
6942,CA-2018-107132,519,610,30,2018-06-26,Standard Class,2018-06-30,713.88
6943,CA-2018-107132,1275,610,30,2018-06-26,Standard Class,2018-06-30,68.52
6944,CA-2016-139248,1808,710,4,2016-07-25,Standard Class,2016-07-30,623.96
6945,CA-2015-148369,995,765,285,2015-09-23,Standard Class,2015-09-27,11.12
6946,CA-2017-106243,1220,412,165,2017-09-30,Standard Class,2017-10-04,523.92
6947,CA-2016-126466,311,271,53,2016-11-09,Standard Class,2016-11-13,2.48
6948,CA-2016-130365,943,234,174,2016-04-25,Standard Class,2016-04-29,221.024
6949,CA-2016-130365,1535,234,174,2016-04-25,Standard Class,2016-04-29,128.058
6950,CA-2018-143021,1125,400,165,2018-11-19,Same Day,2018-11-19,58.408
6951,CA-2018-143021,973,400,165,2018-11-19,Same Day,2018-11-19,79.974
6952,CA-2016-161767,1809,137,163,2016-11-20,Standard Class,2016-11-24,479.988
6953,CA-2016-129917,1182,32,142,2016-10-02,First Class,2016-10-03,11.808
6954,CA-2016-129917,1596,32,142,2016-10-02,First Class,2016-10-03,53.568
6955,CA-2016-129917,1371,32,142,2016-10-02,First Class,2016-10-03,503.96
6956,CA-2016-115420,762,323,26,2016-04-25,Standard Class,2016-05-02,21.34
6957,CA-2017-157588,1345,782,113,2017-07-14,Standard Class,2017-07-19,36.4
6958,CA-2017-157588,29,782,113,2017-07-14,Standard Class,2017-07-19,51.75
6959,CA-2016-167255,178,564,95,2016-09-27,Second Class,2016-09-29,15.51
6960,CA-2016-167255,127,564,95,2016-09-27,Second Class,2016-09-29,146.82
6961,CA-2016-167255,491,564,95,2016-09-27,Second Class,2016-09-29,12.96
6962,CA-2018-162096,1027,354,216,2018-11-10,Same Day,2018-11-10,7.8
6963,CA-2017-157161,30,64,38,2017-07-16,Second Class,2017-07-20,10.2
6964,CA-2017-157161,1454,64,38,2017-07-16,Second Class,2017-07-20,22.32
6965,CA-2017-157161,545,64,38,2017-07-16,Second Class,2017-07-20,24.1
6966,CA-2017-157161,1303,64,38,2017-07-16,Second Class,2017-07-20,75.98
6967,CA-2017-157161,508,64,38,2017-07-16,Second Class,2017-07-20,6.46
6968,CA-2017-157161,1605,64,38,2017-07-16,Second Class,2017-07-20,60.12
6969,CA-2016-110765,904,173,165,2016-10-16,Second Class,2016-10-20,824.97
6970,CA-2017-163937,528,678,562,2017-01-10,Second Class,2017-01-13,24.85
6971,CA-2018-153822,1556,456,52,2018-09-19,Standard Class,2018-09-25,12.624
6972,CA-2018-153822,202,456,52,2018-09-19,Standard Class,2018-09-25,89.584
6973,CA-2018-153822,1539,456,52,2018-09-19,Standard Class,2018-09-25,471.92
6974,CA-2018-153822,59,456,52,2018-09-19,Standard Class,2018-09-25,18.18
6975,CA-2018-146185,1572,231,15,2018-09-15,Standard Class,2018-09-19,31.744
6976,CA-2016-112144,1140,389,28,2016-06-28,Standard Class,2016-07-02,5.904
6977,CA-2016-112144,623,389,28,2016-06-28,Standard Class,2016-07-02,621.76
6978,US-2017-119298,994,213,237,2017-11-25,First Class,2017-11-28,59.98
6979,CA-2018-155159,363,112,149,2018-11-25,Second Class,2018-11-29,48.87
6980,CA-2018-149076,1694,3,2,2018-01-14,Standard Class,2018-01-19,154.9
6981,CA-2015-146990,1085,163,24,2015-11-07,First Class,2015-11-08,5.92
6982,CA-2015-146990,1604,163,24,2015-11-07,First Class,2015-11-08,30.18
6983,CA-2017-116526,545,351,84,2017-09-01,Standard Class,2017-09-05,24.1
6984,CA-2017-116526,403,351,84,2017-09-01,Standard Class,2017-09-05,8.78
6985,CA-2017-116526,550,351,84,2017-09-01,Standard Class,2017-09-05,376.74
6986,CA-2017-116526,778,351,84,2017-09-01,Standard Class,2017-09-05,29.52
6987,CA-2017-116526,880,351,84,2017-09-01,Standard Class,2017-09-05,11.96
6988,CA-2017-116526,1086,351,84,2017-09-01,Standard Class,2017-09-05,26.4
6989,CA-2018-158561,1365,180,3,2018-11-11,Second Class,2018-11-16,1158.12
6990,CA-2018-165099,1810,590,583,2018-12-11,First Class,2018-12-13,1.392
6991,CA-2016-109386,668,585,497,2016-11-08,Second Class,2016-11-13,44.43
6992,CA-2016-109386,1410,585,497,2016-11-08,Second Class,2016-11-13,226.2
6993,CA-2016-109386,1293,585,497,2016-11-08,Second Class,2016-11-13,186.54
6994,CA-2016-109386,109,585,497,2016-11-08,Second Class,2016-11-13,265.86
6995,CA-2016-109386,312,585,497,2016-11-08,Second Class,2016-11-13,27.9
6996,CA-2016-166800,1038,637,122,2016-11-19,Standard Class,2016-11-26,31.08
6997,CA-2018-117443,154,81,229,2018-12-23,Second Class,2018-12-25,13.84
6998,CA-2018-117443,1083,81,229,2018-12-23,Second Class,2018-12-25,175.872
6999,US-2017-134369,728,605,287,2017-09-16,Standard Class,2017-09-22,12.96
7000,CA-2018-123687,1711,170,176,2018-05-26,First Class,2018-05-29,208.44
7001,CA-2018-123687,506,170,176,2018-05-26,First Class,2018-05-29,25.76
7002,CA-2016-104871,1586,661,584,2016-03-30,Standard Class,2016-04-03,366.744
7003,CA-2015-133158,480,695,63,2015-08-19,Second Class,2015-08-21,289.24
7004,CA-2015-133158,1312,695,63,2015-08-19,Second Class,2015-08-21,69.456
7005,CA-2015-126333,1397,546,483,2015-12-23,Standard Class,2015-12-28,5.184
7006,CA-2016-141740,1757,224,30,2016-11-01,Standard Class,2016-11-05,205.164
7007,CA-2015-119466,1446,134,37,2015-12-15,Standard Class,2015-12-21,8.544
7008,CA-2016-154823,411,472,158,2016-08-21,Standard Class,2016-08-25,12.828
7009,CA-2016-154823,464,472,158,2016-08-21,Standard Class,2016-08-25,598.458
7010,CA-2016-154823,1526,472,158,2016-08-21,Standard Class,2016-08-25,25.984
7011,US-2015-135881,1367,219,46,2015-05-23,Standard Class,2015-05-27,17.96
7012,US-2015-135881,1577,219,46,2015-05-23,Standard Class,2015-05-27,5.04
7013,US-2015-135881,78,219,46,2015-05-23,Standard Class,2015-05-27,208.16
7014,CA-2018-141201,673,627,206,2018-12-09,Second Class,2018-12-11,148.257
7015,CA-2015-114790,415,525,127,2015-03-11,Second Class,2015-03-13,146.76
7016,CA-2015-114790,679,525,127,2015-03-11,Second Class,2015-03-13,32.96
7017,CA-2015-114790,470,525,127,2015-03-11,Second Class,2015-03-13,587.97
7018,CA-2015-114790,1464,525,127,2015-03-11,Second Class,2015-03-13,14.94
7019,US-2017-154256,1648,326,46,2017-06-23,Second Class,2017-06-27,25.83
7020,CA-2015-124737,1811,276,77,2015-08-23,Standard Class,2015-08-27,15.552
7021,CA-2015-124737,1769,276,77,2015-08-23,Standard Class,2015-08-27,6.8
7022,CA-2015-124737,248,276,77,2015-08-23,Standard Class,2015-08-27,4.224
7023,CA-2015-124737,425,276,77,2015-08-23,Standard Class,2015-08-27,143.64
7024,CA-2015-124737,713,276,77,2015-08-23,Standard Class,2015-08-27,31.104
7025,CA-2015-124737,1031,276,77,2015-08-23,Standard Class,2015-08-27,223.056
7026,US-2018-101840,530,260,24,2018-02-06,Standard Class,2018-02-12,227.46
7027,US-2018-101840,1785,260,24,2018-02-06,Standard Class,2018-02-12,46.24
7028,CA-2018-131653,710,362,165,2018-01-29,Standard Class,2018-02-05,5.22
7029,US-2017-157840,988,431,11,2017-12-20,Second Class,2017-12-23,33.9
7030,CA-2017-145548,1191,495,165,2017-11-11,Standard Class,2017-11-16,28.14
7031,CA-2017-145548,1543,495,165,2017-11-11,Standard Class,2017-11-16,36.0
7032,CA-2017-145548,291,495,165,2017-11-11,Standard Class,2017-11-16,92.94
7033,CA-2017-145548,1210,495,165,2017-11-11,Standard Class,2017-11-16,245.646
7034,CA-2017-145548,711,495,165,2017-11-11,Standard Class,2017-11-16,55.008
7035,CA-2017-145548,909,495,165,2017-11-11,Standard Class,2017-11-16,35.232
7036,CA-2018-119494,636,532,189,2018-11-09,Standard Class,2018-11-13,523.392
7037,CA-2015-124618,852,751,153,2015-05-02,Second Class,2015-05-04,479.984
7038,CA-2018-161970,1331,288,269,2018-09-22,Standard Class,2018-09-27,12.96
7039,CA-2018-161970,1812,288,269,2018-09-22,Standard Class,2018-09-27,17.94
7040,CA-2018-103443,226,248,30,2018-12-17,Standard Class,2018-12-23,166.72
7041,CA-2018-103443,1340,248,30,2018-12-17,Standard Class,2018-12-23,24.816
7042,CA-2018-103443,1293,248,30,2018-12-17,Standard Class,2018-12-23,124.36
7043,US-2018-165358,1688,278,64,2018-07-18,Standard Class,2018-07-23,599.97
7044,US-2018-165358,475,278,64,2018-07-18,Standard Class,2018-07-23,198.744
7045,US-2018-165358,1323,278,64,2018-07-18,Standard Class,2018-07-23,9.184
7046,CA-2017-160136,1216,602,163,2017-11-03,Standard Class,2017-11-09,9.248
7047,CA-2015-150581,210,135,138,2015-04-08,Standard Class,2015-04-12,99.592
7048,CA-2015-150581,296,135,138,2015-04-08,Standard Class,2015-04-12,399.96
7049,CA-2017-119515,1554,310,395,2017-08-14,First Class,2017-08-16,15.552
7050,CA-2015-141355,1584,594,43,2015-09-25,Standard Class,2015-09-30,14.576
7051,CA-2017-165330,271,577,159,2017-12-11,Same Day,2017-12-11,209.6
7052,CA-2017-165330,1760,577,159,2017-12-11,Same Day,2017-12-11,23.32
7053,CA-2017-165330,1175,577,159,2017-12-11,Same Day,2017-12-11,30.98
7054,CA-2017-165330,633,577,159,2017-12-11,Same Day,2017-12-11,119.96
7055,CA-2017-165330,1210,577,159,2017-12-11,Same Day,2017-12-11,363.92
7056,CA-2017-165330,529,577,159,2017-12-11,Same Day,2017-12-11,35.808
7057,CA-2017-165330,823,577,159,2017-12-11,Same Day,2017-12-11,122.688
7058,CA-2017-165330,899,577,159,2017-12-11,Same Day,2017-12-11,892.136
7059,CA-2017-165330,1765,577,159,2017-12-11,Same Day,2017-12-11,50.22
7060,CA-2017-165330,587,577,159,2017-12-11,Same Day,2017-12-11,83.42
7061,CA-2017-165330,1813,577,159,2017-12-11,Same Day,2017-12-11,5.872
7062,CA-2016-132633,882,176,268,2016-02-03,Second Class,2016-02-05,12.144
7063,CA-2017-157742,1759,108,330,2017-12-29,Second Class,2017-12-31,27.792
7064,CA-2018-127712,1563,451,161,2018-08-31,Standard Class,2018-09-05,6.208
7065,CA-2018-169474,931,283,145,2018-02-04,Standard Class,2018-02-09,32.67
7066,CA-2015-106726,735,277,142,2015-12-06,First Class,2015-12-08,1261.33
7067,CA-2017-147473,1435,645,14,2017-05-30,Standard Class,2017-06-03,38.88
7068,CA-2017-114209,186,156,177,2017-05-21,Standard Class,2017-05-26,1.964
7069,CA-2017-114209,694,156,177,2017-05-21,Standard Class,2017-05-26,82.656
7070,CA-2015-141901,458,422,253,2015-08-09,Standard Class,2015-08-14,5.98
7071,CA-2017-164490,610,712,156,2017-09-05,Second Class,2017-09-10,9.248
7072,CA-2017-112256,1478,238,478,2017-07-23,Standard Class,2017-07-28,4.448
7073,CA-2017-112256,1115,238,478,2017-07-23,Standard Class,2017-07-28,5.184
7074,CA-2017-112256,400,238,478,2017-07-23,Standard Class,2017-07-28,175.92
7075,CA-2017-112256,991,238,478,2017-07-23,Standard Class,2017-07-28,4.752
7076,CA-2017-112256,1060,238,478,2017-07-23,Standard Class,2017-07-28,13.344
7077,CA-2017-167416,599,759,60,2017-05-12,Standard Class,2017-05-17,54.9
7078,CA-2017-106950,635,556,44,2017-09-02,Standard Class,2017-09-06,22.911
7079,CA-2017-106950,1429,556,44,2017-09-02,Standard Class,2017-09-06,309.456
7080,CA-2017-106950,488,556,44,2017-09-02,Standard Class,2017-09-06,19.456
7081,CA-2017-106950,115,556,44,2017-09-02,Standard Class,2017-09-06,472.518
7082,CA-2017-106950,696,556,44,2017-09-02,Standard Class,2017-09-06,1012.68
7083,CA-2017-106950,1427,556,44,2017-09-02,Standard Class,2017-09-06,17.22
7084,CA-2018-118724,1274,256,138,2018-07-21,Second Class,2018-07-25,3.52
7085,CA-2018-118724,945,256,138,2018-07-21,Second Class,2018-07-25,1626.192
7086,CA-2018-112004,1548,341,182,2018-09-25,First Class,2018-09-28,8.595
7087,CA-2018-112004,1421,341,182,2018-09-25,First Class,2018-09-28,190.896
7088,US-2018-143175,1292,655,26,2018-08-03,Second Class,2018-08-06,99.87
7089,CA-2016-105844,1042,227,384,2016-10-25,Second Class,2016-10-27,79.36
7090,CA-2018-118864,1188,121,4,2018-06-15,Second Class,2018-06-19,119.96
7091,CA-2016-119480,259,531,1,2016-01-09,Standard Class,2016-01-13,106.32
7092,CA-2016-119480,1310,531,1,2016-01-09,Standard Class,2016-01-13,163.44
7093,CA-2016-119480,1395,531,1,2016-01-09,Standard Class,2016-01-13,42.76
7094,CA-2016-119480,1541,531,1,2016-01-09,Standard Class,2016-01-13,51.55
7095,US-2016-153374,296,536,68,2016-02-09,Second Class,2016-02-13,479.952
7096,CA-2017-101980,998,262,30,2017-08-19,First Class,2017-08-20,146.688
7097,CA-2017-101980,1592,262,30,2017-08-19,First Class,2017-08-20,276.784
7098,CA-2017-101980,859,262,30,2017-08-19,First Class,2017-08-20,25.32
7099,CA-2018-144596,1734,264,165,2018-11-06,Standard Class,2018-11-10,318.96
7100,CA-2016-124933,1734,651,30,2016-12-26,Second Class,2016-12-30,212.64
7101,CA-2015-159625,1171,326,58,2015-11-23,Standard Class,2015-11-28,23.472
7102,CA-2017-144337,34,738,140,2017-08-01,Second Class,2017-08-05,19.648
7103,CA-2015-117478,348,406,12,2015-09-21,First Class,2015-09-24,6.57
7104,CA-2018-147410,1673,413,201,2018-09-04,Standard Class,2018-09-08,421.1
7105,CA-2018-128944,324,543,56,2018-06-19,Second Class,2018-06-21,760.116
7106,CA-2018-128944,1373,543,56,2018-06-19,Second Class,2018-06-21,38.784
7107,CA-2018-128944,1618,543,56,2018-06-19,Second Class,2018-06-21,122.328
7108,CA-2017-109666,715,28,46,2017-04-19,Standard Class,2017-04-26,25.98
7109,CA-2017-109666,1200,28,46,2017-04-19,Standard Class,2017-04-26,3.28
7110,CA-2017-109666,157,28,46,2017-04-19,Standard Class,2017-04-26,459.88
7111,CA-2017-109666,1563,28,46,2017-04-19,Standard Class,2017-04-26,7.76
7112,CA-2017-109666,916,28,46,2017-04-19,Standard Class,2017-04-26,71.96
7113,CA-2017-109666,134,28,46,2017-04-19,Standard Class,2017-04-26,54.9
7114,CA-2017-109666,1459,28,46,2017-04-19,Standard Class,2017-04-26,9.28
7115,US-2017-102239,1661,353,320,2017-05-05,First Class,2017-05-06,1685.88
7116,US-2017-102239,176,353,320,2017-05-05,First Class,2017-05-06,5.728
7117,CA-2015-143168,1091,491,6,2015-10-18,Second Class,2015-10-23,61.96
7118,CA-2015-143168,1339,491,6,2015-10-18,Second Class,2015-10-23,1.344
7119,CA-2018-104906,1332,688,30,2018-02-13,Standard Class,2018-02-17,17.94
7120,CA-2018-118122,531,56,6,2018-11-17,Standard Class,2018-11-24,13.904
7121,US-2015-147774,1189,153,297,2015-01-20,Standard Class,2015-01-26,67.194
7122,CA-2018-166926,1775,3,60,2018-12-01,Standard Class,2018-12-08,41.86
7123,CA-2018-166926,1532,3,60,2018-12-01,Standard Class,2018-12-08,141.96
7124,CA-2016-128013,1534,752,46,2016-08-09,Standard Class,2016-08-16,10.02
7125,CA-2016-128013,1416,752,46,2016-08-09,Standard Class,2016-08-16,144.12
7126,CA-2017-123176,1297,507,149,2017-09-27,Second Class,2017-09-29,17.94
7127,CA-2017-123176,183,507,149,2017-09-27,Second Class,2017-09-29,13.89
7128,US-2017-117541,1129,595,285,2017-11-14,Standard Class,2017-11-20,16.45
7129,US-2017-117541,1468,595,285,2017-11-14,Standard Class,2017-11-20,19.92
7130,CA-2017-166282,917,8,395,2017-04-16,Standard Class,2017-04-22,35.168
7131,CA-2017-166282,1666,8,395,2017-04-16,Standard Class,2017-04-22,123.088
7132,CA-2018-141439,978,500,238,2018-11-26,Standard Class,2018-12-01,257.94
7133,CA-2018-141439,1148,500,238,2018-11-26,Standard Class,2018-12-01,1879.96
7134,CA-2018-141439,1002,500,238,2018-11-26,Standard Class,2018-12-01,27.46
7135,CA-2018-141439,818,500,238,2018-11-26,Standard Class,2018-12-01,89.98
7136,CA-2018-141439,158,500,238,2018-11-26,Standard Class,2018-12-01,828.6
7137,CA-2016-163965,545,287,124,2016-11-20,Standard Class,2016-11-27,7.23
7138,CA-2016-163965,377,287,124,2016-11-20,Standard Class,2016-11-27,17.44
7139,CA-2016-163965,271,287,124,2016-11-20,Standard Class,2016-11-27,62.88
7140,CA-2016-163965,431,287,124,2016-11-20,Standard Class,2016-11-27,290.352
7141,CA-2018-128783,722,229,585,2018-09-07,Same Day,2018-09-07,113.52
7142,CA-2018-128783,1252,229,585,2018-09-07,Same Day,2018-09-07,135.3
7143,CA-2015-122217,1381,7,221,2015-11-24,Standard Class,2015-11-29,111.15
7144,US-2018-141558,1368,763,12,2018-03-11,Standard Class,2018-03-16,776.85
7145,US-2018-141558,103,763,12,2018-03-11,Standard Class,2018-03-16,12.294
7146,US-2018-141558,839,763,12,2018-03-11,Standard Class,2018-03-16,154.764
7147,US-2018-141558,1790,763,12,2018-03-11,Standard Class,2018-03-16,43.28
7148,CA-2017-139941,1175,559,255,2017-06-12,Standard Class,2017-06-17,92.94
7149,CA-2017-139941,1298,559,255,2017-06-12,Standard Class,2017-06-17,52.56
7150,CA-2016-166583,1247,105,33,2016-06-26,Standard Class,2016-06-30,971.88
7151,CA-2018-100412,475,677,519,2018-12-22,Standard Class,2018-12-26,141.96
7152,CA-2018-142909,963,744,155,2018-12-22,Second Class,2018-12-25,182.55
7153,CA-2015-137911,418,163,223,2015-10-09,Standard Class,2015-10-15,88.768
7154,CA-2016-106208,984,494,27,2016-12-10,Standard Class,2016-12-15,53.088
7155,US-2016-136749,1763,24,113,2016-12-25,Second Class,2016-12-27,275.88
7156,US-2016-136749,352,24,113,2016-12-25,Second Class,2016-12-27,157.9
7157,CA-2018-126718,747,410,416,2018-04-29,Standard Class,2018-05-04,4.91
7158,CA-2017-131380,211,418,4,2017-03-28,Second Class,2017-03-31,87.92
7159,CA-2017-131380,1814,418,4,2017-03-28,Second Class,2017-03-31,5.98
7160,CA-2016-145835,873,409,37,2016-05-13,Second Class,2016-05-18,222.384
7161,CA-2016-145835,660,409,37,2016-05-13,Second Class,2016-05-18,16.0
7162,CA-2015-138709,340,475,196,2015-07-04,Standard Class,2015-07-09,21.84
7163,CA-2015-138709,745,475,196,2015-07-04,Standard Class,2015-07-09,15.6
7164,CA-2015-122070,1504,693,25,2015-04-22,Second Class,2015-04-24,247.84
7165,CA-2015-122070,926,693,25,2015-04-22,Second Class,2015-04-24,9.912
7166,CA-2017-158610,55,243,259,2017-09-19,First Class,2017-09-22,69.52
7167,CA-2015-117464,650,269,35,2015-07-22,Second Class,2015-07-24,11.52
7168,CA-2015-117464,1181,269,35,2015-07-22,Second Class,2015-07-24,717.72
7169,CA-2015-117464,393,269,35,2015-07-22,Second Class,2015-07-24,236.5
7170,CA-2015-117464,1170,269,35,2015-07-22,Second Class,2015-07-24,170.352
7171,US-2018-168613,395,307,30,2018-10-08,Standard Class,2018-10-14,145.764
7172,CA-2018-125381,358,612,10,2018-04-25,Second Class,2018-04-27,107.97
7173,US-2018-141677,358,97,33,2018-03-26,Standard Class,2018-03-30,143.96
7174,US-2018-141677,350,97,33,2018-03-26,Standard Class,2018-03-30,2399.96
7175,US-2018-141677,1324,97,33,2018-03-26,Standard Class,2018-03-30,74.352
7176,US-2018-141677,1310,97,33,2018-03-26,Standard Class,2018-03-30,87.168
7177,US-2018-141677,1032,97,33,2018-03-26,Standard Class,2018-03-30,32.232
7178,CA-2018-133067,1813,502,12,2018-05-04,Standard Class,2018-05-10,2.202
7179,CA-2018-133067,865,502,12,2018-05-04,Standard Class,2018-05-10,9.396
7180,US-2017-144351,1508,54,308,2017-11-14,Standard Class,2017-11-18,89.97
7181,CA-2015-106054,320,706,506,2015-01-06,First Class,2015-01-07,12.78
7182,CA-2017-138667,1073,597,403,2017-12-27,Second Class,2017-12-30,40.0
7183,CA-2018-150609,700,126,4,2018-04-30,Standard Class,2018-05-04,23.24
7184,CA-2018-128853,39,50,308,2018-04-21,First Class,2018-04-23,908.82
7185,CA-2018-133102,1568,526,15,2018-08-17,Standard Class,2018-08-24,5.552
7186,CA-2018-133102,1413,526,15,2018-08-17,Standard Class,2018-08-24,8.016
7187,CA-2018-133102,1392,526,15,2018-08-17,Standard Class,2018-08-24,74.592
7188,CA-2018-133102,1479,526,15,2018-08-17,Standard Class,2018-08-24,16.784
7189,CA-2018-133102,536,526,15,2018-08-17,Standard Class,2018-08-24,38.864
7190,CA-2017-164399,1496,109,143,2017-11-12,First Class,2017-11-15,203.976
7191,CA-2017-164399,1661,109,143,2017-11-12,First Class,2017-11-15,674.352
7192,CA-2017-116918,308,524,187,2017-10-01,Second Class,2017-10-06,5.388
7193,CA-2017-116918,1160,524,187,2017-10-01,Second Class,2017-10-06,30.976
7194,CA-2017-110492,907,366,149,2017-02-12,First Class,2017-02-14,1350.12
7195,CA-2017-110492,123,366,149,2017-02-12,First Class,2017-02-14,15.92
7196,CA-2017-147683,29,179,6,2017-11-13,Standard Class,2017-11-17,19.54
7197,CA-2015-116785,1047,763,2,2015-04-26,Standard Class,2015-04-30,21.4
7198,CA-2015-116785,1730,763,2,2015-04-26,Standard Class,2015-04-30,12.6
7199,US-2016-156797,251,179,46,2016-08-11,Standard Class,2016-08-15,11.96
7200,US-2016-156797,303,179,46,2016-08-11,Standard Class,2016-08-15,138.0
7201,CA-2017-104276,1286,521,3,2017-11-27,Standard Class,2017-12-03,116.76
7202,CA-2017-104276,978,521,3,2017-11-27,Standard Class,2017-12-03,331.023
7203,CA-2017-120369,1815,147,145,2017-10-28,Same Day,2017-10-28,756.8
7204,CA-2015-118276,1678,451,586,2015-12-29,Standard Class,2016-01-02,8.736
7205,CA-2016-136658,1280,492,24,2016-09-10,Standard Class,2016-09-17,6.08
7206,CA-2018-137414,699,442,10,2018-10-02,Standard Class,2018-10-06,17.46
7207,CA-2018-137414,1795,442,10,2018-10-02,Standard Class,2018-10-06,369.16
7208,CA-2017-143476,854,19,52,2017-09-11,First Class,2017-09-13,2.912
7209,CA-2017-143476,1811,19,52,2017-09-11,First Class,2017-09-13,20.736
7210,CA-2017-143476,458,19,52,2017-09-11,First Class,2017-09-13,9.568
7211,US-2017-119046,1604,554,61,2017-06-02,Standard Class,2017-06-06,30.18
7212,US-2017-119046,62,554,61,2017-06-02,Standard Class,2017-06-06,51.648
7213,US-2017-119046,606,554,61,2017-06-02,Standard Class,2017-06-06,11.232
7214,CA-2018-154949,1124,508,587,2018-10-15,Standard Class,2018-10-19,14.73
7215,CA-2016-103072,1211,305,186,2016-09-27,Second Class,2016-09-30,16.4
7216,CA-2016-103072,861,305,186,2016-09-27,Second Class,2016-09-30,25.92
7217,CA-2016-150770,455,49,10,2016-05-03,First Class,2016-05-06,8.82
7218,CA-2016-150770,921,49,10,2016-05-03,First Class,2016-05-06,62.496
7219,CA-2016-150770,107,49,10,2016-05-03,First Class,2016-05-06,339.96
7220,CA-2016-150770,583,49,10,2016-05-03,First Class,2016-05-06,49.568
7221,CA-2018-154760,570,444,12,2018-01-09,Standard Class,2018-01-13,274.491
7222,US-2018-104437,1677,593,46,2018-01-27,Standard Class,2018-01-31,137.94
7223,CA-2018-113075,659,499,37,2018-09-02,Standard Class,2018-09-06,40.68
7224,CA-2017-109953,41,182,35,2017-07-14,Standard Class,2017-07-18,110.376
7225,CA-2017-109953,1657,182,35,2017-07-14,Standard Class,2017-07-18,151.62
7226,CA-2017-109953,443,182,35,2017-07-14,Standard Class,2017-07-18,30.8
7227,CA-2018-127397,1031,21,64,2018-02-24,Standard Class,2018-02-28,123.92
7228,CA-2018-127397,765,21,64,2018-02-24,Standard Class,2018-02-28,1319.8
7229,CA-2015-157546,441,743,35,2015-07-20,First Class,2015-07-22,89.712
7230,CA-2015-157546,230,743,35,2015-07-20,First Class,2015-07-22,22.83
7231,CA-2018-153843,1088,619,70,2018-03-13,First Class,2018-03-15,30.88
7232,CA-2018-153843,1779,619,70,2018-03-13,First Class,2018-03-15,465.16
7233,CA-2018-153843,988,619,70,2018-03-13,First Class,2018-03-15,27.12
7234,CA-2017-137337,379,674,165,2017-03-08,Standard Class,2017-03-12,113.6
7235,CA-2017-137337,549,674,165,2017-03-08,Standard Class,2017-03-12,12.96
7236,CA-2017-137337,1312,674,165,2017-03-08,Standard Class,2017-03-12,69.456
7237,CA-2015-138737,650,225,14,2015-12-07,First Class,2015-12-10,8.64
7238,CA-2017-164924,1816,106,106,2017-07-10,Same Day,2017-07-10,341.991
7239,CA-2017-101651,1449,254,59,2017-12-24,Standard Class,2017-12-30,43.96
7240,CA-2017-101651,153,254,59,2017-12-24,Standard Class,2017-12-30,39.76
7241,CA-2018-136651,1463,283,55,2018-04-23,Second Class,2018-04-25,66.36
7242,CA-2018-136651,613,283,55,2018-04-23,Second Class,2018-04-25,92.88
7243,CA-2018-136651,442,283,55,2018-04-23,Second Class,2018-04-25,24.14
7244,CA-2018-118892,484,600,64,2018-08-17,Second Class,2018-08-22,4416.174
7245,US-2018-151127,1659,211,14,2018-05-22,First Class,2018-05-25,49.56
7246,CA-2018-145807,1044,642,4,2018-02-09,Standard Class,2018-02-13,354.9
7247,US-2015-127978,1730,330,48,2015-03-03,Standard Class,2015-03-08,15.12
7248,US-2015-127978,367,330,48,2015-03-03,Standard Class,2015-03-08,302.45
7249,US-2015-127978,701,330,48,2015-03-03,Standard Class,2015-03-08,44.672
7250,CA-2016-158491,1581,670,142,2016-06-04,Second Class,2016-06-09,119.98
7251,CA-2016-158491,1739,670,142,2016-06-04,Second Class,2016-06-09,989.97
7252,CA-2017-116764,1817,606,475,2017-08-27,Standard Class,2017-09-02,9.216
7253,CA-2017-152457,1275,282,527,2017-09-12,Standard Class,2017-09-18,68.52
7254,CA-2017-152730,167,671,470,2017-05-30,Standard Class,2017-06-04,364.74
7255,CA-2017-152730,1184,671,470,2017-05-30,Standard Class,2017-06-04,47.4
7256,CA-2017-152730,254,671,470,2017-05-30,Standard Class,2017-06-04,49.76
7257,CA-2017-152730,325,671,470,2017-05-30,Standard Class,2017-06-04,5.56
7258,CA-2017-152730,922,671,470,2017-05-30,Standard Class,2017-06-04,629.1
7259,CA-2017-152730,135,671,470,2017-05-30,Standard Class,2017-06-04,14.7
7260,CA-2017-152730,975,671,470,2017-05-30,Standard Class,2017-06-04,45.36
7261,CA-2017-152730,1067,671,470,2017-05-30,Standard Class,2017-06-04,125.99
7262,CA-2018-137001,1707,434,380,2018-06-10,Second Class,2018-06-13,14.7
7263,CA-2018-156363,48,505,64,2018-10-22,Standard Class,2018-10-28,32.7
7264,CA-2018-156363,1653,505,64,2018-10-22,Standard Class,2018-10-28,31.68
7265,CA-2018-122056,1503,39,29,2018-06-13,Standard Class,2018-06-17,181.86
7266,US-2015-143721,914,461,15,2015-11-23,Second Class,2015-11-26,155.372
7267,CA-2018-122987,529,696,85,2018-08-16,Same Day,2018-08-16,13.428
7268,CA-2018-122987,1019,696,85,2018-08-16,Same Day,2018-08-16,67.136
7269,CA-2017-133368,1559,166,5,2017-01-14,Standard Class,2017-01-20,89.568
7270,CA-2017-133368,1818,166,5,2017-01-14,Standard Class,2017-01-20,315.776
7271,CA-2017-123337,1163,471,59,2017-09-16,Standard Class,2017-09-22,273.666
7272,CA-2017-123337,1299,471,59,2017-09-16,Standard Class,2017-09-22,17.48
7273,US-2017-150357,506,425,307,2017-10-10,Standard Class,2017-10-14,20.608
7274,US-2017-150357,249,425,307,2017-10-10,Standard Class,2017-10-14,4.095
7275,CA-2016-144519,1496,586,524,2016-11-13,Standard Class,2016-11-17,339.96
7276,CA-2016-144519,646,586,524,2016-11-13,Standard Class,2016-11-17,63.98
7277,CA-2015-120670,1337,452,3,2015-11-02,Standard Class,2015-11-06,799.92
7278,CA-2017-157217,1805,427,95,2017-07-19,First Class,2017-07-21,35.984
7279,CA-2017-157217,1302,427,95,2017-07-19,First Class,2017-07-21,389.97
7280,CA-2017-108224,218,261,511,2017-05-14,Same Day,2017-05-14,185.528
7281,CA-2016-162782,451,618,210,2016-02-21,Standard Class,2016-02-27,2541.98
7282,CA-2018-159282,207,690,511,2018-10-16,Standard Class,2018-10-21,599.985
7283,CA-2018-155936,882,301,156,2018-06-22,Standard Class,2018-06-29,3.036
7284,CA-2018-169439,314,96,178,2018-09-09,Standard Class,2018-09-13,25.92
7285,CA-2018-169439,480,96,178,2018-09-09,Standard Class,2018-09-13,66.112
7286,CA-2018-151183,568,319,95,2018-10-14,Standard Class,2018-10-19,46.36
7287,CA-2017-149965,1692,741,336,2017-06-20,Standard Class,2017-06-25,6.9
7288,CA-2017-149965,1007,741,336,2017-06-20,Standard Class,2017-06-25,57.69
7289,CA-2015-158281,1390,133,15,2015-09-02,Standard Class,2015-09-07,559.71
7290,CA-2017-153661,299,57,35,2017-01-30,First Class,2017-01-31,305.01
7291,CA-2017-153661,133,57,35,2017-01-30,First Class,2017-01-31,50.784
7292,CA-2017-153661,265,57,35,2017-01-30,First Class,2017-01-31,26.01
7293,CA-2018-109183,1819,236,395,2018-12-04,Standard Class,2018-12-09,649.0
7294,CA-2017-113656,1686,559,2,2017-01-23,Standard Class,2017-01-29,59.99
7295,CA-2016-148964,527,77,292,2016-05-26,Standard Class,2016-05-31,20.24
7296,CA-2015-111899,1560,397,67,2015-05-04,First Class,2015-05-05,37.84
7297,CA-2015-111899,1706,397,67,2015-05-04,First Class,2015-05-05,5.472
7298,CA-2016-101126,1221,241,106,2016-02-10,Second Class,2016-02-14,77.24
7299,CA-2015-163468,278,301,561,2015-11-18,First Class,2015-11-21,292.1
7300,CA-2015-163468,1446,301,561,2015-11-18,First Class,2015-11-21,8.544
7301,CA-2015-163468,1660,301,561,2015-11-18,First Class,2015-11-21,424.116
7302,CA-2015-163468,545,301,561,2015-11-18,First Class,2015-11-21,2.892
7303,CA-2015-163468,622,301,561,2015-11-18,First Class,2015-11-21,381.72
7304,US-2018-117450,164,771,251,2018-09-04,Standard Class,2018-09-08,97.184
7305,US-2018-117450,731,771,251,2018-09-04,Standard Class,2018-09-08,10.368
7306,CA-2015-137274,412,208,302,2015-03-29,Standard Class,2015-04-02,890.841
7307,CA-2017-144092,1543,110,59,2017-11-05,Second Class,2017-11-07,72.0
7308,CA-2017-144092,1460,110,59,2017-11-05,Second Class,2017-11-07,113.888
7309,CA-2017-144092,440,110,59,2017-11-05,Second Class,2017-11-07,158.13
7310,CA-2018-112172,1218,153,24,2018-06-10,Second Class,2018-06-14,14.13
7311,CA-2016-121699,570,218,84,2016-08-10,Standard Class,2016-08-14,64.75
7312,CA-2016-162761,745,624,328,2016-10-09,Standard Class,2016-10-13,1.872
7313,CA-2016-162761,441,624,328,2016-10-09,Standard Class,2016-10-13,11.214
7314,CA-2016-162761,1664,624,328,2016-10-09,Standard Class,2016-10-13,37.376
7315,CA-2017-121377,1119,185,139,2017-05-28,Standard Class,2017-06-02,286.4
7316,CA-2018-115322,1065,234,24,2018-05-11,Second Class,2018-05-16,43.92
7317,CA-2017-132066,11,241,165,2017-10-16,Standard Class,2017-10-20,142.182
7318,CA-2018-158120,1796,543,588,2018-11-17,Standard Class,2018-11-21,19.608
7319,CA-2018-158120,923,543,588,2018-11-17,Standard Class,2018-11-21,4.158
7320,CA-2018-100097,967,439,30,2018-11-26,Second Class,2018-11-29,979.95
7321,CA-2018-100097,1252,439,30,2018-11-26,Second Class,2018-11-29,135.3
7322,CA-2018-167626,1102,502,37,2018-09-03,Standard Class,2018-09-07,8.904
7323,CA-2018-167626,726,502,37,2018-09-03,Standard Class,2018-09-07,100.8
7324,US-2018-126053,108,230,24,2018-12-05,First Class,2018-12-08,41.96
7325,US-2018-126053,366,230,24,2018-12-05,First Class,2018-12-08,9.45
7326,US-2018-128447,1318,267,513,2018-11-10,Standard Class,2018-11-17,400.8
7327,US-2018-128447,380,267,513,2018-11-10,Standard Class,2018-11-17,28.792
7328,US-2015-131275,1282,338,589,2015-03-18,Standard Class,2015-03-24,111.0
7329,US-2015-131275,207,338,589,2015-03-18,Standard Class,2015-03-24,1279.968
7330,US-2015-131275,1245,338,589,2015-03-18,Standard Class,2015-03-24,1856.19
7331,CA-2017-149349,1184,71,37,2017-11-12,First Class,2017-11-13,22.752
7332,CA-2018-115119,240,465,208,2018-10-26,Standard Class,2018-10-30,61.542
7333,CA-2018-115119,1562,465,208,2018-10-26,Standard Class,2018-10-30,81.438
7334,CA-2016-125563,452,702,86,2016-04-11,Standard Class,2016-04-17,67.36
7335,CA-2016-125563,206,702,86,2016-04-11,Standard Class,2016-04-17,54.528
7336,CA-2016-113152,696,601,24,2016-12-25,Standard Class,2016-12-30,843.9
7337,CA-2016-113152,179,601,24,2016-12-25,Standard Class,2016-12-30,449.568
7338,CA-2018-165155,1019,607,63,2018-09-21,First Class,2018-09-23,15.51
7339,CA-2015-163412,1460,417,46,2015-12-20,Second Class,2015-12-23,192.186
7340,CA-2016-159590,650,347,30,2016-07-18,First Class,2016-07-21,5.76
7341,CA-2015-116190,1273,496,149,2015-07-26,Standard Class,2015-08-01,67.88
7342,CA-2015-116190,50,496,149,2015-07-26,Standard Class,2015-08-01,162.89
7343,CA-2015-116190,1686,496,149,2015-07-26,Standard Class,2015-08-01,25.71
7344,CA-2015-168473,912,15,30,2015-12-26,Standard Class,2016-01-01,191.88
7345,CA-2018-168389,189,2,134,2018-12-11,Standard Class,2018-12-17,721.875
7346,CA-2018-168389,462,2,134,2018-12-11,Standard Class,2018-12-17,73.568
7347,CA-2018-168389,208,2,134,2018-12-11,Standard Class,2018-12-17,13.584
7348,CA-2018-168389,406,2,134,2018-12-11,Standard Class,2018-12-17,64.784
7349,CA-2015-130421,1219,711,15,2015-03-03,Standard Class,2015-03-07,176.772
7350,CA-2018-142125,626,81,202,2018-10-21,Standard Class,2018-10-27,38.82
7351,CA-2018-142125,237,81,202,2018-10-21,Standard Class,2018-10-27,21.9
7352,CA-2018-141138,405,486,590,2018-11-10,Standard Class,2018-11-16,111.79
7353,CA-2018-152135,919,378,346,2018-03-16,Second Class,2018-03-18,445.44
7354,CA-2017-151974,618,373,64,2017-09-22,Standard Class,2017-09-29,16.52
7355,CA-2018-154102,1775,382,10,2018-02-06,Standard Class,2018-02-13,29.9
7356,CA-2016-139780,940,707,186,2016-12-31,Second Class,2017-01-02,116.4
7357,CA-2017-114748,1040,596,52,2017-10-09,Standard Class,2017-10-14,1.408
7358,CA-2017-114748,1061,596,52,2017-10-09,Standard Class,2017-10-14,169.568
7359,US-2015-115189,600,754,106,2015-12-30,Second Class,2016-01-03,251.964
7360,US-2015-115189,310,754,106,2015-12-30,Second Class,2016-01-03,523.764
7361,CA-2017-163594,1146,640,2,2017-04-12,First Class,2017-04-14,19.44
7362,CA-2017-163594,406,640,2,2017-04-12,First Class,2017-04-14,194.352
7363,CA-2017-163594,786,640,2,2017-04-12,First Class,2017-04-14,36.624
7364,CA-2017-127243,868,104,12,2017-11-28,Standard Class,2017-12-04,340.182
7365,CA-2017-127243,1240,104,12,2017-11-28,Standard Class,2017-12-04,12.672
7366,CA-2017-127243,1427,104,12,2017-11-28,Standard Class,2017-12-04,6.888
7367,CA-2017-127243,1513,104,12,2017-11-28,Standard Class,2017-12-04,32.544
7368,CA-2017-127243,475,104,12,2017-11-28,Standard Class,2017-12-04,347.802
7369,CA-2018-161851,69,163,124,2018-04-15,First Class,2018-04-17,15.57
7370,CA-2016-110345,783,593,314,2016-03-09,Second Class,2016-03-11,4.608
7371,CA-2015-107769,958,388,591,2015-10-28,Standard Class,2015-11-01,257.98
7372,US-2018-123862,5,441,107,2018-01-07,Second Class,2018-01-09,153.78
7373,US-2018-123862,1513,441,107,2018-01-07,Second Class,2018-01-09,61.02
7374,US-2018-123862,1800,441,107,2018-01-07,Second Class,2018-01-09,110.11
7375,US-2018-123862,551,441,107,2018-01-07,Second Class,2018-01-09,7.89
7376,CA-2018-100580,492,150,89,2018-08-13,Standard Class,2018-08-20,36.024
7377,US-2018-145597,208,56,51,2018-11-02,First Class,2018-11-05,54.336
7378,CA-2015-132787,422,306,61,2015-09-19,Standard Class,2015-09-23,92.52
7379,CA-2016-136224,1047,762,306,2016-05-31,Same Day,2016-05-31,10.272
7380,CA-2017-105732,1034,9,199,2017-09-13,Standard Class,2017-09-18,40.74
7381,CA-2017-105732,1364,9,199,2017-09-13,Standard Class,2017-09-18,14.4
7382,CA-2017-105732,1508,9,199,2017-09-13,Standard Class,2017-09-18,149.95
7383,CA-2017-105732,1567,9,199,2017-09-13,Standard Class,2017-09-18,16.9
7384,CA-2017-105732,708,9,199,2017-09-13,Standard Class,2017-09-18,17.61
7385,CA-2017-105732,1142,9,199,2017-09-13,Standard Class,2017-09-18,378.0
7386,CA-2017-105732,1018,9,199,2017-09-13,Standard Class,2017-09-18,17.64
7387,CA-2017-105732,822,9,199,2017-09-13,Standard Class,2017-09-18,373.08
7388,CA-2017-105732,36,9,199,2017-09-13,Standard Class,2017-09-18,1336.44
7389,CA-2017-105732,1137,9,199,2017-09-13,Standard Class,2017-09-18,29.97
7390,CA-2018-108035,2,75,428,2018-11-29,Standard Class,2018-12-03,390.368
7391,CA-2018-108035,217,75,428,2018-11-29,Standard Class,2018-12-03,101.52
7392,CA-2018-160031,1175,399,323,2018-12-04,Second Class,2018-12-07,74.352
7393,CA-2018-147844,1408,733,14,2018-05-02,Standard Class,2018-05-06,15.7
7394,CA-2018-147844,1501,733,14,2018-05-02,Standard Class,2018-05-06,59.52
7395,CA-2018-147844,321,733,14,2018-05-02,Standard Class,2018-05-06,34.4
7396,CA-2017-110975,972,716,24,2017-12-25,Standard Class,2017-12-30,313.176
7397,CA-2017-110975,624,716,24,2017-12-25,Standard Class,2017-12-30,866.646
7398,CA-2015-141649,191,679,323,2015-09-30,Same Day,2015-09-30,795.408
7399,CA-2015-124807,1051,251,27,2015-07-12,Second Class,2015-07-15,35.856
7400,CA-2015-124807,541,251,27,2015-07-12,Second Class,2015-07-15,23.84
7401,CA-2017-110009,485,310,6,2017-09-08,Standard Class,2017-09-13,43.13
7402,CA-2017-110009,250,310,6,2017-09-08,Standard Class,2017-09-13,30.87
7403,CA-2018-168172,355,130,165,2018-08-06,Standard Class,2018-08-10,70.12
7404,CA-2016-100146,575,119,587,2016-05-14,Standard Class,2016-05-19,509.9575
7405,CA-2016-100146,515,119,587,2016-05-14,Standard Class,2016-05-19,122.91
7406,CA-2016-100146,1226,119,587,2016-05-14,Standard Class,2016-05-19,97.568
7407,CA-2016-100146,1497,119,587,2016-05-14,Standard Class,2016-05-19,722.352
7408,CA-2018-152079,746,587,156,2018-01-20,First Class,2018-01-21,11.52
7409,CA-2017-129728,1479,685,4,2017-05-30,Standard Class,2017-06-06,167.84
7410,CA-2015-121769,1667,366,214,2015-04-08,Standard Class,2015-04-12,172.11
7411,CA-2015-103058,960,9,165,2015-07-23,First Class,2015-07-24,99.98
7412,CA-2018-121125,1603,451,300,2018-05-30,Standard Class,2018-06-03,156.792
7413,CA-2018-121125,177,451,300,2018-05-30,Standard Class,2018-06-03,35.36
7414,CA-2018-121125,1794,451,300,2018-05-30,Standard Class,2018-06-03,13.592
7415,US-2017-114013,158,35,64,2017-03-13,Second Class,2017-03-15,386.68
7416,US-2017-114013,1524,35,64,2017-03-13,Second Class,2017-03-15,379.96
7417,US-2017-114013,717,35,64,2017-03-13,Second Class,2017-03-15,539.91
7418,US-2017-114013,1541,35,64,2017-03-13,Second Class,2017-03-15,41.24
7419,US-2017-114013,1592,35,64,2017-03-13,Second Class,2017-03-15,51.897
7420,US-2017-114013,943,35,64,2017-03-13,Second Class,2017-03-15,552.56
7421,US-2017-114013,1088,35,64,2017-03-13,Second Class,2017-03-15,23.16
7422,US-2017-114013,1820,35,64,2017-03-13,Second Class,2017-03-15,126.08
7423,US-2017-114013,207,35,64,2017-03-13,Second Class,2017-03-15,449.1
7424,CA-2018-135069,1307,95,106,2018-04-10,Standard Class,2018-04-14,195.104
7425,CA-2018-135069,678,95,106,2018-04-10,Standard Class,2018-04-14,36.672
7426,CA-2017-101693,65,96,33,2017-06-25,Second Class,2017-06-27,85.246
7427,CA-2017-101693,1536,96,33,2017-06-25,Second Class,2017-06-27,32.712
7428,US-2015-164763,537,776,130,2015-03-17,Standard Class,2015-03-21,11.43
7429,US-2015-164763,339,776,130,2015-03-17,Standard Class,2015-03-21,30.44
7430,US-2015-164763,220,776,130,2015-03-17,Standard Class,2015-03-21,12.96
7431,US-2015-164763,1733,776,130,2015-03-17,Standard Class,2015-03-21,16.0
7432,US-2015-164763,931,776,130,2015-03-17,Standard Class,2015-03-21,32.67
7433,CA-2015-161249,803,743,52,2015-08-09,Standard Class,2015-08-13,4.464
7434,CA-2015-161249,800,743,52,2015-08-09,Standard Class,2015-08-13,9.345
7435,CA-2016-148180,537,163,569,2016-07-26,Standard Class,2016-07-31,9.144
7436,CA-2016-148180,309,163,569,2016-07-26,Standard Class,2016-07-31,23.136
7437,CA-2016-148180,1168,163,569,2016-07-26,Standard Class,2016-07-31,99.2
7438,CA-2015-165568,881,293,60,2015-02-15,Standard Class,2015-02-19,21.36
7439,CA-2016-145457,1442,435,472,2016-03-24,Second Class,2016-03-27,46.9
7440,US-2018-163657,606,539,14,2018-09-02,Standard Class,2018-09-06,18.72
7441,US-2018-163657,1117,539,14,2018-09-02,Standard Class,2018-09-06,236.528
7442,CA-2016-120446,166,190,189,2016-11-16,First Class,2016-11-18,18.9
7443,CA-2015-109932,129,779,231,2015-12-09,First Class,2015-12-11,10.688
7444,CA-2015-109932,596,779,231,2015-12-09,First Class,2015-12-11,237.096
7445,CA-2018-127474,779,280,27,2018-02-03,Second Class,2018-02-07,5.184
7446,CA-2018-127474,1523,280,27,2018-02-03,Second Class,2018-02-07,65.584
7447,CA-2018-127474,1282,280,27,2018-02-03,Second Class,2018-02-07,22.2
7448,CA-2018-127474,977,280,27,2018-02-03,Second Class,2018-02-07,419.4
7449,CA-2018-115448,643,660,365,2018-11-11,First Class,2018-11-14,88.92
7450,CA-2018-105669,106,320,67,2018-09-17,Second Class,2018-09-22,9.912
7451,CA-2018-105669,1210,320,67,2018-09-17,Second Class,2018-09-22,318.43
7452,CA-2018-105669,327,320,67,2018-09-17,Second Class,2018-09-22,5.8
7453,CA-2018-105669,1539,320,67,2018-09-17,Second Class,2018-09-22,1415.76
7454,CA-2018-134796,919,249,431,2018-06-25,Standard Class,2018-07-01,148.48
7455,CA-2017-137743,1388,348,37,2017-07-30,Standard Class,2017-08-04,9.248
7456,CA-2017-137743,487,348,37,2017-07-30,Standard Class,2017-08-04,1036.624
7457,CA-2016-137974,12,329,181,2016-04-16,First Class,2016-04-18,569.64
7458,CA-2016-137974,625,329,181,2016-04-16,First Class,2016-04-18,9.14
7459,CA-2016-137974,1305,329,181,2016-04-16,First Class,2016-04-18,1196.86
7460,CA-2016-137974,673,329,181,2016-04-16,First Class,2016-04-18,523.26
7461,US-2016-136987,1688,482,26,2016-04-11,Second Class,2016-04-14,639.968
7462,US-2016-136987,814,482,26,2016-04-11,Second Class,2016-04-14,52.76
7463,CA-2016-138485,334,74,60,2016-02-27,Second Class,2016-03-01,538.92
7464,CA-2017-103709,1454,432,438,2017-09-08,Standard Class,2017-09-15,14.88
7465,CA-2017-103709,1533,432,438,2017-09-08,Standard Class,2017-09-15,34.24
7466,CA-2017-103709,534,432,438,2017-09-08,Standard Class,2017-09-15,261.74
7467,CA-2017-138282,1645,707,142,2017-05-19,Standard Class,2017-05-23,87.84
7468,CA-2018-148985,699,354,63,2018-11-11,Second Class,2018-11-15,34.92
7469,CA-2015-138100,812,398,165,2015-09-15,Standard Class,2015-09-20,14.94
7470,CA-2015-138100,1028,398,165,2015-09-15,Standard Class,2015-09-20,14.56
7471,CA-2016-100734,99,557,106,2016-09-15,Standard Class,2016-09-20,3.576
7472,CA-2016-100734,197,557,106,2016-09-15,Standard Class,2016-09-20,147.184
7473,CA-2017-139997,1328,671,518,2017-07-01,First Class,2017-07-03,1499.95
7474,CA-2017-109652,754,426,156,2017-04-10,Standard Class,2017-04-15,13.568
7475,CA-2015-167199,121,468,1,2015-01-06,Standard Class,2015-01-10,2573.82
7476,CA-2015-167199,570,468,1,2015-01-06,Standard Class,2015-01-10,609.98
7477,CA-2015-167199,449,468,1,2015-01-06,Standard Class,2015-01-10,5.48
7478,CA-2015-167199,35,468,1,2015-01-06,Standard Class,2015-01-10,391.98
7479,CA-2015-167199,868,468,1,2015-01-06,Standard Class,2015-01-10,755.96
7480,CA-2015-167199,1507,468,1,2015-01-06,Standard Class,2015-01-10,31.12
7481,CA-2015-167199,784,468,1,2015-01-06,Standard Class,2015-01-10,6.54
7482,CA-2017-124583,119,698,126,2017-09-01,Second Class,2017-09-03,12.78
7483,CA-2015-113964,69,656,165,2015-09-23,Standard Class,2015-09-30,18.464
7484,CA-2015-129938,1210,183,12,2015-12-15,Second Class,2015-12-17,445.802
7485,CA-2018-135111,1821,38,490,2018-12-28,Standard Class,2019-01-02,2.48
7486,CA-2018-135111,1500,38,490,2018-12-28,Standard Class,2019-01-02,25.9
7487,US-2016-134558,1332,328,355,2016-12-19,Second Class,2016-12-24,29.9
7488,US-2016-134558,1288,328,355,2016-12-19,Second Class,2016-12-24,2249.91
7489,US-2016-134558,216,328,355,2016-12-19,Second Class,2016-12-24,1053.164
7490,CA-2018-157196,861,732,189,2018-11-05,Standard Class,2018-11-09,12.96
7491,CA-2016-108672,91,136,4,2016-09-10,Standard Class,2016-09-16,106.68
7492,US-2018-118598,1731,497,550,2018-11-16,Same Day,2018-11-16,119.94
7493,US-2018-160836,1434,694,33,2018-09-11,Standard Class,2018-09-16,10.272
7494,US-2018-160836,1214,694,33,2018-09-11,Standard Class,2018-09-16,512.19
7495,US-2018-160836,1035,694,33,2018-09-11,Standard Class,2018-09-16,1.556
7496,CA-2018-121048,758,647,279,2018-07-14,Standard Class,2018-07-18,4.448
7497,CA-2018-121048,738,647,279,2018-07-14,Standard Class,2018-07-18,276.69
7498,CA-2018-121048,311,647,279,2018-07-14,Standard Class,2018-07-18,4.96
7499,CA-2018-121048,31,647,279,2018-07-14,Standard Class,2018-07-18,71.92
7500,CA-2018-121048,192,647,279,2018-07-14,Standard Class,2018-07-18,18.84
7501,CA-2018-121048,438,647,279,2018-07-14,Standard Class,2018-07-18,140.97
7502,CA-2018-121048,35,647,279,2018-07-14,Standard Class,2018-07-18,470.376
7503,US-2018-120147,1280,484,2,2018-03-30,Same Day,2018-03-30,6.08
7504,US-2018-120147,54,484,2,2018-03-30,Same Day,2018-03-30,164.792
7505,CA-2017-158043,1041,760,592,2017-01-31,Second Class,2017-02-04,23.36
7506,US-2018-106579,339,573,301,2018-06-08,Standard Class,2018-06-13,12.176
7507,CA-2015-115889,1130,130,35,2015-11-02,Standard Class,2015-11-06,46.384
7508,CA-2015-115889,246,130,35,2015-11-02,Standard Class,2015-11-06,362.92
7509,US-2018-161935,821,253,48,2018-07-14,Standard Class,2018-07-18,9.248
7510,US-2018-161935,755,253,48,2018-07-14,Standard Class,2018-07-18,1889.946
7511,US-2018-161935,171,253,48,2018-07-14,Standard Class,2018-07-18,62.04
7512,US-2018-161935,1072,253,48,2018-07-14,Standard Class,2018-07-18,396.92
7513,US-2018-161935,1355,253,48,2018-07-14,Standard Class,2018-07-18,239.456
7514,US-2018-161935,347,253,48,2018-07-14,Standard Class,2018-07-18,13.12
7515,US-2018-167920,909,253,127,2018-12-09,Second Class,2018-12-12,29.36
7516,US-2018-167920,1429,253,127,2018-12-09,Second Class,2018-12-12,214.9
7517,US-2018-167920,123,253,127,2018-12-09,Second Class,2018-12-12,15.92
7518,US-2018-167920,826,253,127,2018-12-09,Second Class,2018-12-12,146.45
7519,US-2018-167920,465,253,127,2018-12-09,Second Class,2018-12-12,15.14
7520,US-2018-167920,1569,253,127,2018-12-09,Second Class,2018-12-12,5.76
7521,US-2018-167920,891,253,127,2018-12-09,Second Class,2018-12-12,1399.98
7522,CA-2017-162383,529,199,403,2017-09-05,Standard Class,2017-09-11,8.952
7523,CA-2017-162383,1182,199,403,2017-09-05,Standard Class,2017-09-11,8.856
7524,CA-2017-162383,213,199,403,2017-09-05,Standard Class,2017-09-11,85.246
7525,CA-2015-125731,777,53,427,2015-09-10,Standard Class,2015-09-16,21.728
7526,CA-2015-125731,874,53,427,2015-09-10,Standard Class,2015-09-16,1487.04
7527,US-2018-106145,1607,20,10,2018-09-26,Same Day,2018-09-26,71.88
7528,US-2018-106145,1393,20,10,2018-09-26,Same Day,2018-09-26,9.24
7529,US-2018-106145,1358,20,10,2018-09-26,Same Day,2018-09-26,35.88
7530,US-2018-106145,21,20,10,2018-09-26,Same Day,2018-09-26,17.04
7531,US-2018-106145,761,20,10,2018-09-26,Same Day,2018-09-26,931.176
7532,CA-2017-107146,1320,63,593,2017-06-17,First Class,2017-06-19,266.352
7533,CA-2017-107146,532,63,593,2017-06-17,First Class,2017-06-19,483.136
7534,US-2018-134642,813,574,254,2018-02-25,Standard Class,2018-03-01,196.784
7535,US-2018-134642,267,574,254,2018-02-25,Standard Class,2018-03-01,231.92
7536,US-2018-160143,559,429,26,2018-03-31,Standard Class,2018-04-07,29.7
7537,CA-2018-103415,1794,598,17,2018-12-03,Standard Class,2018-12-08,13.592
7538,CA-2017-106460,130,219,10,2017-02-19,Second Class,2017-02-22,70.88
7539,US-2018-112347,385,511,77,2018-12-02,Standard Class,2018-12-06,114.288
7540,US-2018-112347,786,511,77,2018-12-02,Standard Class,2018-12-06,36.624
7541,US-2018-112347,1660,511,77,2018-12-02,Standard Class,2018-12-06,242.352
7542,US-2018-112347,1671,511,77,2018-12-02,Standard Class,2018-12-06,49.616
7543,US-2018-112347,1061,511,77,2018-12-02,Standard Class,2018-12-06,508.704
7544,US-2018-112347,1379,511,77,2018-12-02,Standard Class,2018-12-06,57.36
7545,US-2018-112347,630,511,77,2018-12-02,Standard Class,2018-12-06,906.68
7546,CA-2015-103492,1522,783,144,2015-10-10,Standard Class,2015-10-15,719.952
7547,CA-2015-103492,525,783,144,2015-10-10,Standard Class,2015-10-15,755.944
7548,CA-2015-103492,1225,783,144,2015-10-10,Standard Class,2015-10-15,11.98
7549,CA-2015-103492,308,783,144,2015-10-10,Standard Class,2015-10-15,0.898
7550,CA-2017-136595,1382,606,67,2017-09-05,First Class,2017-09-07,21.204
7551,CA-2015-140396,1759,543,24,2015-11-20,Standard Class,2015-11-25,34.74
7552,CA-2015-140396,873,543,24,2015-11-20,Standard Class,2015-11-25,833.94
7553,CA-2015-140396,807,543,24,2015-11-20,Standard Class,2015-11-25,12.96
7554,CA-2015-140396,1397,543,24,2015-11-20,Standard Class,2015-11-25,25.92
7555,CA-2015-114181,900,315,64,2015-05-10,Second Class,2015-05-14,349.965
7556,CA-2015-114181,797,315,64,2015-05-10,Second Class,2015-05-14,22.32
7557,CA-2018-159506,955,336,135,2018-11-27,Standard Class,2018-12-02,158.28
7558,CA-2018-159506,897,336,135,2018-11-27,Standard Class,2018-12-02,497.94
7559,US-2015-137155,160,352,255,2015-11-01,Standard Class,2015-11-05,533.94
7560,US-2015-137155,965,352,255,2015-11-01,Standard Class,2015-11-05,167.94
7561,US-2015-137155,1227,352,255,2015-11-01,Standard Class,2015-11-05,31.68
7562,CA-2017-105746,2,206,208,2017-12-30,First Class,2018-01-01,170.786
7563,US-2017-104815,1639,263,27,2017-09-03,Standard Class,2017-09-07,198.744
7564,CA-2018-157672,686,177,77,2018-10-05,First Class,2018-10-07,63.824
7565,US-2017-166660,1350,622,6,2017-01-30,Second Class,2017-02-01,435.168
7566,US-2017-166660,1196,622,6,2017-01-30,Second Class,2017-02-01,48.58
7567,CA-2018-140802,85,472,33,2018-04-21,First Class,2018-04-23,47.976
7568,CA-2018-140802,1484,472,33,2018-04-21,First Class,2018-04-23,20.736
7569,CA-2015-133830,426,211,63,2015-12-05,Standard Class,2015-12-10,26.46
7570,CA-2015-133830,1636,211,63,2015-12-05,Standard Class,2015-12-10,49.12
7571,CA-2015-133830,660,211,63,2015-12-05,Standard Class,2015-12-10,15.0
7572,CA-2015-100916,42,396,389,2015-10-21,Standard Class,2015-10-26,194.7
7573,CA-2015-100916,1117,396,389,2015-10-21,Standard Class,2015-10-26,591.32
7574,CA-2015-100916,889,396,389,2015-10-21,Standard Class,2015-10-26,2.84
7575,CA-2016-129532,17,454,2,2016-12-08,Standard Class,2016-12-12,221.96
7576,CA-2016-129532,1014,454,2,2016-12-08,Standard Class,2016-12-12,236.0
7577,CA-2015-134726,918,407,61,2015-11-02,Second Class,2015-11-07,41.94
7578,CA-2015-134726,985,407,61,2015-11-02,Second Class,2015-11-07,52.792
7579,CA-2017-138597,500,44,199,2017-12-18,First Class,2017-12-21,563.94
7580,CA-2016-123113,1740,248,93,2016-11-23,Second Class,2016-11-27,2625.12
7581,CA-2016-123113,880,248,93,2016-11-23,Second Class,2016-11-27,17.94
7582,CA-2016-169656,719,720,106,2016-08-13,First Class,2016-08-16,422.856
7583,CA-2016-142734,57,665,24,2016-04-16,Standard Class,2016-04-21,127.764
7584,CA-2015-163223,1578,121,29,2015-03-21,Standard Class,2015-03-25,3499.93
7585,CA-2015-163223,1569,121,29,2015-03-21,Standard Class,2015-03-25,14.4
7586,CA-2015-163223,1128,121,29,2015-03-21,Standard Class,2015-03-25,122.97
7587,CA-2015-163223,373,121,29,2015-03-21,Standard Class,2015-03-25,9.32
7588,CA-2015-163223,801,121,29,2015-03-21,Standard Class,2015-03-25,122.94
7589,CA-2018-122945,1138,470,53,2018-11-16,Standard Class,2018-11-22,17.31
7590,CA-2016-139738,1244,730,229,2016-09-25,Standard Class,2016-09-29,128.744
7591,CA-2017-158778,75,204,64,2017-09-05,Standard Class,2017-09-09,58.248
7592,CA-2017-158778,65,204,64,2017-09-05,Standard Class,2017-09-09,71.246
7593,CA-2017-158778,966,204,64,2017-09-05,Standard Class,2017-09-09,7.872
7594,CA-2017-158778,775,204,64,2017-09-05,Standard Class,2017-09-09,887.271
7595,CA-2018-119655,543,611,152,2018-04-20,Standard Class,2018-04-24,146.86
7596,CA-2018-119655,625,611,152,2018-04-20,Standard Class,2018-04-24,36.56
7597,CA-2016-164567,540,137,26,2016-06-15,Standard Class,2016-06-19,225.576
7598,CA-2015-131947,1356,351,330,2015-09-17,Standard Class,2015-09-22,5.248
7599,CA-2015-131947,948,351,330,2015-09-17,Standard Class,2015-09-22,38.256
7600,CA-2015-131947,1604,351,330,2015-09-17,Standard Class,2015-09-22,40.24
7601,CA-2015-131947,1822,351,330,2015-09-17,Standard Class,2015-09-22,29.925
7602,CA-2015-131947,335,351,330,2015-09-17,Standard Class,2015-09-22,148.704
7603,CA-2015-131947,61,351,330,2015-09-17,Standard Class,2015-09-22,55.92
7604,CA-2017-152520,731,765,259,2017-07-08,Standard Class,2017-07-12,12.96
7605,CA-2017-101791,1479,575,37,2017-05-27,Standard Class,2017-05-31,25.176
7606,CA-2017-101791,771,575,37,2017-05-27,Standard Class,2017-05-31,5.584
7607,CA-2017-101791,735,575,37,2017-05-27,Standard Class,2017-05-31,1297.368
7608,CA-2018-121195,547,516,78,2018-12-24,First Class,2018-12-27,264.32
7609,CA-2018-163209,779,178,35,2018-05-03,Standard Class,2018-05-07,25.92
7610,CA-2018-163209,280,178,35,2018-05-03,Standard Class,2018-05-07,22.96
7611,CA-2015-133354,586,194,520,2015-02-22,First Class,2015-02-24,19.44
7612,US-2016-130491,1447,4,591,2016-02-08,First Class,2016-02-11,9.54
7613,US-2016-130491,196,4,591,2016-02-08,First Class,2016-02-11,5.81
7614,US-2016-130491,131,4,591,2016-02-08,First Class,2016-02-11,5.76
7615,CA-2016-113740,528,619,46,2016-08-24,Second Class,2016-08-28,14.91
7616,CA-2015-148425,1700,576,415,2015-11-30,Standard Class,2015-12-04,6.642
7617,CA-2017-144309,1287,633,290,2017-12-10,Standard Class,2017-12-16,18.54
7618,CA-2017-144309,14,633,290,2017-12-10,Standard Class,2017-12-16,679.96
7619,CA-2018-151225,11,488,4,2018-10-27,First Class,2018-10-29,189.576
7620,CA-2018-151225,1764,488,4,2018-10-27,First Class,2018-10-29,71.96
7621,US-2015-144078,234,580,26,2015-11-25,Standard Class,2015-11-29,539.92
7622,US-2015-144078,630,580,26,2015-11-25,Standard Class,2015-11-29,725.344
7623,US-2015-144078,1821,580,26,2015-11-25,Standard Class,2015-11-29,7.44
7624,CA-2015-124464,644,777,285,2015-07-14,Standard Class,2015-07-20,39.48
7625,CA-2016-136805,1142,135,152,2016-05-23,Second Class,2016-05-27,850.5
7626,CA-2016-136805,905,135,152,2016-05-23,Second Class,2016-05-27,75.33
7627,US-2016-159499,1528,314,52,2016-11-21,Second Class,2016-11-23,325.632
7628,US-2016-159499,1208,314,52,2016-11-21,Second Class,2016-11-23,23.344
7629,US-2016-159499,1009,314,52,2016-11-21,Second Class,2016-11-23,16.52
7630,CA-2015-162089,557,89,231,2015-03-30,First Class,2015-04-01,335.72
7631,CA-2015-162089,818,89,231,2015-03-30,First Class,2015-04-01,251.944
7632,CA-2015-162089,793,89,231,2015-03-30,First Class,2015-04-01,127.302
7633,US-2018-158526,292,348,176,2018-12-29,Second Class,2019-01-01,1207.84
7634,US-2018-158526,1096,348,176,2018-12-29,Second Class,2019-01-01,12.53
7635,US-2018-158526,1262,348,176,2018-12-29,Second Class,2019-01-01,34.58
7636,US-2018-158526,1497,348,176,2018-12-29,Second Class,2019-01-01,300.98
7637,US-2018-158526,867,348,176,2018-12-29,Second Class,2019-01-01,258.75
7638,CA-2018-104885,1501,588,285,2018-03-02,Standard Class,2018-03-08,59.52
7639,CA-2018-104885,1452,588,285,2018-03-02,Standard Class,2018-03-08,57.96
7640,CA-2018-104885,1488,588,285,2018-03-02,Standard Class,2018-03-08,441.96
7641,CA-2018-104885,1714,588,285,2018-03-02,Standard Class,2018-03-08,68.04
7642,US-2017-157490,1823,698,260,2017-10-06,First Class,2017-10-07,703.71
7643,US-2017-157490,529,698,260,2017-10-06,First Class,2017-10-07,17.904
7644,US-2017-157490,1231,698,260,2017-10-06,First Class,2017-10-07,11.976
7645,US-2017-157490,1618,698,260,2017-10-06,First Class,2017-10-07,67.96
7646,CA-2016-161452,874,663,2,2016-04-05,Standard Class,2016-04-11,892.224
7647,US-2015-115196,1783,352,254,2015-09-09,Standard Class,2015-09-13,1299.99
7648,CA-2017-138968,799,713,95,2017-03-15,First Class,2017-03-16,4.544
7649,CA-2017-138968,775,713,95,2017-03-15,First Class,2017-03-16,1352.032
7650,CA-2016-101889,739,107,368,2016-12-27,Standard Class,2016-12-31,1548.99
7651,CA-2016-101889,1452,107,368,2016-12-27,Standard Class,2016-12-31,19.872
7652,CA-2018-110821,101,238,177,2018-08-07,First Class,2018-08-08,119.448
7653,CA-2018-110821,236,238,177,2018-08-07,First Class,2018-08-08,118.16
7654,CA-2016-121552,1662,784,364,2016-03-22,Standard Class,2016-03-27,19.56
7655,CA-2016-107685,1703,623,122,2016-11-30,Second Class,2016-12-02,80.96
7656,CA-2016-107685,1466,623,122,2016-11-30,Second Class,2016-12-02,25.92
7657,US-2015-120740,651,29,14,2015-04-15,Same Day,2015-04-15,106.96
7658,US-2015-120740,268,29,14,2015-04-15,Same Day,2015-04-15,187.76
7659,CA-2018-155740,670,680,346,2018-07-30,First Class,2018-08-02,76.776
7660,CA-2018-146493,829,52,11,2018-06-01,Standard Class,2018-06-05,53.9
7661,CA-2015-105417,442,746,144,2015-01-07,Standard Class,2015-01-12,76.728
7662,CA-2015-105417,986,746,144,2015-01-07,Standard Class,2015-01-12,10.43
7663,US-2018-141509,1168,624,2,2018-09-29,First Class,2018-10-01,99.2
7664,CA-2018-139493,704,612,197,2018-09-13,Standard Class,2018-09-19,15.92
7665,CA-2015-151967,1526,631,193,2015-10-22,Standard Class,2015-10-26,129.92
7666,US-2017-140158,1000,661,259,2017-10-04,Standard Class,2017-10-08,30.4
7667,US-2017-140158,307,661,259,2017-10-04,Standard Class,2017-10-08,5399.91
7668,US-2017-140158,1717,661,259,2017-10-04,Standard Class,2017-10-08,119.1
7669,CA-2016-130974,579,16,289,2016-11-27,Second Class,2016-11-29,40.08
7670,CA-2016-130974,682,16,289,2016-11-27,Second Class,2016-11-29,59.94
7671,CA-2016-130974,1302,16,289,2016-11-27,Second Class,2016-11-29,259.98
7672,CA-2016-130974,1529,16,289,2016-11-27,Second Class,2016-11-29,170.98
7673,CA-2016-130974,1824,16,289,2016-11-27,Second Class,2016-11-29,38.97
7674,CA-2016-130974,1020,16,289,2016-11-27,Second Class,2016-11-29,154.9
7675,CA-2016-130974,899,16,289,2016-11-27,Second Class,2016-11-29,446.068
7676,CA-2018-133487,474,773,349,2018-05-06,Second Class,2018-05-09,152.94
7677,CA-2015-142951,1600,162,44,2015-10-08,Same Day,2015-10-08,23.472
7678,CA-2015-133592,1690,455,259,2015-12-31,Standard Class,2016-01-07,195.64
7679,CA-2015-133592,1026,455,259,2015-12-31,Standard Class,2016-01-07,14.94
7680,CA-2015-133592,696,455,259,2015-12-31,Standard Class,2016-01-07,1687.8
7681,CA-2015-133592,1058,455,259,2015-12-31,Standard Class,2016-01-07,341.96
7682,CA-2015-133592,39,455,259,2015-12-31,Standard Class,2016-01-07,605.88
7683,CA-2016-120782,1471,175,374,2016-04-28,First Class,2016-05-01,186.732
7684,CA-2016-120782,451,175,374,2016-04-28,First Class,2016-05-01,3812.97
7685,CA-2016-116876,1813,75,145,2016-02-14,Standard Class,2016-02-21,26.424
7686,CA-2016-116876,1719,75,145,2016-02-14,Standard Class,2016-02-21,625.99
7687,CA-2017-169838,617,180,31,2017-11-25,Standard Class,2017-11-29,1568.61
7688,CA-2017-169838,154,180,31,2017-11-25,Standard Class,2017-11-29,17.3
7689,CA-2017-169838,1825,180,31,2017-11-25,Standard Class,2017-11-29,160.0
7690,US-2018-128951,811,603,303,2018-07-15,First Class,2018-07-17,179.94
7691,US-2018-128951,310,603,303,2018-07-15,First Class,2018-07-17,872.94
7692,US-2018-128951,90,603,303,2018-07-15,First Class,2018-07-17,12.96
7693,CA-2015-102330,430,483,91,2015-12-29,Standard Class,2016-01-03,88.8
7694,CA-2015-102330,1279,483,91,2015-12-29,Standard Class,2016-01-03,319.968
7695,CA-2017-118899,1145,508,6,2017-03-22,Same Day,2017-03-22,167.888
7696,CA-2018-107958,448,572,67,2018-07-02,First Class,2018-07-05,163.96
7697,CA-2018-107958,1505,572,67,2018-07-02,First Class,2018-07-05,5.232
7698,CA-2018-151799,350,409,129,2018-12-14,Standard Class,2018-12-18,1199.98
7699,CA-2018-151799,236,409,129,2018-12-14,Standard Class,2018-12-18,73.85
7700,CA-2018-151799,1258,409,129,2018-12-14,Standard Class,2018-12-18,25.71
7701,CA-2018-151799,1580,409,129,2018-12-14,Standard Class,2018-12-18,17.28
7702,CA-2018-151799,216,409,129,2018-12-14,Standard Class,2018-12-18,526.582
7703,CA-2017-114601,821,5,152,2017-08-26,Standard Class,2017-09-02,11.56
7704,CA-2017-114601,600,5,152,2017-08-26,Standard Class,2017-09-02,209.97
7705,CA-2017-114601,824,5,152,2017-08-26,Standard Class,2017-09-02,447.84
7706,CA-2017-114601,332,5,152,2017-08-26,Standard Class,2017-09-02,479.97
7707,CA-2017-114601,672,5,152,2017-08-26,Standard Class,2017-09-02,8.64
7708,CA-2018-100237,1664,459,13,2018-10-15,Standard Class,2018-10-19,11.68
7709,CA-2015-139542,1618,700,75,2015-10-25,Standard Class,2015-10-29,40.776
7710,CA-2015-139542,339,700,75,2015-10-25,Standard Class,2015-10-29,13.698
7711,US-2016-142811,1514,140,155,2016-04-02,Standard Class,2016-04-07,87.8
7712,CA-2018-139353,1417,50,306,2018-10-28,Second Class,2018-10-30,77.952
7713,CA-2018-139353,197,50,306,2018-10-28,Second Class,2018-10-30,147.184
7714,CA-2018-139353,1786,50,306,2018-10-28,Second Class,2018-10-30,47.952
7715,CA-2015-150203,587,103,4,2015-12-05,First Class,2015-12-07,250.26
7716,US-2018-101518,1618,288,12,2018-11-03,Standard Class,2018-11-08,40.776
7717,CA-2016-149636,957,408,98,2016-01-06,Standard Class,2016-01-12,29.6
7718,CA-2016-149636,508,408,98,2016-01-06,Standard Class,2016-01-12,1.938
7719,US-2018-146213,1228,205,4,2018-09-09,Standard Class,2018-09-14,159.96
7720,CA-2016-108588,1501,411,30,2016-01-05,Standard Class,2016-01-10,59.52
7721,CA-2016-108588,756,411,30,2016-01-05,Standard Class,2016-01-10,17.48
7722,CA-2016-108588,1264,411,30,2016-01-05,Standard Class,2016-01-10,13.168
7723,US-2018-138086,1826,271,10,2018-04-16,Standard Class,2018-04-20,40.74
7724,CA-2016-139374,1190,754,111,2016-09-10,Standard Class,2016-09-14,179.886
7725,CA-2017-113978,848,701,178,2017-09-25,Standard Class,2017-09-29,286.256
7726,CA-2017-113978,465,701,178,2017-09-25,Standard Class,2017-09-29,24.224
7727,CA-2017-113978,943,701,178,2017-09-25,Standard Class,2017-09-29,331.536
7728,US-2016-150231,1664,83,30,2016-03-16,Second Class,2016-03-20,17.52
7729,CA-2017-106915,797,655,294,2017-11-26,Standard Class,2017-12-02,17.856
7730,US-2017-109260,1333,185,394,2017-09-26,Standard Class,2017-10-01,431.976
7731,CA-2018-104850,1210,70,6,2018-06-13,Standard Class,2018-06-19,291.136
7732,CA-2018-140508,82,51,78,2018-09-18,First Class,2018-09-21,114.848
7733,CA-2018-143294,579,480,33,2018-06-02,Standard Class,2018-06-08,10.688
7734,CA-2017-165673,1394,439,158,2017-05-15,Second Class,2017-05-19,15.232
7735,CA-2018-134418,155,422,6,2018-09-15,Standard Class,2018-09-20,12.42
7736,US-2017-106313,681,376,60,2017-08-22,Standard Class,2017-08-26,19.44
7737,CA-2015-105872,716,507,24,2015-05-30,Standard Class,2015-06-06,70.368
7738,CA-2018-108287,1040,744,44,2018-12-18,First Class,2018-12-20,12.672
7739,CA-2018-141103,832,283,308,2018-07-30,Standard Class,2018-08-06,89.95
7740,CA-2015-154781,1129,650,95,2015-11-21,Standard Class,2015-11-26,6.58
7741,CA-2015-154781,1524,650,95,2015-11-21,Standard Class,2015-11-26,94.99
7742,CA-2016-147816,1514,620,116,2016-09-24,Second Class,2016-09-26,35.12
7743,CA-2018-105326,989,410,2,2018-08-20,Standard Class,2018-08-27,25.92
7744,CA-2017-133613,1407,292,505,2017-06-17,Standard Class,2017-06-22,7.96
7745,CA-2017-133613,868,292,505,2017-06-17,Standard Class,2017-06-22,566.97
7746,CA-2017-133613,951,292,505,2017-06-17,Standard Class,2017-06-22,9.84
7747,CA-2016-109113,789,736,27,2016-12-19,Standard Class,2016-12-23,25.488
7748,CA-2016-156153,243,195,255,2016-05-31,Second Class,2016-06-02,7.56
7749,CA-2016-133242,1493,169,102,2016-06-18,Standard Class,2016-06-24,60.84
7750,CA-2016-133242,907,169,102,2016-06-18,Standard Class,2016-06-24,450.04
7751,CA-2016-133242,154,169,102,2016-06-18,Standard Class,2016-06-24,34.6
7752,CA-2016-133242,496,169,102,2016-06-18,Standard Class,2016-06-24,467.97
7753,CA-2016-133242,730,169,102,2016-06-18,Standard Class,2016-06-24,33.02
7754,CA-2016-158323,1446,449,223,2016-11-30,First Class,2016-12-03,17.088
7755,CA-2016-161795,869,341,48,2016-12-21,Second Class,2016-12-23,3.008
7756,CA-2018-100902,1827,243,44,2018-11-17,Standard Class,2018-11-21,268.24
7757,CA-2018-100902,620,243,44,2018-11-17,Standard Class,2018-11-21,431.16
7758,CA-2018-112844,48,408,250,2018-11-13,Second Class,2018-11-16,43.6
7759,CA-2018-112844,1705,408,250,2018-11-13,Second Class,2018-11-16,154.95
7760,CA-2017-158925,935,688,17,2017-10-24,Standard Class,2017-10-28,15.552
7761,CA-2015-155390,955,768,32,2015-12-06,Standard Class,2015-12-11,42.208
7762,CA-2018-123071,1152,143,302,2018-12-03,First Class,2018-12-06,10.368
7763,CA-2018-156391,1062,360,161,2018-09-26,First Class,2018-09-28,2.224
7764,CA-2016-103093,1452,384,113,2016-02-03,Standard Class,2016-02-07,74.52
7765,US-2018-118941,513,180,210,2018-08-12,Same Day,2018-08-12,17.52
7766,US-2018-118941,407,180,210,2018-08-12,Same Day,2018-08-12,1779.9
7767,US-2018-118941,400,180,210,2018-08-12,Same Day,2018-08-12,219.9
7768,CA-2016-169299,80,158,41,2016-08-24,First Class,2016-08-26,7.152
7769,CA-2018-154088,653,446,394,2018-11-12,Standard Class,2018-11-17,26.72
7770,CA-2017-155978,1149,132,216,2017-08-01,Same Day,2017-08-01,1039.728
7771,CA-2017-155978,10,132,216,2017-08-01,Same Day,2017-08-01,45.96
7772,CA-2017-108196,693,474,403,2017-11-25,Standard Class,2017-12-02,456.588
7773,CA-2017-108196,1498,474,403,2017-11-25,Standard Class,2017-12-02,4499.985
7774,CA-2017-108196,1828,474,403,2017-11-25,Standard Class,2017-12-02,59.976
7775,CA-2017-152800,30,728,10,2017-04-13,First Class,2017-04-15,6.12
7776,CA-2015-166961,1645,523,520,2015-12-27,Standard Class,2015-12-31,10.98
7777,CA-2015-166961,1712,523,520,2015-12-27,Standard Class,2015-12-31,7.86
7778,CA-2015-166961,457,523,520,2015-12-27,Standard Class,2015-12-31,51.45
7779,CA-2015-166961,1088,523,520,2015-12-27,Standard Class,2015-12-31,37.056
7780,CA-2017-139381,474,168,337,2017-04-18,Standard Class,2017-04-22,203.92
7781,CA-2017-139381,1180,168,337,2017-04-18,Standard Class,2017-04-22,29.56
7782,CA-2016-132136,277,384,37,2016-03-08,Standard Class,2016-03-12,8.568
7783,CA-2017-162236,87,46,44,2017-11-04,Second Class,2017-11-06,45.248
7784,CA-2017-162236,278,46,44,2017-11-04,Second Class,2017-11-06,876.3
7785,CA-2017-162236,414,46,44,2017-11-04,Second Class,2017-11-06,185.376
7786,US-2015-111353,50,172,30,2015-11-29,Standard Class,2015-12-06,25.06
7787,US-2017-117037,1785,561,156,2017-05-17,First Class,2017-05-20,2.89
7788,US-2017-117037,1322,561,156,2017-05-17,First Class,2017-05-20,7.896
7789,US-2017-117037,1156,561,156,2017-05-17,First Class,2017-05-20,22.608
7790,US-2017-117037,1447,561,156,2017-05-17,First Class,2017-05-20,30.528
7791,CA-2018-160801,637,436,75,2018-09-19,Same Day,2018-09-19,4.842
7792,CA-2017-108364,752,772,37,2017-12-19,Standard Class,2017-12-24,1.8
7793,CA-2018-169362,607,134,163,2018-10-12,First Class,2018-10-15,39.984
7794,CA-2016-127481,330,64,122,2016-12-12,Second Class,2016-12-15,32.4
7795,CA-2016-127481,127,64,122,2016-12-12,Second Class,2016-12-15,97.88
7796,CA-2016-112711,1486,249,140,2016-07-12,Standard Class,2016-07-18,307.168
7797,US-2016-145121,62,173,264,2016-10-02,Standard Class,2016-10-06,26.9
7798,CA-2018-166184,1359,404,46,2018-03-24,First Class,2018-03-27,47.01
7799,CA-2018-166184,1148,404,46,2018-03-24,First Class,2018-03-27,469.99
7800,CA-2018-166184,390,404,46,2018-03-24,First Class,2018-03-27,207.846
7801,CA-2018-157413,274,769,75,2018-06-01,Standard Class,2018-06-06,324.744
7802,CA-2015-143637,1703,385,253,2015-03-24,Second Class,2015-03-29,40.48
7803,CA-2016-102260,1172,320,79,2016-09-22,Standard Class,2016-09-26,12.0
7804,CA-2016-102260,907,320,79,2016-09-22,Standard Class,2016-09-26,720.064
7805,CA-2016-102260,968,320,79,2016-09-22,Standard Class,2016-09-26,25.424
7806,CA-2016-102260,1040,320,79,2016-09-22,Standard Class,2016-09-26,2.816
7807,CA-2016-102260,962,320,79,2016-09-22,Standard Class,2016-09-26,3.204
7808,US-2017-137295,909,746,314,2017-01-08,Standard Class,2017-01-13,30.828
7809,US-2017-137295,1042,746,314,2017-01-08,Standard Class,2017-01-13,47.616
7810,US-2017-137295,1788,746,314,2017-01-08,Standard Class,2017-01-13,108.784
7811,CA-2017-134334,1447,55,235,2017-02-14,First Class,2017-02-15,4.77
7812,CA-2017-134334,1597,55,235,2017-02-14,First Class,2017-02-15,7.98
7813,CA-2017-134334,737,55,235,2017-02-14,First Class,2017-02-15,550.431
7814,CA-2017-134334,248,55,235,2017-02-14,First Class,2017-02-15,10.56
7815,US-2018-109316,27,68,14,2018-06-08,First Class,2018-06-10,1497.666
7816,US-2018-109316,851,68,14,2018-06-08,First Class,2018-06-10,17.52
7817,CA-2017-138478,979,504,283,2017-10-21,Second Class,2017-10-26,113.22
7818,CA-2017-138478,1777,504,283,2017-10-21,Second Class,2017-10-26,35.88
7819,CA-2017-138478,1626,504,283,2017-10-21,Second Class,2017-10-26,4535.976
7820,CA-2018-150469,1085,171,10,2018-01-26,Standard Class,2018-01-30,11.84
7821,CA-2018-152436,596,195,481,2018-12-08,Second Class,2018-12-10,592.74
7822,CA-2017-169334,1019,544,280,2017-10-21,Second Class,2017-10-24,111.672
7823,US-2015-115413,1008,453,285,2015-08-26,Standard Class,2015-09-01,8.64
7824,US-2015-115413,1234,453,285,2015-08-26,Standard Class,2015-09-01,149.97
7825,CA-2015-125150,1341,464,2,2015-05-16,Standard Class,2015-05-23,232.88
7826,CA-2016-127327,39,464,498,2016-02-03,Standard Class,2016-02-07,90.882
7827,CA-2018-117114,560,389,27,2018-10-31,Standard Class,2018-11-05,508.768
7828,CA-2018-117114,319,389,27,2018-10-31,Standard Class,2018-11-05,9.912
7829,CA-2016-137302,1392,309,189,2016-04-26,Standard Class,2016-05-01,63.936
7830,CA-2016-137302,398,309,189,2016-04-26,Standard Class,2016-05-01,59.52
7831,CA-2016-137302,1766,309,189,2016-04-26,Standard Class,2016-05-01,311.976
7832,CA-2016-137302,302,309,189,2016-04-26,Standard Class,2016-05-01,50.352
7833,CA-2017-112382,180,470,67,2017-05-09,Standard Class,2017-05-13,19.136
7834,CA-2016-128958,347,737,582,2016-01-24,Standard Class,2016-01-28,13.12
7835,CA-2016-106257,1001,687,63,2016-04-13,Second Class,2016-04-17,241.568
7836,CA-2016-106257,717,687,63,2016-04-13,Second Class,2016-04-17,479.92
7837,CA-2016-149083,993,65,6,2016-09-25,Standard Class,2016-09-30,307.136
7838,CA-2016-149083,1622,65,6,2016-09-25,Standard Class,2016-09-30,12.6
7839,CA-2016-149083,429,65,6,2016-09-25,Standard Class,2016-09-30,159.98
7840,US-2015-137869,30,611,194,2015-03-28,Standard Class,2015-04-02,6.12
7841,US-2015-137869,1235,611,194,2015-03-28,Standard Class,2015-04-02,1184.72
7842,CA-2017-116603,10,248,24,2017-07-17,Standard Class,2017-07-22,45.96
7843,CA-2015-158470,613,370,102,2015-04-19,Second Class,2015-04-23,58.05
7844,CA-2015-158470,56,370,102,2015-04-19,Second Class,2015-04-23,71.28
7845,US-2018-123834,973,422,425,2018-07-21,Standard Class,2018-07-25,124.404
7846,CA-2016-125976,1031,524,102,2016-09-27,Standard Class,2016-10-02,154.9
7847,CA-2016-125976,496,524,102,2016-09-27,Standard Class,2016-10-02,1871.88
7848,CA-2017-128706,1654,387,33,2017-02-27,Standard Class,2017-03-02,16.192
7849,CA-2017-104311,1556,549,274,2017-05-02,Standard Class,2017-05-06,18.936
7850,CA-2017-104311,1506,549,274,2017-05-02,Standard Class,2017-05-06,12.672
7851,CA-2017-104311,841,549,274,2017-05-02,Standard Class,2017-05-06,5.04
7852,CA-2015-169649,1715,132,156,2015-12-09,Standard Class,2015-12-15,8.448
7853,CA-2015-169649,544,132,156,2015-12-09,Standard Class,2015-12-15,20.388
7854,CA-2016-144890,1051,599,14,2016-12-25,Standard Class,2016-12-29,9.96
7855,CA-2018-135587,1318,4,501,2018-12-07,Standard Class,2018-12-12,320.64
7856,CA-2018-135587,198,4,501,2018-12-07,Standard Class,2018-12-12,52.0
7857,CA-2015-103429,1400,430,24,2015-05-30,First Class,2015-06-01,25.584
7858,CA-2015-103429,919,430,24,2015-05-30,First Class,2015-06-01,464.0
7859,CA-2015-103429,1153,430,24,2015-05-30,First Class,2015-06-01,235.95
7860,CA-2015-103429,992,430,24,2015-05-30,First Class,2015-06-01,39.96
7861,CA-2018-152261,1088,351,243,2018-03-02,Standard Class,2018-03-06,18.528
7862,CA-2016-142993,1045,568,6,2016-10-12,Standard Class,2016-10-17,17.9
7863,CA-2016-142993,357,568,6,2016-10-12,Standard Class,2016-10-17,81.96
7864,CA-2016-143364,419,593,155,2016-07-14,Second Class,2016-07-19,272.736
7865,CA-2016-143364,1829,593,155,2016-07-14,Second Class,2016-07-19,18.496
7866,CA-2016-143364,158,593,155,2016-07-14,Second Class,2016-07-19,441.92
7867,CA-2016-143364,1545,593,155,2016-07-14,Second Class,2016-07-19,127.764
7868,CA-2015-100972,448,749,363,2015-11-19,Second Class,2015-11-24,166.44
7869,CA-2017-136994,1071,202,63,2017-05-27,Standard Class,2017-06-02,13.38
7870,US-2018-166233,47,658,223,2018-07-03,Standard Class,2018-07-09,24.0
7871,CA-2018-122112,662,663,346,2018-09-25,Standard Class,2018-09-29,24.448
7872,CA-2017-101672,642,627,547,2017-10-03,Standard Class,2017-10-07,6.16
7873,CA-2017-101672,121,627,547,2017-10-03,Standard Class,2017-10-07,915.136
7874,CA-2017-101672,1533,627,547,2017-10-03,Standard Class,2017-10-07,8.56
7875,CA-2017-101672,1185,627,547,2017-10-03,Standard Class,2017-10-07,97.82
7876,CA-2018-168403,330,461,41,2018-09-09,Standard Class,2018-09-15,31.104
7877,CA-2018-168403,1804,461,41,2018-09-09,Standard Class,2018-09-15,11.176
7878,CA-2016-148705,1043,433,44,2016-03-12,Standard Class,2016-03-18,5.04
7879,CA-2017-160241,1815,661,174,2017-11-29,Second Class,2017-12-04,242.176
7880,CA-2017-155747,1661,41,12,2017-06-14,Standard Class,2017-06-21,337.176
7881,CA-2018-118017,450,49,461,2018-12-03,Second Class,2018-12-06,13.344
7882,CA-2018-118017,1098,49,461,2018-12-03,Second Class,2018-12-06,76.752
7883,CA-2018-118017,1098,49,461,2018-12-03,Second Class,2018-12-06,102.336
7884,CA-2018-118017,1409,49,461,2018-12-03,Second Class,2018-12-06,10.32
7885,CA-2018-118017,1567,49,461,2018-12-03,Second Class,2018-12-06,47.32
7886,CA-2018-118017,222,49,461,2018-12-03,Second Class,2018-12-06,23.376
7887,CA-2018-118017,1007,49,461,2018-12-03,Second Class,2018-12-06,16.72
7888,CA-2018-118017,1654,49,461,2018-12-03,Second Class,2018-12-06,16.192
7889,CA-2017-113117,713,188,594,2017-08-16,Standard Class,2017-08-22,32.4
7890,CA-2017-148684,454,773,146,2017-12-25,Standard Class,2017-12-29,19.89
7891,CA-2017-148684,652,773,146,2017-12-25,Standard Class,2017-12-29,399.98
7892,CA-2017-148684,569,773,146,2017-12-25,Standard Class,2017-12-29,343.85
7893,CA-2017-148684,1734,773,146,2017-12-25,Standard Class,2017-12-29,106.32
7894,CA-2018-125367,327,135,165,2018-07-23,Standard Class,2018-07-30,13.92
7895,CA-2018-124744,92,259,595,2018-06-21,Standard Class,2018-06-25,82.4
7896,CA-2018-124744,745,259,595,2018-06-21,Standard Class,2018-06-25,6.24
7897,CA-2018-124744,315,259,595,2018-06-21,Standard Class,2018-06-25,447.84
7898,CA-2018-128363,536,420,32,2018-08-13,Standard Class,2018-08-18,272.048
7899,CA-2018-128363,1177,420,32,2018-08-13,Standard Class,2018-08-18,1614.582
7900,CA-2018-128363,830,420,32,2018-08-13,Standard Class,2018-08-18,24.32
7901,CA-2018-128363,1426,420,32,2018-08-13,Standard Class,2018-08-18,1.584
7902,CA-2018-128363,893,420,32,2018-08-13,Standard Class,2018-08-18,31.984
7903,CA-2018-128363,437,420,32,2018-08-13,Standard Class,2018-08-18,14.76
7904,CA-2018-128363,1803,420,32,2018-08-13,Standard Class,2018-08-18,423.648
7905,CA-2016-126669,1053,771,67,2016-11-07,Standard Class,2016-11-13,76.64
7906,US-2016-118766,408,61,163,2016-10-15,Standard Class,2016-10-22,4.464
7907,US-2016-118766,923,61,163,2016-10-15,Standard Class,2016-10-22,3.96
7908,CA-2017-112585,848,339,35,2017-07-30,First Class,2017-08-02,715.64
7909,CA-2017-149762,824,743,596,2017-12-03,Standard Class,2017-12-07,268.704
7910,CA-2017-149762,449,743,596,2017-12-03,Standard Class,2017-12-07,21.92
7911,CA-2017-149762,721,743,596,2017-12-03,Standard Class,2017-12-07,48.72
7912,CA-2017-149762,431,743,596,2017-12-03,Standard Class,2017-12-07,205.666
7913,CA-2017-167605,768,263,586,2017-04-28,Second Class,2017-04-30,30.344
7914,US-2018-105697,1230,556,178,2018-08-25,First Class,2018-08-27,25.696
7915,CA-2018-165323,1830,257,24,2018-06-17,Standard Class,2018-06-21,3404.5
7916,CA-2018-165323,1736,257,24,2018-06-17,Standard Class,2018-06-21,101.34
7917,CA-2016-110891,813,286,12,2016-11-20,Standard Class,2016-11-24,344.372
7918,CA-2018-100783,109,452,211,2018-09-04,Second Class,2018-09-08,30.384
7919,CA-2016-152513,277,656,143,2016-07-04,Second Class,2016-07-08,22.848
7920,CA-2018-139822,1221,657,505,2018-09-15,Standard Class,2018-09-21,38.62
7921,CA-2018-139822,1601,657,505,2018-09-15,Standard Class,2018-09-21,59.98
7922,CA-2018-107713,921,678,210,2018-03-13,Standard Class,2018-03-17,174.3
7923,CA-2018-134096,1486,453,475,2018-09-24,Standard Class,2018-09-29,383.96
7924,CA-2018-134096,154,453,475,2018-09-24,Standard Class,2018-09-29,15.57
7925,CA-2017-125843,79,168,29,2017-08-13,First Class,2017-08-16,22.32
7926,CA-2017-125843,430,168,29,2017-08-13,First Class,2017-08-16,103.6
7927,CA-2018-120404,1431,543,46,2018-11-20,Second Class,2018-11-24,2.97
7928,CA-2018-120404,433,543,46,2018-11-20,Second Class,2018-11-24,569.99
7929,CA-2018-120404,1794,543,46,2018-11-20,Second Class,2018-11-24,50.97
7930,CA-2018-167549,1170,774,163,2018-07-25,First Class,2018-07-27,298.116
7931,CA-2017-120082,1042,461,24,2017-03-25,Second Class,2017-03-27,59.52
7932,US-2017-168095,371,467,41,2017-07-15,Standard Class,2017-07-20,230.28
7933,US-2017-168095,955,467,41,2017-07-15,Standard Class,2017-07-20,105.52
7934,CA-2018-166093,1041,460,91,2018-08-17,Standard Class,2018-08-24,23.36
7935,CA-2018-166093,994,460,91,2018-08-17,Standard Class,2018-08-24,71.976
7936,CA-2018-166093,1118,460,91,2018-08-17,Standard Class,2018-08-24,8.56
7937,CA-2018-166093,1459,460,91,2018-08-17,Standard Class,2018-08-24,13.92
7938,CA-2018-166093,138,460,91,2018-08-17,Standard Class,2018-08-24,2518.29
7939,CA-2018-166093,735,460,91,2018-08-17,Standard Class,2018-08-24,540.57
7940,CA-2018-166093,656,460,91,2018-08-17,Standard Class,2018-08-24,221.056
7941,CA-2017-146325,65,104,89,2017-12-14,First Class,2017-12-17,81.424
7942,CA-2017-146325,147,104,89,2017-12-14,First Class,2017-12-17,134.8
7943,CA-2018-134194,716,316,177,2018-12-25,Standard Class,2019-01-01,39.582
7944,CA-2018-134194,1445,316,177,2018-12-25,Standard Class,2019-01-01,44.688
7945,CA-2018-134194,1501,316,177,2018-12-25,Standard Class,2019-01-01,31.744
7946,CA-2018-134194,801,316,177,2018-12-25,Standard Class,2019-01-01,40.98
7947,CA-2018-134194,1086,316,177,2018-12-25,Standard Class,2019-01-01,3.168
7948,CA-2015-131009,1218,619,294,2015-03-01,Standard Class,2015-03-05,18.84
7949,CA-2015-131009,867,619,294,2015-03-01,Standard Class,2015-03-05,362.25
7950,CA-2015-131009,751,619,294,2015-03-01,Standard Class,2015-03-05,63.552
7951,CA-2015-131009,399,619,294,2015-03-01,Standard Class,2015-03-05,129.552
7952,CA-2016-145814,1391,45,46,2016-11-19,Standard Class,2016-11-24,5.984
7953,CA-2016-145814,884,45,46,2016-11-19,Standard Class,2016-11-24,861.76
7954,CA-2015-138359,1765,543,442,2015-04-01,Standard Class,2015-04-06,66.96
7955,CA-2015-138359,745,543,442,2015-04-01,Standard Class,2015-04-06,6.24
7956,CA-2018-131807,1350,56,549,2018-10-05,Standard Class,2018-10-10,435.168
7957,CA-2018-131807,128,56,549,2018-10-05,Standard Class,2018-10-10,14.9
7958,CA-2018-131807,1684,56,549,2018-10-05,Standard Class,2018-10-10,15.8
7959,CA-2018-131807,1475,56,549,2018-10-05,Standard Class,2018-10-10,72.9
7960,CA-2018-131807,839,56,549,2018-10-05,Standard Class,2018-10-10,206.352
7961,CA-2018-131807,313,56,549,2018-10-05,Standard Class,2018-10-10,7.992
7962,CA-2018-104864,1513,41,474,2018-11-18,Second Class,2018-11-23,81.36
7963,CA-2018-104864,675,41,474,2018-11-18,Second Class,2018-11-23,20.232
7964,CA-2018-104864,167,41,474,2018-11-18,Second Class,2018-11-23,389.056
7965,CA-2018-104864,1517,41,474,2018-11-18,Second Class,2018-11-23,20.736
7966,CA-2018-104864,1166,41,474,2018-11-18,Second Class,2018-11-23,41.472
7967,CA-2016-138219,1306,163,14,2016-03-23,Standard Class,2016-03-30,33.36
7968,CA-2017-157707,1831,567,77,2017-10-10,First Class,2017-10-12,90.882
7969,CA-2017-157707,1731,567,77,2017-10-10,First Class,2017-10-12,15.992
7970,CA-2017-157707,532,567,77,2017-10-10,First Class,2017-10-12,120.784
7971,US-2016-126753,1016,134,64,2016-08-16,Standard Class,2016-08-20,519.792
7972,US-2016-126753,1422,134,64,2016-08-16,Standard Class,2016-08-20,31.176
7973,US-2016-126753,1291,134,64,2016-08-16,Standard Class,2016-08-20,10.368
7974,US-2016-126753,110,134,64,2016-08-16,Standard Class,2016-08-20,2.724
7975,US-2016-126753,1061,134,64,2016-08-16,Standard Class,2016-08-20,254.352
7976,US-2016-126753,808,134,64,2016-08-16,Standard Class,2016-08-20,3.762
7977,US-2016-126753,1013,134,64,2016-08-16,Standard Class,2016-08-20,10.272
7978,CA-2015-166051,421,601,130,2015-05-31,Standard Class,2015-06-05,659.97
7979,CA-2015-166051,530,601,130,2015-05-31,Standard Class,2015-06-05,113.73
7980,CA-2016-113040,1207,386,63,2016-08-27,Standard Class,2016-08-31,5.104
7981,CA-2015-103800,1537,25,15,2015-01-03,Standard Class,2015-01-07,16.448
7982,CA-2015-113383,565,12,597,2015-09-10,First Class,2015-09-13,81.92
7983,CA-2015-113383,1155,12,597,2015-09-10,First Class,2015-09-13,254.9
7984,CA-2018-152499,1229,554,37,2018-01-22,Second Class,2018-01-25,15.12
7985,CA-2018-152499,1610,554,37,2018-01-22,Second Class,2018-01-25,7.872
7986,CA-2017-151498,256,36,61,2017-04-21,First Class,2017-04-24,8.32
7987,CA-2017-137939,832,308,255,2017-07-20,Second Class,2017-07-23,89.95
7988,US-2017-117793,1622,16,598,2017-08-23,Standard Class,2017-08-29,25.2
7989,US-2017-117793,1587,16,598,2017-08-23,Standard Class,2017-08-29,37.59
7990,US-2017-117793,329,16,598,2017-08-23,Standard Class,2017-08-29,14.97
7991,US-2017-117793,1431,16,598,2017-08-23,Standard Class,2017-08-29,1.98
7992,CA-2017-133872,1198,719,220,2017-06-14,First Class,2017-06-17,39.936
7993,CA-2017-133872,1576,719,220,2017-06-14,First Class,2017-06-17,18.464
7994,US-2016-165743,305,515,43,2016-11-20,Second Class,2016-11-23,4.896
7995,US-2016-165743,318,515,43,2016-11-20,Second Class,2016-11-23,145.764
7996,US-2016-165743,952,515,43,2016-11-20,Second Class,2016-11-23,9.612
7997,US-2018-105998,241,616,89,2018-11-03,First Class,2018-11-05,199.75
7998,US-2018-105998,617,616,89,2018-11-03,First Class,2018-11-05,1673.184
7999,US-2015-148194,853,741,60,2015-05-04,First Class,2015-05-07,12.18
8000,US-2015-148194,337,741,60,2015-05-04,First Class,2015-05-07,57.68
8001,US-2016-151407,782,362,445,2016-11-08,Standard Class,2016-11-12,263.96
8002,CA-2016-110870,1136,31,4,2016-12-12,First Class,2016-12-15,299.94
8003,CA-2016-110870,328,31,4,2016-12-12,First Class,2016-12-15,25.76
8004,CA-2015-143210,1624,732,112,2015-12-01,First Class,2015-12-03,271.9
8005,CA-2015-143210,678,732,112,2015-12-01,First Class,2015-12-03,45.84
8006,CA-2015-143210,876,732,112,2015-12-01,First Class,2015-12-03,9.82
8007,CA-2017-139808,1507,499,160,2017-10-07,Standard Class,2017-10-11,93.36
8008,CA-2016-110863,274,732,336,2016-11-17,Standard Class,2016-11-24,541.24
8009,CA-2016-110863,259,732,336,2016-11-17,Standard Class,2016-11-24,106.32
8010,CA-2016-110863,1803,732,336,2016-11-17,Standard Class,2016-11-24,1323.9
8011,CA-2015-127859,955,426,64,2015-03-17,Second Class,2015-03-20,126.624
8012,US-2016-136427,1805,595,43,2016-06-20,First Class,2016-06-23,125.944
8013,CA-2018-120168,897,578,30,2018-05-25,Same Day,2018-05-25,663.92
8014,CA-2018-120168,47,578,30,2018-05-25,Same Day,2018-05-25,120.0
8015,CA-2018-120168,1322,578,30,2018-05-25,Same Day,2018-05-25,3.29
8016,CA-2018-120168,546,578,30,2018-05-25,Same Day,2018-05-25,18.84
8017,US-2015-131870,1309,377,403,2015-09-09,First Class,2015-09-11,60.672
8018,US-2015-131870,1006,377,403,2015-09-09,First Class,2015-09-11,30.816
8019,CA-2018-114804,195,293,590,2018-10-17,Second Class,2018-10-19,52.792
8020,CA-2018-167227,1613,74,358,2018-11-02,First Class,2018-11-05,83.9
8021,CA-2018-167227,1018,74,358,2018-11-02,First Class,2018-11-05,11.76
8022,CA-2015-129189,1253,448,163,2015-07-21,Standard Class,2015-07-25,4.992
8023,CA-2015-129189,1665,448,163,2015-07-21,Standard Class,2015-07-25,87.92
8024,CA-2015-129189,500,448,163,2015-07-21,Standard Class,2015-07-25,657.93
8025,CA-2015-129189,1582,448,163,2015-07-21,Standard Class,2015-07-25,1.044
8026,CA-2016-132465,1806,761,46,2016-09-11,Second Class,2016-09-15,210.68
8027,CA-2016-132465,1820,761,46,2016-09-11,Second Class,2016-09-15,78.8
8028,CA-2016-132465,85,761,46,2016-09-11,Second Class,2016-09-15,19.99
8029,CA-2016-132465,1663,761,46,2016-09-11,Second Class,2016-09-15,772.68
8030,CA-2017-166373,177,536,66,2017-10-21,Standard Class,2017-10-25,106.08
8031,CA-2017-158806,1007,393,140,2017-01-07,Standard Class,2017-01-11,23.076
8032,CA-2017-158806,748,393,140,2017-01-07,Standard Class,2017-01-11,25.92
8033,CA-2016-119690,682,598,17,2016-06-25,First Class,2016-06-28,47.952
8034,CA-2016-119690,1700,598,17,2016-06-25,First Class,2016-06-28,0.984
8035,CA-2016-119690,1378,598,17,2016-06-25,First Class,2016-06-28,75.384
8036,CA-2016-119690,746,598,17,2016-06-25,First Class,2016-06-28,4.608
8037,CA-2016-153738,1376,9,129,2016-09-20,First Class,2016-09-22,37.68
8038,CA-2018-169012,1804,668,113,2018-07-10,Standard Class,2018-07-14,41.91
8039,CA-2018-109393,1107,548,4,2018-06-30,Second Class,2018-07-02,435.999
8040,CA-2018-121489,168,699,61,2018-08-21,Second Class,2018-08-25,388.704
8041,CA-2018-121489,622,699,61,2018-08-21,Second Class,2018-08-25,572.58
8042,CA-2018-121489,1351,699,61,2018-08-21,Second Class,2018-08-25,33.18
8043,US-2018-133081,405,392,565,2018-03-11,Standard Class,2018-03-15,63.88
8044,US-2018-133081,1832,392,565,2018-03-11,Standard Class,2018-03-15,26.72
8045,CA-2018-165008,103,771,363,2018-09-15,Second Class,2018-09-17,295.056
8046,CA-2017-145611,1153,457,46,2017-09-20,Standard Class,2017-09-24,393.25
8047,CA-2017-113600,1700,130,243,2017-12-15,Second Class,2017-12-17,2.214
8048,CA-2018-130834,988,595,125,2018-11-03,Second Class,2018-11-06,16.272
8049,CA-2017-168543,1726,159,46,2017-07-03,Standard Class,2017-07-07,706.86
8050,CA-2015-144974,123,783,12,2015-09-26,Standard Class,2015-09-30,5.97
8051,CA-2015-144974,751,783,12,2015-09-26,Standard Class,2015-09-30,21.184
8052,CA-2015-144974,23,783,12,2015-09-26,Standard Class,2015-09-30,41.376
8053,CA-2015-109904,880,542,30,2015-07-14,Second Class,2015-07-17,17.94
8054,CA-2018-152205,609,246,64,2018-09-28,Standard Class,2018-10-05,2.655
8055,CA-2016-121188,519,91,14,2016-08-28,Standard Class,2016-09-04,892.35
8056,CA-2016-121188,200,91,14,2016-08-28,Standard Class,2016-09-04,307.666
8057,CA-2016-121188,460,91,14,2016-08-28,Standard Class,2016-09-04,728.82
8058,CA-2016-121188,1340,91,14,2016-08-28,Standard Class,2016-09-04,41.36
8059,CA-2016-121188,832,91,14,2016-08-28,Standard Class,2016-09-04,43.176
8060,CA-2016-121188,1036,91,14,2016-08-28,Standard Class,2016-09-04,4.16
8061,CA-2016-156013,315,569,255,2016-09-20,Standard Class,2016-09-26,61.4
8062,CA-2016-156013,1330,569,255,2016-09-20,Standard Class,2016-09-26,24.448
8063,CA-2017-132997,507,561,145,2017-11-07,First Class,2017-11-09,263.96
8064,CA-2017-132997,1212,561,145,2017-11-07,First Class,2017-11-09,359.97
8065,CA-2017-132997,1348,561,145,2017-11-07,First Class,2017-11-09,12.96
8066,CA-2017-132997,42,561,145,2017-11-07,First Class,2017-11-09,116.82
8067,CA-2017-132997,1592,561,145,2017-11-07,First Class,2017-11-09,276.784
8068,US-2016-160563,429,375,10,2016-10-20,Standard Class,2016-10-24,239.97
8069,US-2016-160563,1566,375,10,2016-10-20,Standard Class,2016-10-24,16.02
8070,CA-2018-151750,419,50,144,2018-01-01,Standard Class,2018-01-05,454.56
8071,CA-2018-151750,1455,50,144,2018-01-01,Standard Class,2018-01-05,141.42
8072,CA-2018-151750,638,50,144,2018-01-01,Standard Class,2018-01-05,310.744
8073,CA-2018-151750,704,50,144,2018-01-01,Standard Class,2018-01-05,12.736
8074,CA-2018-151750,626,50,144,2018-01-01,Standard Class,2018-01-05,6.47
8075,CA-2018-151750,186,50,144,2018-01-01,Standard Class,2018-01-05,13.748
8076,CA-2018-151750,514,50,144,2018-01-01,Standard Class,2018-01-05,15.224
8077,CA-2016-106187,646,576,599,2016-06-23,Standard Class,2016-06-29,27.42
8078,CA-2016-106187,897,576,599,2016-06-23,Standard Class,2016-06-29,165.98
8079,CA-2016-106187,1372,576,599,2016-06-23,Standard Class,2016-06-29,75.0
8080,US-2017-164945,302,403,30,2017-11-22,Standard Class,2017-11-27,134.272
8081,CA-2016-150714,934,121,330,2016-10-26,Standard Class,2016-11-01,146.544
8082,CA-2016-150714,1767,121,330,2016-10-26,Standard Class,2016-11-01,131.904
8083,CA-2016-150714,544,121,330,2016-10-26,Standard Class,2016-11-01,203.88
8084,CA-2016-150714,1283,121,330,2016-10-26,Standard Class,2016-11-01,14.301
8085,CA-2016-150714,436,121,330,2016-10-26,Standard Class,2016-11-01,718.64
8086,CA-2017-105753,391,785,102,2017-10-20,Standard Class,2017-10-26,61.1
8087,CA-2018-120894,1268,692,125,2018-04-28,Standard Class,2018-05-02,28.08
8088,CA-2017-106621,837,679,511,2017-09-29,Second Class,2017-10-01,10.496
8089,CA-2016-107020,692,161,342,2016-07-10,Standard Class,2016-07-14,39.92
8090,US-2016-117492,23,375,308,2016-08-07,First Class,2016-08-09,77.58
8091,CA-2015-101392,1425,358,6,2015-12-07,Standard Class,2015-12-13,269.36
8092,CA-2016-127502,746,364,95,2016-12-10,Standard Class,2016-12-14,5.76
8093,CA-2018-143658,941,677,46,2018-11-08,Second Class,2018-11-13,109.9
8094,CA-2018-133046,741,590,61,2018-07-27,Second Class,2018-08-01,23.88
8095,CA-2018-133046,1255,590,61,2018-07-27,Second Class,2018-08-01,26.2
8096,CA-2018-133046,1291,590,61,2018-07-27,Second Class,2018-08-01,12.96
8097,CA-2018-133046,438,590,61,2018-07-27,Second Class,2018-08-01,234.95
8098,CA-2018-122798,393,604,383,2018-12-28,Standard Class,2019-01-01,118.25
8099,CA-2018-122798,1434,604,383,2018-12-28,Standard Class,2019-01-01,4.28
8100,CA-2017-169663,1045,564,63,2017-03-10,First Class,2017-03-13,26.85
8101,CA-2017-169663,1833,564,63,2017-03-10,First Class,2017-03-13,3357.6
8102,CA-2016-149846,618,767,63,2016-05-22,Standard Class,2016-05-26,8.26
8103,CA-2016-149846,669,767,63,2016-05-22,Standard Class,2016-05-26,2973.32
8104,CA-2016-149846,329,767,63,2016-05-22,Standard Class,2016-05-26,104.79
8105,CA-2016-149846,298,767,63,2016-05-22,Standard Class,2016-05-26,775.728
8106,CA-2018-159149,420,737,17,2018-02-17,First Class,2018-02-19,89.0664
8107,CA-2018-159149,1834,737,17,2018-02-17,First Class,2018-02-19,175.44
8108,CA-2018-159149,1076,737,17,2018-02-17,First Class,2018-02-19,438.336
8109,US-2018-167570,390,284,12,2018-12-08,Standard Class,2018-12-15,215.544
8110,CA-2018-160122,1759,710,37,2018-11-18,Standard Class,2018-11-23,55.584
8111,CA-2018-160122,1456,710,37,2018-11-18,Standard Class,2018-11-23,127.386
8112,CA-2017-130393,475,623,362,2017-12-01,Second Class,2017-12-03,248.43
8113,CA-2017-130393,938,623,362,2017-12-01,Second Class,2017-12-03,11.648
8114,CA-2017-130393,213,623,362,2017-12-01,Second Class,2017-12-03,85.246
8115,CA-2018-144820,924,430,90,2018-10-03,Second Class,2018-10-07,20.64
8116,CA-2018-101014,1818,460,14,2018-08-29,Standard Class,2018-09-04,148.02
8117,CA-2018-105543,1292,411,591,2018-11-24,Same Day,2018-11-24,33.29
8118,US-2018-113201,1128,628,63,2018-06-30,Standard Class,2018-07-05,204.95
8119,US-2018-106551,500,519,156,2018-07-22,Standard Class,2018-07-27,526.344
8120,CA-2017-116722,108,222,95,2017-11-11,Standard Class,2017-11-16,41.96
8121,CA-2017-116722,500,222,95,2017-11-11,Standard Class,2017-11-16,451.152
8122,CA-2017-116722,176,222,95,2017-11-11,Standard Class,2017-11-16,31.504
8123,CA-2015-138128,119,225,64,2015-12-09,Standard Class,2015-12-15,30.672
8124,CA-2015-138128,1078,225,64,2015-12-09,Standard Class,2015-12-15,1079.976
8125,US-2018-150070,212,351,590,2018-09-07,Standard Class,2018-09-12,161.568
8126,CA-2016-137064,767,773,33,2016-02-06,Standard Class,2016-02-13,2.934
8127,CA-2016-137064,104,773,33,2016-02-06,Standard Class,2016-02-13,18.528
8128,CA-2016-137064,1363,773,33,2016-02-06,Standard Class,2016-02-13,670.752
8129,CA-2018-157350,597,25,27,2018-08-26,Standard Class,2018-09-01,64.96
8130,CA-2015-127866,918,64,216,2015-07-20,First Class,2015-07-23,41.94
8131,CA-2015-127866,1297,64,216,2015-07-20,First Class,2015-07-23,11.96
8132,CA-2015-127866,1610,64,216,2015-07-20,First Class,2015-07-23,13.12
8133,CA-2015-127866,519,64,216,2015-07-20,First Class,2015-07-23,535.41
8134,CA-2016-131352,72,17,177,2016-10-08,Standard Class,2016-10-13,72.78
8135,CA-2016-121776,315,362,142,2016-02-16,Standard Class,2016-02-21,36.84
8136,CA-2016-121776,50,362,142,2016-02-16,Standard Class,2016-02-21,87.71
8137,CA-2017-118073,278,704,153,2017-08-12,Standard Class,2017-08-16,562.2925
8138,CA-2015-103219,268,683,46,2015-11-09,Standard Class,2015-11-13,56.52
8139,CA-2017-102561,825,72,12,2017-07-18,Standard Class,2017-07-22,11.264
8140,CA-2017-102561,842,72,12,2017-07-18,Standard Class,2017-07-22,284.08
8141,CA-2017-102561,610,72,12,2017-07-18,Standard Class,2017-07-22,18.496
8142,CA-2017-100993,608,617,89,2017-02-05,Standard Class,2017-02-10,14.73
8143,CA-2017-100993,822,617,89,2017-02-05,Standard Class,2017-02-10,186.54
8144,CA-2017-100993,617,617,89,2017-02-05,Standard Class,2017-02-10,557.728
8145,CA-2017-100993,141,617,89,2017-02-05,Standard Class,2017-02-10,159.968
8146,US-2015-112949,1153,477,496,2015-06-20,Standard Class,2015-06-27,471.9
8147,US-2015-112949,1274,477,496,2015-06-20,Standard Class,2015-06-27,3.52
8148,US-2018-146822,34,166,270,2018-06-09,Standard Class,2018-06-14,49.12
8149,US-2017-131058,746,671,201,2017-12-27,Standard Class,2017-12-31,20.16
8150,CA-2015-167997,952,663,600,2015-01-26,First Class,2015-01-29,10.68
8151,CA-2015-167997,632,663,600,2015-01-26,First Class,2015-01-29,141.96
8152,CA-2018-140151,721,182,61,2018-03-23,First Class,2018-03-25,32.48
8153,CA-2018-140151,482,182,61,2018-03-23,First Class,2018-03-25,20.04
8154,CA-2018-140151,1389,182,61,2018-03-23,First Class,2018-03-25,13999.96
8155,US-2018-143770,1201,743,264,2018-03-20,Standard Class,2018-03-24,238.0
8156,US-2018-143770,1031,743,264,2018-03-20,Standard Class,2018-03-24,61.96
8157,CA-2017-131296,976,235,308,2017-10-04,Standard Class,2017-10-09,239.372
8158,CA-2017-103464,1201,311,189,2017-11-18,Standard Class,2017-11-22,595.0
8159,CA-2018-136238,1284,209,456,2018-12-26,Standard Class,2019-01-01,16.032
8160,CA-2017-120803,241,47,545,2017-03-09,Standard Class,2017-03-13,199.75
8161,CA-2017-134138,1757,480,99,2017-02-16,Standard Class,2017-02-20,227.96
8162,CA-2016-120915,415,371,46,2016-09-28,Second Class,2016-10-03,293.52
8163,CA-2016-120915,349,371,46,2016-09-28,Second Class,2016-10-03,307.98
8164,CA-2016-168207,1373,300,189,2016-11-02,Standard Class,2016-11-06,96.96
8165,CA-2016-168207,302,300,189,2016-11-02,Standard Class,2016-11-06,117.488
8166,CA-2016-168207,592,300,189,2016-11-02,Standard Class,2016-11-06,11.952
8167,CA-2016-168207,1374,300,189,2016-11-02,Standard Class,2016-11-06,512.499
8168,CA-2017-144148,585,707,35,2017-07-31,Standard Class,2017-08-05,863.128
8169,CA-2018-107174,310,145,60,2018-11-06,Standard Class,2018-11-13,2036.86
8170,CA-2018-107174,300,145,60,2018-11-06,Standard Class,2018-11-13,449.568
8171,CA-2018-107174,478,145,60,2018-11-06,Standard Class,2018-11-13,108.96
8172,CA-2017-146150,979,249,130,2017-02-14,Standard Class,2017-02-19,264.18
8173,CA-2015-114125,1364,690,14,2015-07-09,Standard Class,2015-07-13,2.88
8174,CA-2015-114125,45,690,14,2015-07-09,Standard Class,2015-07-13,41.904
8175,CA-2015-114125,1199,690,14,2015-07-09,Standard Class,2015-07-13,23.92
8176,CA-2017-114944,63,786,37,2017-01-30,Standard Class,2017-02-04,156.512
8177,CA-2017-135965,81,450,46,2017-09-22,First Class,2017-09-25,128.34
8178,CA-2018-149699,1524,442,142,2018-12-22,First Class,2018-12-24,474.95
8179,CA-2017-166429,616,593,120,2017-09-02,Standard Class,2017-09-08,999.98
8180,CA-2016-112767,1583,214,330,2016-08-02,Standard Class,2016-08-06,277.5
8181,CA-2016-119879,972,758,75,2016-11-21,Standard Class,2016-11-25,1252.704
8182,CA-2016-119879,688,758,75,2016-11-21,Standard Class,2016-11-25,110.97
8183,CA-2018-155642,1156,607,156,2018-05-18,Standard Class,2018-05-22,22.608
8184,CA-2018-155642,284,607,156,2018-05-18,Standard Class,2018-05-22,1.892
8185,US-2018-101721,955,200,37,2018-07-23,Standard Class,2018-07-27,63.312
8186,CA-2016-136728,1171,152,37,2016-09-13,Second Class,2016-09-17,7.824
8187,CA-2016-136728,164,152,37,2016-09-13,Second Class,2016-09-17,170.072
8188,CA-2017-127194,162,309,24,2017-12-10,Standard Class,2017-12-16,62.82
8189,CA-2016-140375,681,496,248,2016-10-02,Second Class,2016-10-05,19.44
8190,CA-2016-140375,778,496,248,2016-10-02,Second Class,2016-10-05,7.38
8191,US-2018-155866,833,667,165,2018-11-17,Standard Class,2018-11-21,38.88
8192,US-2018-155866,268,667,165,2018-11-17,Standard Class,2018-11-21,187.76
8193,CA-2016-141327,615,236,36,2016-11-30,First Class,2016-12-03,6.048
8194,CA-2016-141327,1361,236,36,2016-11-30,First Class,2016-12-03,98.352
8195,CA-2016-141327,221,236,36,2016-11-30,First Class,2016-12-03,335.744
8196,CA-2016-136700,1057,107,537,2016-12-06,Second Class,2016-12-11,8.96
8197,CA-2018-102736,1131,432,365,2018-09-05,Standard Class,2018-09-09,89.568
8198,CA-2018-102736,647,432,365,2018-09-05,Standard Class,2018-09-09,71.96
8199,CA-2018-102736,586,432,365,2018-09-05,Standard Class,2018-09-09,15.552
8200,CA-2018-125269,1125,579,27,2018-04-24,Standard Class,2018-04-30,10.43
8201,CA-2018-125269,73,579,27,2018-04-24,Standard Class,2018-04-30,72.784
8202,CA-2016-114811,1679,471,24,2016-11-08,Same Day,2016-11-08,67.15
8203,CA-2016-114811,904,471,24,2016-11-08,Same Day,2016-11-08,549.98
8204,CA-2016-114811,1801,471,24,2016-11-08,Same Day,2016-11-08,11.82
8205,CA-2016-114811,1716,471,24,2016-11-08,Same Day,2016-11-08,4643.8
8206,CA-2016-114811,624,471,24,2016-11-08,Same Day,2016-11-08,577.764
8207,CA-2016-122266,4,194,487,2016-04-26,Standard Class,2016-04-30,191.5155
8208,CA-2016-122266,347,194,487,2016-04-26,Standard Class,2016-04-30,2.624
8209,CA-2016-141565,693,768,395,2016-09-20,Standard Class,2016-09-24,1369.764
8210,CA-2016-141565,197,768,395,2016-09-20,Standard Class,2016-09-24,294.368
8211,CA-2018-128769,474,679,395,2018-09-07,Standard Class,2018-09-12,81.568
8212,CA-2017-116337,1835,267,78,2017-11-07,Standard Class,2017-11-12,44.46
8213,CA-2017-116337,534,267,78,2017-11-07,Standard Class,2017-11-12,314.088
8214,CA-2016-120845,1086,505,109,2016-09-25,Standard Class,2016-10-02,6.336
8215,CA-2016-120845,1403,505,109,2016-09-25,Standard Class,2016-10-02,10.48
8216,CA-2016-120845,1264,505,109,2016-09-25,Standard Class,2016-10-02,2.469
8217,CA-2016-120845,305,505,109,2016-09-25,Standard Class,2016-10-02,3.264
8218,CA-2015-120775,1089,710,163,2015-10-03,Standard Class,2015-10-07,4.344
8219,CA-2015-120775,1093,710,163,2015-10-03,Standard Class,2015-10-07,31.776
8220,CA-2015-120775,642,710,163,2015-10-03,Standard Class,2015-10-07,4.928
8221,CA-2015-120775,99,710,163,2015-10-03,Standard Class,2015-10-07,1.788
8222,CA-2015-120775,1836,710,163,2015-10-03,Standard Class,2015-10-07,15.072
8223,CA-2015-152905,1556,756,175,2015-02-18,Standard Class,2015-02-24,12.624
8224,CA-2017-104633,1175,106,55,2017-06-12,Standard Class,2017-06-16,185.88
8225,CA-2017-104633,1435,106,55,2017-06-12,Standard Class,2017-06-16,12.96
8226,CA-2018-104136,275,12,289,2018-11-01,Second Class,2018-11-04,189.7
8227,CA-2018-104136,1523,12,289,2018-11-01,Second Class,2018-11-04,40.99
8228,CA-2017-123050,480,605,25,2017-04-04,Second Class,2017-04-08,82.64
8229,CA-2017-123050,171,605,25,2017-04-04,Second Class,2017-04-08,31.02
8230,CA-2017-123050,1017,605,25,2017-04-04,Second Class,2017-04-08,89.97
8231,CA-2017-162355,370,59,494,2017-06-30,Second Class,2017-07-02,35.97
8232,CA-2017-162355,200,59,494,2017-06-30,Second Class,2017-07-02,1266.86
8233,CA-2015-158225,299,340,59,2015-09-22,Standard Class,2015-09-28,169.45
8234,CA-2015-158225,1513,340,59,2015-09-22,Standard Class,2015-09-28,40.68
8235,CA-2018-102204,1699,171,134,2018-05-01,Standard Class,2018-05-06,3.328
8236,CA-2018-102204,412,171,134,2018-05-01,Standard Class,2018-05-06,933.262
8237,CA-2018-102204,484,171,134,2018-05-01,Standard Class,2018-05-06,2803.92
8238,CA-2018-103065,384,691,134,2018-10-20,Same Day,2018-10-20,4.768
8239,CA-2018-103065,1306,691,134,2018-10-20,Same Day,2018-10-20,6.672
8240,CA-2018-103065,1062,691,134,2018-10-20,Same Day,2018-10-20,4.448
8241,CA-2018-103065,1650,691,134,2018-10-20,Same Day,2018-10-20,43.936
8242,CA-2015-109855,709,24,30,2015-09-01,Standard Class,2015-09-05,23.744
8243,CA-2015-109855,1201,24,30,2015-09-01,Standard Class,2015-09-05,357.0
8244,CA-2015-109897,1420,573,35,2015-08-12,Standard Class,2015-08-16,806.336
8245,CA-2015-109897,1147,573,35,2015-08-12,Standard Class,2015-08-16,85.44
8246,US-2015-143581,157,741,113,2015-08-19,Standard Class,2015-08-23,344.91
8247,CA-2016-129217,555,504,174,2016-05-10,Same Day,2016-05-10,70.97
8248,CA-2016-129217,1244,504,174,2016-05-10,Same Day,2016-05-10,36.784
8249,CA-2017-133816,648,38,64,2017-05-10,Second Class,2017-05-13,743.988
8250,CA-2016-140221,913,334,156,2016-03-05,Second Class,2016-03-09,11.212
8251,CA-2016-140221,326,334,156,2016-03-05,Second Class,2016-03-09,4.712
8252,CA-2016-140221,1108,334,156,2016-03-05,Second Class,2016-03-09,180.98
8253,CA-2016-140221,118,334,156,2016-03-05,Second Class,2016-03-09,60.416
8254,CA-2018-152310,1328,730,6,2018-08-12,Standard Class,2018-08-19,299.99
8255,CA-2018-152310,1685,730,6,2018-08-12,Standard Class,2018-08-19,192.16
8256,CA-2018-152310,530,730,6,2018-08-12,Standard Class,2018-08-19,242.624
8257,CA-2018-152310,231,730,6,2018-08-12,Standard Class,2018-08-19,46.74
8258,CA-2018-152310,1482,730,6,2018-08-12,Standard Class,2018-08-19,174.95
8259,CA-2018-152310,1787,730,6,2018-08-12,Standard Class,2018-08-19,100.704
8260,CA-2017-118101,448,382,527,2017-06-26,Same Day,2017-06-26,368.91
8261,CA-2017-118101,386,382,527,2017-06-26,Same Day,2017-06-26,8.02
8262,CA-2017-118101,1355,382,527,2017-06-26,Same Day,2017-06-26,171.04
8263,CA-2017-100307,354,680,146,2017-12-15,Standard Class,2017-12-19,19.44
8264,CA-2016-138457,635,563,223,2016-09-13,Standard Class,2016-09-17,13.092
8265,CA-2015-131800,1837,196,46,2015-12-30,Standard Class,2016-01-04,122.94
8266,CA-2015-131800,859,196,46,2015-12-30,Standard Class,2016-01-04,35.448
8267,CA-2015-118304,434,348,22,2015-04-29,Standard Class,2015-05-04,19.98
8268,CA-2018-121790,1583,432,174,2018-01-30,Standard Class,2018-02-06,69.375
8269,CA-2018-121790,559,432,174,2018-01-30,Standard Class,2018-02-06,31.68
8270,CA-2018-121790,1719,432,174,2018-01-30,Standard Class,2018-02-06,2003.168
8271,CA-2018-121790,242,432,174,2018-01-30,Standard Class,2018-02-06,9.344
8272,CA-2017-169670,407,556,30,2017-12-25,Standard Class,2017-12-31,2563.056
8273,CA-2017-139549,1709,502,580,2017-10-20,Standard Class,2017-10-25,387.136
8274,CA-2016-104059,1006,764,158,2016-06-13,Second Class,2016-06-15,3.424
8275,CA-2018-164112,1450,541,185,2018-06-30,Standard Class,2018-07-04,1085.42
8276,CA-2016-143882,100,749,346,2016-06-26,Standard Class,2016-06-30,43.056
8277,US-2017-139262,808,785,86,2017-02-21,Standard Class,2017-02-25,3.762
8278,US-2017-139262,921,785,86,2017-02-21,Standard Class,2017-02-25,34.86
8279,US-2017-139262,735,785,86,2017-02-21,Standard Class,2017-02-25,432.456
8280,CA-2018-146192,907,233,113,2018-04-22,Standard Class,2018-04-26,675.06
8281,CA-2018-134810,114,205,223,2018-05-09,First Class,2018-05-10,65.232
8282,CA-2018-134810,867,205,223,2018-05-09,First Class,2018-05-10,207.0
8283,CA-2016-154284,847,450,586,2016-12-21,Second Class,2016-12-26,600.53
8284,CA-2016-154284,727,450,586,2016-12-21,Second Class,2016-12-26,59.904
8285,CA-2016-154284,770,450,586,2016-12-21,Second Class,2016-12-26,637.44
8286,CA-2016-154284,485,450,586,2016-12-21,Second Class,2016-12-26,51.756
8287,CA-2015-156244,1799,724,124,2015-08-12,Standard Class,2015-08-16,31.104
8288,CA-2015-156244,370,724,124,2015-08-12,Standard Class,2015-08-16,47.96
8289,CA-2015-156244,722,724,124,2015-08-12,Standard Class,2015-08-16,158.928
8290,CA-2015-156244,1325,724,124,2015-08-12,Standard Class,2015-08-16,211.248
8291,CA-2015-156244,1568,724,124,2015-08-12,Standard Class,2015-08-16,5.552
8292,CA-2015-156244,1140,724,124,2015-08-12,Standard Class,2015-08-16,2.952
8293,CA-2016-106362,1427,63,412,2016-12-11,Standard Class,2016-12-15,10.332
8294,US-2018-168802,1213,706,6,2018-11-03,Standard Class,2018-11-07,18.368
8295,US-2018-146906,1188,364,165,2018-03-13,Standard Class,2018-03-17,299.9
8296,CA-2017-166380,112,495,102,2017-05-30,Standard Class,2017-06-03,26.55
8297,CA-2017-166380,202,495,102,2017-05-30,Standard Class,2017-06-03,111.98
8298,US-2016-158911,1393,277,44,2016-07-05,Standard Class,2016-07-11,4.928
8299,US-2016-158911,608,277,44,2016-07-05,Standard Class,2016-07-11,11.784
8300,US-2015-103338,1597,580,53,2015-03-11,Standard Class,2015-03-15,7.98
8301,CA-2016-109169,232,221,152,2016-04-20,Standard Class,2016-04-24,180.96
8302,US-2018-167318,1739,434,2,2018-07-26,Standard Class,2018-08-01,1649.95
8303,US-2018-167318,663,434,2,2018-07-26,Standard Class,2018-08-01,362.352
8304,US-2015-120313,522,645,95,2015-10-31,Second Class,2015-11-02,73.584
8305,CA-2018-135419,1747,697,410,2018-11-03,Standard Class,2018-11-09,486.368
8306,CA-2017-128671,681,193,312,2017-08-11,Standard Class,2017-08-16,32.4
8307,CA-2017-128671,571,193,312,2017-08-11,Standard Class,2017-08-16,41.86
8308,CA-2017-128671,1562,193,312,2017-08-11,Standard Class,2017-08-16,77.56
8309,CA-2017-149335,1025,605,35,2017-07-25,Same Day,2017-07-25,37.17
8310,CA-2015-168312,1278,544,67,2015-03-01,Standard Class,2015-03-07,137.352
8311,CA-2015-168312,1295,544,67,2015-03-01,Standard Class,2015-03-07,376.509
8312,US-2018-105935,117,215,113,2018-01-26,Standard Class,2018-01-31,62.72
8313,US-2018-105935,1462,215,113,2018-01-26,Standard Class,2018-01-31,2939.93
8314,CA-2015-161508,857,392,516,2015-07-12,Standard Class,2015-07-16,512.358
8315,CA-2015-161508,846,392,516,2015-07-12,Standard Class,2015-07-16,3.488
8316,CA-2015-161508,704,392,516,2015-07-12,Standard Class,2015-07-16,22.288
8317,CA-2015-161508,129,392,516,2015-07-12,Standard Class,2015-07-16,16.032
8318,CA-2018-130904,910,32,180,2018-04-11,Standard Class,2018-04-16,1.752
8319,CA-2018-130904,1211,32,180,2018-04-11,Standard Class,2018-04-16,20.992
8320,CA-2018-133620,603,192,30,2018-11-13,Standard Class,2018-11-18,11.21
8321,CA-2016-142937,1474,12,78,2016-12-05,First Class,2016-12-06,45.04
8322,US-2017-149790,921,619,15,2017-09-26,Standard Class,2017-10-01,15.624
8323,CA-2017-130778,1519,445,255,2017-11-19,Standard Class,2017-11-25,8.74
8324,CA-2017-130778,423,445,255,2017-11-19,Standard Class,2017-11-25,44.75
8325,CA-2018-144456,422,764,187,2018-09-08,First Class,2018-09-09,61.68
8326,CA-2018-144456,985,764,187,2018-09-08,First Class,2018-09-09,158.376
8327,CA-2018-103478,176,127,174,2018-07-21,Second Class,2018-07-24,2.864
8328,CA-2018-103478,1081,127,174,2018-07-21,Second Class,2018-07-24,94.192
8329,CA-2018-118577,1053,191,99,2018-10-06,Standard Class,2018-10-11,143.7
8330,CA-2018-118577,975,191,99,2018-10-06,Standard Class,2018-10-11,6.48
8331,CA-2018-113572,1838,225,24,2018-11-07,Standard Class,2018-11-11,7.88
8332,CA-2017-153269,603,520,601,2017-03-09,First Class,2017-03-12,11.21
8333,CA-2017-153269,475,520,601,2017-03-09,First Class,2017-03-12,354.9
8334,CA-2017-153269,1777,520,601,2017-03-09,First Class,2017-03-12,17.94
8335,CA-2017-153269,570,520,601,2017-03-09,First Class,2017-03-12,51.8
8336,CA-2018-161655,1198,195,285,2018-05-13,Second Class,2018-05-18,299.52
8337,CA-2017-101469,1839,348,102,2017-07-02,Standard Class,2017-07-08,7.7
8338,CA-2015-153087,1814,569,34,2015-12-27,Standard Class,2016-01-03,23.92
8339,CA-2015-153087,770,569,34,2015-12-27,Standard Class,2016-01-03,498.0
8340,CA-2018-135076,1210,454,108,2018-04-13,Standard Class,2018-04-17,436.704
8341,CA-2015-161634,1010,418,337,2015-11-14,Standard Class,2015-11-20,32.4
8342,CA-2018-141481,565,10,2,2018-06-11,First Class,2018-06-14,61.44
8343,CA-2017-132549,471,272,364,2017-11-25,Standard Class,2017-11-30,73.36
8344,US-2015-155544,199,307,365,2015-03-21,Standard Class,2015-03-25,59.2
8345,US-2015-155544,1002,307,365,2015-03-21,Standard Class,2015-03-25,32.952
8346,US-2015-155544,1456,307,365,2015-03-21,Standard Class,2015-03-25,218.376
8347,US-2016-115238,192,479,129,2016-04-30,Standard Class,2016-05-04,31.4
8348,US-2016-115238,1463,479,129,2016-04-30,Standard Class,2016-05-04,9.48
8349,US-2016-115238,1021,479,129,2016-04-30,Standard Class,2016-05-04,209.5
8350,US-2016-115238,1722,479,129,2016-04-30,Standard Class,2016-05-04,24.3
8351,US-2016-115238,1077,479,129,2016-04-30,Standard Class,2016-05-04,6.48
8352,CA-2018-132199,1758,636,64,2018-05-03,Standard Class,2018-05-08,32.448
8353,CA-2018-132199,716,636,64,2018-05-03,Standard Class,2018-05-08,26.388
8354,CA-2018-132199,210,636,64,2018-05-03,Standard Class,2018-05-08,373.47
8355,CA-2018-132199,1161,636,64,2018-05-03,Standard Class,2018-05-08,64.2
8356,CA-2018-132199,660,636,64,2018-05-03,Standard Class,2018-05-08,8.0
8357,CA-2017-163174,1293,191,506,2017-08-26,Standard Class,2017-08-30,186.54
8358,CA-2015-110555,254,515,151,2015-04-11,Standard Class,2015-04-18,87.08
8359,CA-2015-110555,507,515,151,2015-04-11,Standard Class,2015-04-18,105.584
8360,CA-2015-110555,1520,515,151,2015-04-11,Standard Class,2015-04-18,217.44
8361,CA-2018-147207,1042,773,294,2018-01-02,Second Class,2018-01-04,31.744
8362,CA-2018-147207,1826,773,294,2018-01-02,Second Class,2018-01-04,5.432
8363,CA-2018-147207,972,773,294,2018-01-02,Second Class,2018-01-04,913.43
8364,CA-2018-147207,1450,773,294,2018-01-02,Second Class,2018-01-04,372.144
8365,CA-2018-137631,1148,539,602,2018-04-28,Standard Class,2018-05-02,751.984
8366,CA-2018-157273,8,450,60,2018-01-30,First Class,2018-02-02,604.768
8367,CA-2015-109918,1840,757,87,2015-09-07,Second Class,2015-09-12,27.36
8368,CA-2015-109918,1537,757,87,2015-09-07,Second Class,2015-09-12,20.56
8369,CA-2015-109918,1787,757,87,2015-09-07,Second Class,2015-09-12,83.92
8370,CA-2017-118745,216,278,14,2017-06-11,Standard Class,2017-06-16,902.712
8371,CA-2017-163972,1639,451,253,2017-10-17,Standard Class,2017-10-21,120.666
8372,CA-2015-165393,445,721,7,2015-12-27,First Class,2015-12-30,4.984
8373,CA-2017-113726,906,650,60,2017-11-24,Standard Class,2017-12-01,82.26
8374,CA-2017-152940,1070,198,95,2017-11-10,First Class,2017-11-13,29.74
8375,CA-2016-158701,938,312,95,2016-01-05,Standard Class,2016-01-10,87.36
8376,CA-2016-158701,674,312,95,2016-01-05,Standard Class,2016-01-10,56.16
8377,CA-2018-156272,1430,464,411,2018-03-21,Standard Class,2018-03-27,64.384
8378,CA-2016-162964,872,752,15,2016-11-12,Standard Class,2016-11-18,64.784
8379,CA-2016-162964,220,752,15,2016-11-12,Standard Class,2016-11-18,15.552
8380,CA-2016-162964,890,752,15,2016-11-12,Standard Class,2016-11-18,223.888
8381,CA-2015-103527,703,418,156,2015-09-09,Second Class,2015-09-14,10.896
8382,CA-2017-134544,510,664,10,2017-03-17,Second Class,2017-03-19,84.784
8383,CA-2017-163048,867,776,67,2017-02-08,Standard Class,2017-02-15,241.5
8384,CA-2017-145135,809,523,603,2017-11-26,First Class,2017-11-28,59.97
8385,CA-2017-145135,1284,523,603,2017-11-26,First Class,2017-11-28,13.36
8386,CA-2018-137582,1182,52,233,2018-09-04,Standard Class,2018-09-08,11.808
8387,CA-2016-149601,721,578,114,2016-05-28,Standard Class,2016-06-03,16.24
8388,CA-2016-149601,178,578,114,2016-05-28,Standard Class,2016-06-03,77.55
8389,CA-2015-139423,514,376,416,2015-11-01,Standard Class,2015-11-05,76.12
8390,CA-2017-102596,111,280,76,2017-12-27,First Class,2017-12-30,17.184
8391,CA-2018-153227,1018,295,4,2018-12-04,First Class,2018-12-06,11.76
8392,CA-2018-110625,1002,675,604,2018-12-23,Standard Class,2018-12-30,27.46
8393,CA-2017-142594,1677,413,118,2017-12-01,Second Class,2017-12-06,137.94
8394,CA-2017-142594,1381,413,118,2017-12-01,Second Class,2017-12-06,111.15
8395,CA-2017-142594,228,413,118,2017-12-01,Second Class,2017-12-06,901.95
8396,CA-2017-142594,617,413,118,2017-12-01,Second Class,2017-12-06,366.009
8397,CA-2015-152254,163,380,125,2015-06-30,Same Day,2015-06-30,310.688
8398,US-2015-120236,1737,281,15,2015-09-03,First Class,2015-09-04,7.68
8399,CA-2018-120061,914,677,158,2018-11-02,Second Class,2018-11-07,155.372
8400,CA-2016-133837,1032,514,276,2016-04-13,Standard Class,2016-04-18,10.744
8401,CA-2016-110814,921,632,30,2016-12-05,Second Class,2016-12-09,232.4
8402,CA-2016-110814,1535,632,30,2016-12-05,Second Class,2016-12-09,164.646
8403,CA-2016-110814,753,632,30,2016-12-05,Second Class,2016-12-09,22.68
8404,CA-2017-154067,146,417,2,2017-02-01,Standard Class,2017-02-07,105.52
8405,CA-2018-140480,1479,786,285,2018-07-08,Standard Class,2018-07-12,83.92
8406,CA-2018-140480,722,786,285,2018-07-08,Standard Class,2018-07-12,141.9
8407,CA-2018-140480,1802,786,285,2018-07-08,Standard Class,2018-07-12,39.98
8408,CA-2018-140480,1025,786,285,2018-07-08,Standard Class,2018-07-12,28.91
8409,CA-2018-140480,1754,786,285,2018-07-08,Standard Class,2018-07-12,174.95
8410,CA-2016-134082,656,83,342,2016-12-11,Standard Class,2016-12-17,110.528
8411,CA-2017-130820,115,22,180,2017-11-15,Same Day,2017-11-15,630.024
8412,CA-2017-159765,182,514,270,2017-05-09,Second Class,2017-05-12,27.86
8413,CA-2018-132290,602,199,163,2018-03-10,Standard Class,2018-03-14,933.408
8414,CA-2017-147109,1194,341,175,2017-12-17,Standard Class,2017-12-21,51.84
8415,CA-2017-147109,1616,341,175,2017-12-17,Standard Class,2017-12-21,165.6
8416,CA-2018-107265,259,530,605,2018-04-06,Standard Class,2018-04-12,106.32
8417,CA-2018-118199,806,698,60,2018-05-09,First Class,2018-05-11,147.92
8418,CA-2018-118199,55,698,60,2018-05-09,First Class,2018-05-11,104.28
8419,CA-2018-118199,739,698,60,2018-05-09,First Class,2018-05-11,286.85
8420,CA-2018-118199,1765,698,60,2018-05-09,First Class,2018-05-11,66.96
8421,CA-2018-118199,1337,698,60,2018-05-09,First Class,2018-05-11,199.98
8422,CA-2018-150091,47,74,101,2018-10-12,Standard Class,2018-10-16,45.0
8423,CA-2018-150091,111,74,101,2018-10-12,Standard Class,2018-10-16,17.9
8424,CA-2018-150091,1654,74,101,2018-10-12,Standard Class,2018-10-16,40.48
8425,CA-2018-150091,1399,74,101,2018-10-12,Standard Class,2018-10-16,2154.9
8426,CA-2017-137652,1737,495,94,2017-08-28,First Class,2017-08-30,18.432
8427,CA-2016-128356,1840,262,461,2016-10-02,Standard Class,2016-10-07,10.944
8428,CA-2018-167017,483,420,527,2018-11-23,First Class,2018-11-25,4.36
8429,US-2018-132220,1422,138,286,2018-11-12,Standard Class,2018-11-16,62.352
8430,CA-2017-118129,1598,53,332,2017-12-19,Second Class,2017-12-21,303.92
8431,US-2015-113124,558,397,421,2015-03-30,Standard Class,2015-04-05,129.3
8432,CA-2018-155621,906,635,308,2018-11-08,Standard Class,2018-11-13,274.2
8433,US-2015-127635,970,610,413,2015-09-14,Second Class,2015-09-18,6.048
8434,US-2015-127635,1533,610,413,2015-09-14,Second Class,2015-09-18,6.848
8435,US-2015-127635,1468,610,413,2015-09-14,Second Class,2015-09-18,9.96
8436,US-2015-127635,95,610,413,2015-09-14,Second Class,2015-09-18,8.552
8437,CA-2016-151470,1500,563,122,2016-09-20,Standard Class,2016-09-26,45.584
8438,CA-2016-112823,1366,363,178,2016-12-10,Standard Class,2016-12-16,25.488
8439,CA-2015-108861,1637,571,60,2015-05-28,Standard Class,2015-06-01,136.96
8440,CA-2018-114370,1671,273,37,2018-03-14,Second Class,2018-03-17,49.616
8441,CA-2017-158302,250,675,48,2017-12-08,Second Class,2017-12-12,10.584
8442,CA-2018-145779,146,141,116,2018-05-06,Standard Class,2018-05-10,84.416
8443,US-2017-155173,908,675,75,2017-03-06,Standard Class,2017-03-10,431.94
8444,US-2017-155173,1283,675,75,2017-03-06,Standard Class,2017-03-10,2.043
8445,US-2017-155173,530,675,75,2017-03-06,Standard Class,2017-03-10,68.238
8446,CA-2018-125451,978,341,481,2018-10-23,First Class,2018-10-24,240.744
8447,CA-2018-125451,1458,341,481,2018-10-23,First Class,2018-10-24,35.0
8448,CA-2018-125451,1806,341,481,2018-10-23,First Class,2018-10-24,210.68
8449,CA-2018-125451,336,341,481,2018-10-23,First Class,2018-10-24,637.896
8450,CA-2018-125451,363,341,481,2018-10-23,First Class,2018-10-24,43.44
8451,CA-2018-125451,1109,341,481,2018-10-23,First Class,2018-10-24,2.22
8452,CA-2015-131387,1462,483,35,2015-04-28,First Class,2015-04-30,1679.96
8453,CA-2017-125087,813,765,33,2017-04-18,Standard Class,2017-04-23,344.372
8454,CA-2017-125087,487,765,33,2017-04-18,Standard Class,2017-04-23,1554.936
8455,CA-2017-125087,1269,765,33,2017-04-18,Standard Class,2017-04-23,127.88
8456,CA-2017-154081,193,532,14,2017-05-22,Standard Class,2017-05-29,222.384
8457,US-2018-118556,65,261,156,2018-05-28,Second Class,2018-06-02,106.869
8458,US-2018-118556,991,261,156,2018-05-28,Second Class,2018-06-02,3.564
8459,CA-2015-126200,1161,556,33,2015-08-25,Standard Class,2015-08-29,25.68
8460,CA-2015-126200,341,556,33,2015-08-25,Standard Class,2015-08-29,12.384
8461,CA-2015-146500,882,248,319,2015-08-30,Standard Class,2015-09-04,25.3
8462,CA-2015-146500,912,248,319,2015-08-30,Standard Class,2015-09-04,95.94
8463,CA-2016-169537,1551,582,544,2016-09-03,Second Class,2016-09-07,7.5
8464,CA-2015-100881,173,661,383,2015-03-28,Standard Class,2015-04-01,302.376
8465,CA-2016-144043,1208,270,128,2016-05-10,Standard Class,2016-05-15,46.688
8466,CA-2016-116512,1199,499,24,2016-04-09,Standard Class,2016-04-14,17.94
8467,CA-2016-101000,533,491,212,2016-04-09,Standard Class,2016-04-14,370.14
8468,CA-2017-168557,79,396,35,2017-09-19,Standard Class,2017-09-23,8.928
8469,US-2017-164196,1300,156,420,2017-11-11,Standard Class,2017-11-17,2678.94
8470,US-2018-132031,367,44,378,2018-04-23,Standard Class,2018-04-27,387.136
8471,US-2018-132031,722,44,378,2018-04-23,Standard Class,2018-04-27,45.408
8472,US-2018-132031,1526,44,378,2018-04-23,Standard Class,2018-04-27,77.952
8473,US-2018-132031,1346,44,378,2018-04-23,Standard Class,2018-04-27,3.0
8474,CA-2016-169733,254,422,475,2016-10-22,Second Class,2016-10-26,9.952
8475,CA-2018-169404,352,545,356,2018-04-09,Standard Class,2018-04-14,37.896
8476,CA-2018-169404,1523,545,356,2018-04-09,Standard Class,2018-04-14,65.584
8477,CA-2018-134880,1559,70,155,2018-10-27,Standard Class,2018-11-01,44.784
8478,CA-2016-145758,1841,293,24,2016-10-30,Same Day,2016-10-30,1035.8
8479,CA-2018-158736,672,500,95,2018-12-18,Standard Class,2018-12-24,5.76
8480,US-2017-119270,1634,574,2,2017-03-12,Standard Class,2017-03-16,19.98
8481,CA-2015-109890,1764,311,199,2015-07-21,Standard Class,2015-07-27,35.98
8482,CA-2017-138583,925,504,75,2017-05-24,Standard Class,2017-05-28,16.656
8483,US-2018-118535,489,138,24,2018-02-11,Standard Class,2018-02-15,20.7
8484,CA-2017-126284,1596,634,437,2017-09-20,Standard Class,2017-09-24,83.7
8485,CA-2018-142391,562,172,61,2018-09-24,Same Day,2018-09-24,199.8
8486,CA-2018-124716,1265,787,253,2018-03-27,Standard Class,2018-03-31,45.68
8487,CA-2018-124716,163,787,253,2018-03-27,Standard Class,2018-03-31,110.96
8488,CA-2018-124716,1742,787,253,2018-03-27,Standard Class,2018-03-31,11.94
8489,CA-2017-158841,1630,340,102,2017-02-02,Second Class,2017-02-04,8749.95
8490,CA-2017-158841,249,340,102,2017-02-02,Second Class,2017-02-04,36.4
8491,CA-2017-158841,1566,340,102,2017-02-02,Second Class,2017-02-04,18.69
8492,CA-2018-106824,1080,248,14,2018-07-07,Standard Class,2018-07-11,5.94
8493,CA-2016-109190,1588,531,338,2016-10-23,Standard Class,2016-10-28,60.736
8494,CA-2016-109190,1688,531,338,2016-10-23,Standard Class,2016-10-28,479.976
8495,CA-2016-109190,1000,531,338,2016-10-23,Standard Class,2016-10-28,6.08
8496,CA-2017-143154,1616,128,593,2017-12-02,Standard Class,2017-12-08,165.6
8497,CA-2015-169061,398,493,232,2015-03-05,Second Class,2015-03-08,59.52
8498,CA-2015-169061,266,493,232,2015-03-05,Second Class,2015-03-08,479.97
8499,CA-2015-169061,661,493,232,2015-03-05,Second Class,2015-03-08,18.62
8500,CA-2015-169061,1340,493,232,2015-03-05,Second Class,2015-03-08,49.632
8501,CA-2015-169061,1185,493,232,2015-03-05,Second Class,2015-03-08,97.82
8502,CA-2016-102316,434,705,63,2016-03-01,Second Class,2016-03-03,15.984
8503,CA-2016-102316,390,705,63,2016-03-01,Second Class,2016-03-03,184.752
8504,CA-2015-164903,1542,257,14,2015-02-20,Standard Class,2015-02-24,12.96
8505,CA-2017-109400,1586,750,140,2017-05-02,Standard Class,2017-05-06,366.744
8506,CA-2017-130400,1182,320,163,2017-03-08,Standard Class,2017-03-12,8.856
8507,CA-2017-130400,61,320,163,2017-03-08,Standard Class,2017-03-12,27.96
8508,CA-2017-130400,1698,320,163,2017-03-08,Standard Class,2017-03-12,146.352
8509,CA-2016-135853,789,223,186,2016-12-11,First Class,2016-12-14,175.23
8510,CA-2016-135853,1420,223,186,2016-12-11,First Class,2016-12-14,125.99
8511,CA-2016-135853,1024,223,186,2016-12-11,First Class,2016-12-14,23.0
8512,CA-2017-103359,1400,63,46,2017-12-22,Standard Class,2017-12-26,25.584
8513,CA-2017-144645,738,375,17,2017-02-02,Standard Class,2017-02-08,73.784
8514,CA-2018-141614,1291,375,415,2018-06-05,Standard Class,2018-06-09,20.736
8515,CA-2016-122168,242,429,203,2016-08-21,Standard Class,2016-08-26,17.52
8516,CA-2016-122168,80,429,203,2016-08-21,Standard Class,2016-08-26,35.76
8517,CA-2017-132899,7,228,30,2017-04-07,Standard Class,2017-04-11,3.64
8518,CA-2018-149720,1309,192,406,2018-06-04,Second Class,2018-06-07,30.336
8519,CA-2018-118003,1824,771,335,2018-12-04,Standard Class,2018-12-10,12.99
8520,CA-2018-118003,164,771,335,2018-12-04,Standard Class,2018-12-10,182.22
8521,CA-2018-118003,212,771,335,2018-12-04,Standard Class,2018-12-10,302.94
8522,CA-2017-141887,876,89,48,2017-01-11,Standard Class,2017-01-15,54.992
8523,US-2017-160206,781,502,202,2017-04-01,Standard Class,2017-04-07,12.99
8524,CA-2018-133074,227,141,10,2018-09-21,Standard Class,2018-09-25,55.86
8525,CA-2018-161172,996,728,48,2018-03-16,Same Day,2018-03-16,44.376
8526,CA-2018-161172,1681,728,48,2018-03-16,Same Day,2018-03-16,51.264
8527,CA-2018-161172,69,728,48,2018-03-16,Same Day,2018-03-16,5.193
8528,CA-2018-161172,410,728,48,2018-03-16,Same Day,2018-03-16,159.984
8529,CA-2018-161172,299,728,48,2018-03-16,Same Day,2018-03-16,54.224
8530,CA-2018-137624,1319,468,142,2018-11-10,Standard Class,2018-11-17,241.424
8531,CA-2017-156748,1306,95,84,2017-11-30,Standard Class,2017-12-06,33.36
8532,CA-2017-156748,321,95,84,2017-11-30,Standard Class,2017-12-06,13.76
8533,CA-2017-156748,1044,95,84,2017-11-30,Standard Class,2017-12-06,496.86
8534,CA-2017-156748,71,95,84,2017-11-30,Standard Class,2017-12-06,389.97
8535,CA-2016-169677,608,755,113,2016-01-13,Second Class,2016-01-15,9.82
8536,US-2015-163146,1203,694,35,2015-05-16,Standard Class,2015-05-20,56.4
8537,CA-2016-157343,786,788,106,2016-06-07,Standard Class,2016-06-11,18.312
8538,CA-2016-157343,1554,788,106,2016-06-07,Standard Class,2016-06-11,25.92
8539,CA-2016-157343,1413,788,106,2016-06-07,Standard Class,2016-06-11,8.016
8540,CA-2018-147354,1328,42,142,2018-03-09,Standard Class,2018-03-13,479.984
8541,CA-2018-147354,9,42,142,2018-03-09,Standard Class,2018-03-13,30.84
8542,CA-2016-157287,1223,404,12,2016-12-22,First Class,2016-12-23,33.568
8543,CA-2016-157287,867,404,12,2016-12-22,First Class,2016-12-23,422.625
8544,CA-2015-137575,410,578,46,2015-08-06,Standard Class,2015-08-11,199.98
8545,CA-2017-119074,1654,104,113,2017-03-27,Standard Class,2017-03-31,20.24
8546,CA-2017-119074,1612,104,113,2017-03-27,Standard Class,2017-03-31,39.92
8547,CA-2017-119074,1527,104,113,2017-03-27,Standard Class,2017-03-31,32.54
8548,CA-2016-149566,198,335,14,2016-12-05,Standard Class,2016-12-10,39.0
8549,CA-2016-149566,817,335,14,2016-12-05,Standard Class,2016-12-10,12.6
8550,CA-2016-126186,443,335,43,2016-09-11,First Class,2016-09-12,24.64
8551,CA-2016-121132,1797,147,17,2016-07-17,Standard Class,2016-07-24,6.264
8552,CA-2016-121132,486,147,17,2016-07-17,Standard Class,2016-07-24,14.432
8553,CA-2015-140473,852,467,37,2015-05-30,Standard Class,2015-06-03,719.976
8554,US-2018-102904,702,91,34,2018-11-13,Standard Class,2018-11-20,239.92
8555,CA-2017-102092,1001,401,29,2017-12-09,First Class,2017-12-11,1056.86
8556,CA-2016-117884,429,291,453,2016-03-22,Same Day,2016-03-22,447.944
8557,CA-2016-117884,1752,291,453,2016-03-22,Same Day,2016-03-22,150.408
8558,CA-2017-132829,868,157,17,2017-12-23,Second Class,2017-12-26,453.576
8559,CA-2017-132829,1622,157,17,2017-12-23,Second Class,2017-12-26,45.36
8560,CA-2017-132829,1192,157,17,2017-12-23,Second Class,2017-12-26,287.88
8561,CA-2017-132829,1515,157,17,2017-12-23,Second Class,2017-12-26,131.88
8562,CA-2017-132829,397,157,17,2017-12-23,Second Class,2017-12-26,2.328
8563,CA-2017-123540,1004,250,202,2017-04-02,Second Class,2017-04-06,1454.9
8564,US-2018-108315,974,415,606,2018-04-30,Standard Class,2018-05-04,4.842
8565,US-2018-108315,1763,415,606,2018-04-30,Standard Class,2018-05-04,220.704
8566,CA-2017-134110,1481,768,485,2017-11-17,First Class,2017-11-18,67.176
8567,CA-2017-134110,1394,768,485,2017-11-17,First Class,2017-11-18,15.232
8568,US-2017-136581,1291,278,412,2017-11-10,First Class,2017-11-12,31.104
8569,CA-2017-162390,1592,318,419,2017-12-06,Standard Class,2017-12-12,968.744
8570,CA-2017-162390,95,318,419,2017-12-06,Standard Class,2017-12-12,222.352
8571,CA-2017-162390,852,318,419,2017-12-06,Standard Class,2017-12-12,479.984
8572,CA-2017-162222,1118,257,177,2017-04-03,Same Day,2017-04-03,10.272
8573,CA-2015-121629,1094,538,17,2015-11-28,Standard Class,2015-12-02,998.85
8574,CA-2016-164623,34,475,46,2016-10-20,First Class,2016-10-22,24.56
8575,CA-2015-159849,970,83,95,2015-09-19,Same Day,2015-09-19,5.67
8576,CA-2018-101273,567,462,454,2018-08-27,Second Class,2018-08-30,14.336
8577,CA-2018-106747,744,701,209,2018-07-03,First Class,2018-07-04,102.3
8578,CA-2018-146164,336,497,39,2018-12-22,Standard Class,2018-12-26,607.52
8579,CA-2018-146164,231,497,39,2018-12-22,Standard Class,2018-12-26,31.16
8580,CA-2017-111605,1797,528,176,2017-12-27,Standard Class,2018-01-02,2.61
8581,CA-2015-130673,1782,566,607,2015-05-20,Second Class,2015-05-22,10.332
8582,CA-2015-130673,731,566,607,2015-05-20,Second Class,2015-05-22,10.368
8583,CA-2015-130673,1422,566,607,2015-05-20,Second Class,2015-05-22,20.784
8584,CA-2015-130673,1765,566,607,2015-05-20,Second Class,2015-05-22,66.96
8585,CA-2015-104808,829,776,246,2015-02-04,Second Class,2015-02-08,17.248
8586,US-2018-132927,1086,743,64,2018-12-09,Standard Class,2018-12-15,11.088
8587,CA-2018-162015,218,209,14,2018-07-11,Standard Class,2018-07-18,1287.45
8588,CA-2018-162015,732,209,14,2018-07-11,Standard Class,2018-07-18,168.1
8589,CA-2016-138492,572,713,12,2016-05-15,Standard Class,2016-05-22,51.968
8590,CA-2018-145338,80,421,75,2018-01-29,First Class,2018-02-01,4.768
8591,CA-2018-126676,1511,93,419,2018-09-29,First Class,2018-10-01,7.98
8592,CA-2018-101700,1041,3,608,2018-04-23,First Class,2018-04-26,18.688
8593,CA-2018-101700,1722,3,608,2018-04-23,First Class,2018-04-26,11.664
8594,CA-2018-159667,429,328,134,2018-11-09,Standard Class,2018-11-13,191.976
8595,CA-2018-159667,1808,328,134,2018-11-09,Standard Class,2018-11-13,499.168
8596,CA-2015-111934,991,242,102,2015-05-05,First Class,2015-05-07,11.88
8597,CA-2015-111934,259,242,102,2015-05-05,First Class,2015-05-07,35.44
8598,US-2017-117387,1787,51,35,2017-10-27,Standard Class,2017-10-31,67.136
8599,CA-2015-141110,752,625,253,2015-11-26,Standard Class,2015-12-01,4.32
8600,CA-2015-141110,1026,625,253,2015-11-26,Standard Class,2015-12-01,14.94
8601,CA-2015-141110,1267,625,253,2015-11-26,Standard Class,2015-12-01,40.54
8602,CA-2015-141110,1317,625,253,2015-11-26,Standard Class,2015-12-01,7.312
8603,US-2015-133949,1496,312,244,2015-12-31,Same Day,2015-12-31,475.944
8604,US-2017-116365,1203,120,66,2017-01-03,Standard Class,2017-01-08,30.08
8605,US-2017-116365,1616,120,66,2017-01-03,Standard Class,2017-01-08,165.6
8606,US-2017-116365,1410,120,66,2017-01-03,Standard Class,2017-01-08,180.96
8607,CA-2018-162936,568,381,273,2018-08-18,Standard Class,2018-08-22,23.18
8608,CA-2015-151946,1147,591,46,2015-06-04,Standard Class,2015-06-09,56.96
8609,CA-2015-151946,1035,591,46,2015-06-04,Standard Class,2015-06-09,15.56
8610,CA-2015-151946,588,591,46,2015-06-04,Standard Class,2015-06-09,353.568
8611,CA-2015-151946,771,591,46,2015-06-04,Standard Class,2015-06-09,13.96
8612,CA-2018-123624,1351,340,569,2018-11-13,Second Class,2018-11-17,82.95
8613,CA-2017-146437,398,429,2,2017-01-28,Second Class,2017-02-01,39.68
8614,CA-2017-138233,266,59,233,2017-11-09,Standard Class,2017-11-14,479.97
8615,CA-2017-165918,1648,421,200,2017-09-10,Standard Class,2017-09-14,7.38
8616,CA-2017-165918,991,421,200,2017-09-10,Standard Class,2017-09-14,14.256
8617,CA-2017-165918,840,421,200,2017-09-10,Standard Class,2017-09-14,81.98
8618,CA-2017-165918,730,421,200,2017-09-10,Standard Class,2017-09-14,39.624
8619,CA-2018-117513,720,388,26,2018-03-03,Standard Class,2018-03-08,399.672
8620,CA-2018-132437,1570,314,24,2018-09-08,Second Class,2018-09-13,65.12
8621,US-2018-119319,678,703,163,2018-11-06,Second Class,2018-11-09,30.56
8622,CA-2018-104318,96,396,79,2018-05-13,Standard Class,2018-05-18,20.768
8623,US-2017-114230,254,633,52,2017-11-27,Standard Class,2017-12-01,39.808
8624,CA-2016-136147,1081,249,328,2016-11-13,Standard Class,2016-11-18,121.104
8625,CA-2016-136147,1131,249,328,2016-11-13,Standard Class,2016-11-18,111.96
8626,CA-2016-156118,1222,429,98,2016-12-08,Standard Class,2016-12-12,15.696
8627,CA-2016-164084,1248,133,165,2016-09-07,Standard Class,2016-09-12,70.26
8628,CA-2016-164084,1543,133,165,2016-09-07,Standard Class,2016-09-12,90.0
8629,CA-2016-164084,537,133,165,2016-09-07,Standard Class,2016-09-12,6.096
8630,CA-2016-164084,1383,133,165,2016-09-07,Standard Class,2016-09-12,481.176
8631,CA-2016-164084,805,133,165,2016-09-07,Standard Class,2016-09-12,7.24
8632,CA-2017-107783,632,221,529,2017-07-28,First Class,2017-07-29,177.45
8633,CA-2017-107783,693,221,529,2017-07-28,First Class,2017-07-29,1369.764
8634,CA-2017-107783,1684,221,529,2017-07-28,First Class,2017-07-29,9.48
8635,CA-2018-159793,1,278,12,2018-08-25,Standard Class,2018-08-29,130.98
8636,CA-2015-160094,1754,595,176,2015-04-30,First Class,2015-05-02,174.95
8637,CA-2015-160094,547,595,176,2015-04-30,First Class,2015-05-02,826.0
8638,CA-2018-151281,64,32,60,2018-04-27,Standard Class,2018-05-02,139.58
8639,CA-2018-118346,1106,179,309,2018-07-23,First Class,2018-07-24,399.95
8640,CA-2015-129819,926,170,1,2015-12-13,Second Class,2015-12-15,12.39
8641,US-2018-148551,693,107,163,2018-01-12,Standard Class,2018-01-16,760.98
8642,CA-2018-147767,444,604,345,2018-12-02,Same Day,2018-12-02,67.86
8643,CA-2016-108259,295,375,223,2016-11-08,Standard Class,2016-11-15,31.504
8644,CA-2016-108259,1622,375,223,2016-11-08,Standard Class,2016-11-15,5.04
8645,CA-2016-108259,413,375,223,2016-11-08,Standard Class,2016-11-15,39.879
8646,CA-2016-108259,326,375,223,2016-11-08,Standard Class,2016-11-15,4.712
8647,CA-2017-113341,168,709,4,2017-11-25,Standard Class,2017-11-29,194.352
8648,US-2016-131842,213,646,395,2016-12-05,First Class,2016-12-08,97.424
8649,CA-2017-164574,719,654,44,2017-07-29,Standard Class,2017-08-03,704.76
8650,CA-2017-164574,472,654,44,2017-07-29,Standard Class,2017-08-03,27.396
8651,CA-2015-142769,1706,262,6,2015-09-13,Same Day,2015-09-13,5.7
8652,CA-2015-142769,284,262,6,2015-09-13,Same Day,2015-09-13,14.19
8653,CA-2015-142769,504,262,6,2015-09-13,Same Day,2015-09-13,7.3
8654,CA-2015-142769,591,262,6,2015-09-13,Same Day,2015-09-13,199.98
8655,CA-2015-142769,1520,262,6,2015-09-13,Same Day,2015-09-13,144.96
8656,CA-2015-142769,1014,262,6,2015-09-13,Same Day,2015-09-13,118.0
8657,CA-2015-142769,1439,262,6,2015-09-13,Same Day,2015-09-13,48.94
8658,CA-2015-142769,1202,262,6,2015-09-13,Same Day,2015-09-13,22.66
8659,CA-2017-168361,808,34,37,2017-06-21,Standard Class,2017-06-25,0.836
8660,CA-2017-153185,1409,589,94,2017-09-03,Standard Class,2017-09-08,30.96
8661,CA-2018-124765,1104,522,3,2018-11-25,Standard Class,2018-11-30,723.92
8662,CA-2016-131856,1650,507,17,2016-05-12,Standard Class,2016-05-17,21.968
8663,CA-2016-131856,958,507,17,2016-05-12,Standard Class,2016-05-17,619.152
8664,CA-2016-131856,601,507,17,2016-05-12,Standard Class,2016-05-17,127.904
8665,CA-2018-126634,1156,270,468,2018-03-30,Second Class,2018-04-01,94.2
8666,CA-2017-118500,559,708,35,2017-11-17,First Class,2017-11-18,49.5
8667,CA-2017-163951,1561,789,12,2017-12-30,First Class,2018-01-02,16.52
8668,CA-2017-149916,154,526,61,2017-12-22,Second Class,2017-12-24,55.36
8669,CA-2017-149916,1704,526,61,2017-12-22,Second Class,2017-12-24,11.56
8670,CA-2016-158918,1116,483,2,2016-12-20,Second Class,2016-12-25,17.12
8671,US-2015-159611,1598,42,178,2015-12-27,Second Class,2016-01-01,182.352
8672,US-2015-159611,236,42,178,2015-12-27,Second Class,2016-01-01,118.16
8673,CA-2018-163265,272,560,68,2018-02-16,Standard Class,2018-02-21,18.368
8674,CA-2018-163265,121,560,68,2018-02-16,Standard Class,2018-02-21,600.558
8675,CA-2018-163265,194,560,68,2018-02-16,Standard Class,2018-02-21,50.352
8676,CA-2018-163265,513,560,68,2018-02-16,Standard Class,2018-02-21,28.032
8677,CA-2018-163265,1007,560,68,2018-02-16,Standard Class,2018-02-21,7.692
8678,CA-2018-141705,1117,139,609,2018-10-24,First Class,2018-10-26,517.405
8679,CA-2017-112739,637,280,33,2017-09-02,Second Class,2017-09-07,8.608
8680,CA-2017-112739,686,280,33,2017-09-02,Second Class,2017-09-07,159.56
8681,CA-2017-143805,228,64,196,2017-12-01,Second Class,2017-12-03,2104.55
8682,CA-2017-143805,598,64,196,2017-12-01,Second Class,2017-12-03,40.7
8683,CA-2015-133634,1366,257,102,2015-11-05,Standard Class,2015-11-10,47.79
8684,CA-2018-101665,680,357,35,2018-11-25,Standard Class,2018-12-01,5.16
8685,CA-2017-155446,428,185,143,2017-12-16,Standard Class,2017-12-23,21.21
8686,CA-2018-137323,1230,464,290,2018-11-14,Second Class,2018-11-18,96.36
8687,CA-2017-144015,414,341,2,2017-06-26,Same Day,2017-06-26,231.72
8688,CA-2017-144015,295,341,2,2017-06-26,Same Day,2017-06-26,17.9
8689,CA-2017-144015,911,341,2,2017-06-26,Same Day,2017-06-26,12.48
8690,CA-2015-101427,1217,673,12,2015-12-26,Standard Class,2015-12-30,8.016
8691,CA-2017-136770,1016,71,76,2017-08-14,Standard Class,2017-08-18,259.896
8692,CA-2017-136770,639,71,76,2017-08-14,Standard Class,2017-08-18,247.188
8693,CA-2017-136770,1510,71,76,2017-08-14,Standard Class,2017-08-18,279.96
8694,CA-2017-118311,294,526,95,2017-10-24,Standard Class,2017-10-28,450.0
8695,US-2015-112795,549,129,437,2015-08-23,Second Class,2015-08-28,19.44
8696,CA-2018-127096,216,38,10,2018-09-15,Second Class,2018-09-17,300.904
8697,CA-2018-119284,1279,132,395,2018-06-15,Standard Class,2018-06-20,239.976
8698,CA-2018-119284,222,132,395,2018-06-15,Standard Class,2018-06-20,31.168
8699,CA-2018-119284,1530,132,395,2018-06-15,Standard Class,2018-06-20,120.96
8700,CA-2018-119284,755,132,395,2018-06-15,Standard Class,2018-06-20,2239.936
8701,CA-2018-119284,361,132,395,2018-06-15,Standard Class,2018-06-20,76.608
8702,CA-2018-119284,519,132,395,2018-06-15,Standard Class,2018-06-20,142.776
8703,CA-2018-119284,1842,132,395,2018-06-15,Standard Class,2018-06-20,91.36
8704,CA-2016-133494,1109,262,75,2016-03-01,Standard Class,2016-03-05,3.552
8705,CA-2017-111318,1764,583,17,2017-07-23,First Class,2017-07-26,115.136
8706,US-2015-132745,1836,740,244,2015-10-01,Standard Class,2015-10-05,4.71
8707,CA-2015-146815,993,453,30,2015-09-08,Standard Class,2015-09-13,172.764
8708,CA-2015-146815,1274,453,30,2015-09-08,Standard Class,2015-09-13,3.52
8709,CA-2015-119144,772,252,142,2015-11-16,First Class,2015-11-18,79.968
8710,CA-2015-119144,575,252,142,2015-11-16,First Class,2015-11-18,305.9745
8711,CA-2015-119144,157,252,142,2015-11-16,First Class,2015-11-18,344.91
8712,CA-2015-105648,972,413,89,2015-03-03,Standard Class,2015-03-07,626.352
8713,US-2016-145422,1249,618,95,2016-12-03,Standard Class,2016-12-07,359.499
8714,CA-2018-136623,612,748,189,2018-07-11,Standard Class,2018-07-16,71.952
8715,CA-2018-136623,986,748,189,2018-07-11,Standard Class,2018-07-16,29.8
8716,CA-2018-121678,526,313,610,2018-11-16,Second Class,2018-11-20,1.824
8717,CA-2017-120824,1430,586,33,2017-06-12,Second Class,2017-06-16,64.384
8718,CA-2017-120824,699,586,33,2017-06-12,Second Class,2017-06-16,6.984
8719,CA-2017-120824,1274,586,33,2017-06-12,Second Class,2017-06-16,11.264
8720,CA-2017-120824,1642,586,33,2017-06-12,Second Class,2017-06-16,15.552
8721,CA-2017-120824,1632,586,33,2017-06-12,Second Class,2017-06-16,379.372
8722,CA-2017-120824,1191,586,33,2017-06-12,Second Class,2017-06-16,67.536
8723,CA-2017-120824,32,586,33,2017-06-12,Second Class,2017-06-16,1.524
8724,US-2017-135209,482,763,328,2017-12-29,Second Class,2017-12-31,37.408
8725,US-2017-135209,1715,763,328,2017-12-29,Second Class,2017-12-31,25.344
8726,CA-2018-148145,685,350,61,2018-03-18,Standard Class,2018-03-23,46.2
8727,CA-2016-103870,1838,134,109,2016-12-27,Standard Class,2016-12-31,4.728
8728,CA-2016-103870,1835,134,109,2016-12-27,Standard Class,2016-12-31,53.352
8729,CA-2016-103870,1633,134,109,2016-12-27,Standard Class,2016-12-31,131.104
8730,CA-2016-103870,1191,134,109,2016-12-27,Standard Class,2016-12-31,22.512
8731,CA-2016-103870,1422,134,109,2016-12-27,Standard Class,2016-12-31,72.744
8732,CA-2016-111017,355,282,358,2016-07-31,Standard Class,2016-08-06,52.59
8733,CA-2018-116988,1466,464,60,2018-06-27,Second Class,2018-06-29,19.44
8734,CA-2018-116988,452,464,60,2018-06-27,Second Class,2018-06-29,126.3
8735,CA-2018-116988,218,464,60,2018-06-27,Second Class,2018-06-29,1287.45
8736,US-2015-169390,721,295,24,2015-02-07,Second Class,2015-02-10,64.96
8737,CA-2017-168774,519,533,532,2017-09-04,Standard Class,2017-09-09,535.41
8738,CA-2018-161592,807,729,428,2018-04-06,Standard Class,2018-04-10,8.1
8739,US-2018-131961,155,78,12,2018-12-08,First Class,2018-12-11,13.248
8740,US-2018-131961,432,78,12,2018-12-08,First Class,2018-12-11,83.988
8741,CA-2017-102498,1065,507,299,2017-07-24,First Class,2017-07-25,73.2
8742,CA-2016-113222,176,327,452,2016-11-09,Same Day,2016-11-09,10.74
8743,US-2016-144771,94,238,588,2016-10-02,First Class,2016-10-04,11.032
8744,US-2016-144771,177,238,588,2016-10-02,First Class,2016-10-04,53.04
8745,CA-2016-162376,19,788,565,2016-11-22,Second Class,2016-11-25,17.12
8746,CA-2016-162376,1786,788,565,2016-11-22,Second Class,2016-11-25,59.94
8747,CA-2018-128076,794,636,189,2018-02-02,Standard Class,2018-02-07,210.58
8748,CA-2018-128076,613,636,189,2018-02-02,Standard Class,2018-02-07,30.96
8749,CA-2018-128076,1749,636,189,2018-02-02,Standard Class,2018-02-07,239.984
8750,US-2016-163825,451,63,30,2016-06-16,First Class,2016-06-19,3050.376
8751,US-2016-163825,1087,63,30,2016-06-16,First Class,2016-06-19,133.98
8752,CA-2017-105662,1843,47,394,2017-05-05,Standard Class,2017-05-09,93.248
8753,CA-2017-105662,1193,47,394,2017-05-05,Standard Class,2017-05-09,177.48
8754,CA-2018-152198,1140,558,214,2018-09-09,First Class,2018-09-10,17.712
8755,CA-2018-152198,807,558,214,2018-09-09,First Class,2018-09-10,4.86
8756,CA-2018-152198,1125,558,214,2018-09-09,First Class,2018-09-10,6.258
8757,CA-2017-114307,552,717,210,2017-07-22,Standard Class,2017-07-26,37.68
8758,CA-2017-114307,261,717,210,2017-07-22,Standard Class,2017-07-26,51.84
8759,CA-2017-114307,646,717,210,2017-07-22,Standard Class,2017-07-26,27.42
8760,CA-2017-114307,752,717,210,2017-07-22,Standard Class,2017-07-26,5.4
8761,CA-2017-159891,451,409,149,2017-01-31,Standard Class,2017-02-06,1270.99
8762,CA-2017-159891,1359,409,149,2017-01-31,Standard Class,2017-02-06,125.36
8763,CA-2017-112578,769,384,379,2017-12-29,Standard Class,2018-01-02,14.03
8764,CA-2017-112578,1353,384,379,2017-12-29,Standard Class,2018-01-02,27.96
8765,CA-2016-107083,1217,180,7,2016-11-21,Standard Class,2016-11-27,5.344
8766,CA-2016-107083,16,180,7,2016-11-21,Standard Class,2016-11-27,1.696
8767,CA-2016-107083,1837,180,7,2016-11-21,Standard Class,2016-11-27,24.588
8768,CA-2016-107083,417,180,7,2016-11-21,Standard Class,2016-11-27,7.98
8769,CA-2016-151722,294,583,48,2016-10-05,Standard Class,2016-10-09,288.0
8770,CA-2017-151148,1751,179,128,2017-09-12,Same Day,2017-09-13,146.952
8771,CA-2017-151148,793,179,128,2017-09-12,Same Day,2017-09-13,83.136
8772,CA-2018-115882,1219,588,314,2018-09-14,First Class,2018-09-17,942.784
8773,CA-2018-115882,1031,588,314,2018-09-14,First Class,2018-09-17,74.352
8774,CA-2016-132276,567,785,24,2016-02-23,Standard Class,2016-02-28,26.88
8775,CA-2016-132276,1283,785,24,2016-02-23,Standard Class,2016-02-28,10.896
8776,CA-2017-163636,148,487,37,2017-12-05,Second Class,2017-12-09,3.536
8777,CA-2017-102813,663,106,144,2017-07-02,First Class,2017-07-03,528.43
8778,CA-2017-102813,1441,106,144,2017-07-02,First Class,2017-07-03,41.472
8779,CA-2018-135377,575,163,24,2018-12-13,Standard Class,2018-12-18,287.976
8780,CA-2016-165813,763,299,161,2016-03-20,Second Class,2016-03-22,29.304
8781,CA-2016-133585,1262,783,33,2016-03-01,First Class,2016-03-04,55.328
8782,CA-2016-133585,790,783,33,2016-03-01,First Class,2016-03-04,1227.9984
8783,CA-2017-116911,1207,252,611,2017-09-15,Standard Class,2017-09-20,20.416
8784,CA-2017-116911,216,252,611,2017-09-15,Standard Class,2017-09-20,1128.39
8785,US-2018-129224,1187,358,365,2018-03-17,Standard Class,2018-03-23,4.608
8786,CA-2018-145765,1693,699,52,2018-05-28,Standard Class,2018-06-02,195.96
8787,CA-2018-145765,1484,699,52,2018-05-28,Standard Class,2018-06-02,15.552
8788,CA-2018-145765,107,699,52,2018-05-28,Standard Class,2018-06-02,271.968
8789,CA-2018-126914,1004,556,234,2018-06-15,Standard Class,2018-06-19,698.352
8790,CA-2018-126914,1196,556,234,2018-06-15,Standard Class,2018-06-19,77.728
8791,CA-2016-169572,1473,133,196,2016-09-06,Standard Class,2016-09-12,46.62
8792,CA-2018-162075,665,628,17,2018-03-18,Standard Class,2018-03-24,537.544
8793,CA-2015-162992,574,163,142,2015-12-19,First Class,2015-12-21,14.62
8794,CA-2015-162992,486,163,142,2015-12-19,First Class,2015-12-21,22.55
8795,CA-2015-162992,1286,163,142,2015-12-19,First Class,2015-12-21,583.8
8796,CA-2015-162992,666,163,142,2015-12-19,First Class,2015-12-21,211.168
8797,CA-2017-106397,491,78,13,2017-07-07,Standard Class,2017-07-13,12.96
8798,CA-2017-106397,1244,78,13,2017-07-07,Standard Class,2017-07-13,45.98
8799,US-2017-150140,1368,92,370,2017-04-06,Standard Class,2017-04-10,1294.75
8800,CA-2015-116666,307,410,64,2015-05-08,First Class,2015-05-10,1799.97
8801,CA-2018-148992,1284,295,37,2018-11-23,Standard Class,2018-11-27,10.688
8802,CA-2017-140935,1721,756,336,2017-11-10,First Class,2017-11-12,221.98
8803,CA-2017-140935,1107,756,336,2017-11-10,First Class,2017-11-12,341.96
8804,CA-2015-157644,568,693,46,2015-12-31,First Class,2016-01-01,34.77
8805,CA-2015-157644,166,693,46,2015-12-31,First Class,2016-01-01,18.9
8806,US-2018-100398,1161,158,363,2018-08-19,Standard Class,2018-08-23,102.72
8807,CA-2017-113082,1703,566,550,2017-09-12,Standard Class,2017-09-16,40.48
8808,US-2018-110646,806,441,64,2018-10-26,Standard Class,2018-10-31,33.282
8809,US-2018-110646,1256,441,64,2018-10-26,Standard Class,2018-10-31,118.65
8810,US-2018-110646,933,441,64,2018-10-26,Standard Class,2018-10-31,14.76
8811,CA-2018-120614,946,417,26,2018-05-30,Standard Class,2018-06-04,37.52
8812,US-2017-140172,1144,71,31,2017-03-08,Standard Class,2017-03-13,207.144
8813,US-2017-140172,1623,71,31,2017-03-08,Standard Class,2017-03-13,13.9
8814,CA-2016-127754,638,317,276,2016-07-26,Standard Class,2016-07-31,266.352
8815,CA-2016-144274,349,618,50,2016-11-23,Second Class,2016-11-25,307.98
8816,CA-2016-144274,1844,618,50,2016-11-23,Second Class,2016-11-25,44.1
8817,CA-2016-144274,170,618,50,2016-11-23,Second Class,2016-11-25,13.12
8818,CA-2016-144274,1452,618,50,2016-11-23,Second Class,2016-11-25,16.56
8819,CA-2016-144274,491,618,50,2016-11-23,Second Class,2016-11-25,38.88
8820,CA-2016-142930,657,433,111,2016-11-28,Standard Class,2016-12-02,335.52
8821,CA-2018-100622,456,55,415,2018-11-03,Standard Class,2018-11-07,959.984
8822,CA-2018-100622,1283,55,415,2018-11-03,Standard Class,2018-11-07,4.086
8823,CA-2018-100622,1754,55,415,2018-11-03,Standard Class,2018-11-07,55.984
8824,CA-2018-100622,712,55,415,2018-11-03,Standard Class,2018-11-07,10.688
8825,CA-2018-117156,437,27,332,2018-03-21,Second Class,2018-03-23,8.856
8826,CA-2016-115399,1187,152,64,2016-12-19,First Class,2016-12-22,6.912
8827,US-2015-157847,482,711,15,2015-04-02,Second Class,2015-04-06,26.72
8828,US-2015-157847,1775,711,15,2015-04-02,Second Class,2015-04-06,33.488
8829,CA-2016-115168,1158,180,585,2016-06-05,Standard Class,2016-06-09,10.56
8830,CA-2015-109680,1663,779,304,2015-10-06,First Class,2015-10-09,386.34
8831,CA-2017-167983,808,346,61,2017-08-21,Second Class,2017-08-24,33.44
8832,CA-2016-145324,562,724,245,2016-11-15,Standard Class,2016-11-19,39.96
8833,CA-2016-153423,693,518,145,2016-06-22,Standard Class,2016-06-27,1217.568
8834,US-2018-132675,1019,581,494,2018-09-24,Standard Class,2018-09-28,15.51
8835,US-2018-132675,1518,581,494,2018-09-24,Standard Class,2018-09-28,89.9
8836,US-2018-132675,1743,581,494,2018-09-24,Standard Class,2018-09-28,14.28
8837,US-2018-132675,754,581,494,2018-09-24,Standard Class,2018-09-28,12.72
8838,US-2018-132675,366,581,494,2018-09-24,Standard Class,2018-09-28,15.75
8839,CA-2015-153808,1560,396,26,2015-04-06,Second Class,2015-04-10,70.95
8840,CA-2015-153808,103,396,26,2015-04-06,Second Class,2015-04-10,65.568
8841,CA-2015-153808,1337,396,26,2015-04-06,Second Class,2015-04-10,299.97
8842,US-2017-112396,247,336,95,2017-02-09,Standard Class,2017-02-13,89.97
8843,US-2017-112396,789,336,95,2017-02-09,Standard Class,2017-02-13,31.86
8844,CA-2015-141173,1679,37,40,2015-11-18,Second Class,2015-11-20,67.15
8845,CA-2018-156664,1233,444,48,2018-12-18,Standard Class,2018-12-23,7.236
8846,CA-2018-156664,132,444,48,2018-12-18,Standard Class,2018-12-23,4.824
8847,CA-2018-156664,394,444,48,2018-12-18,Standard Class,2018-12-23,91.36
8848,CA-2018-156664,724,444,48,2018-12-18,Standard Class,2018-12-23,130.112
8849,CA-2016-140718,919,136,314,2016-07-02,First Class,2016-07-04,74.24
8850,CA-2016-140718,892,136,314,2016-07-02,First Class,2016-07-04,159.84
8851,CA-2016-140718,545,136,314,2016-07-02,First Class,2016-07-04,2.892
8852,CA-2016-140718,708,136,314,2016-07-02,First Class,2016-07-04,9.392
8853,CA-2015-119977,1020,36,165,2015-10-08,Second Class,2015-10-13,123.92
8854,US-2016-115343,1206,384,106,2016-09-22,First Class,2016-09-25,55.6
8855,US-2016-115343,218,384,106,2016-09-22,First Class,2016-09-25,617.976
8856,CA-2018-163671,214,318,429,2018-12-24,Standard Class,2018-12-30,21.312
8857,CA-2018-135909,344,479,379,2018-10-13,Standard Class,2018-10-20,209.94
8858,CA-2018-135909,1432,479,379,2018-10-13,Standard Class,2018-10-20,31.984
8859,CA-2018-135909,451,479,379,2018-10-13,Standard Class,2018-10-20,5083.96
8860,US-2018-114356,1518,500,44,2018-08-20,Standard Class,2018-08-26,35.96
8861,CA-2016-125934,1656,382,335,2016-09-11,Standard Class,2016-09-18,31.05
8862,CA-2016-125934,1349,382,335,2016-09-11,Standard Class,2016-09-18,8.92
8863,CA-2016-125934,271,382,335,2016-09-11,Standard Class,2016-09-18,209.6
8864,CA-2016-125934,1110,382,335,2016-09-11,Standard Class,2016-09-18,111.04
8865,CA-2016-125934,1651,382,335,2016-09-11,Standard Class,2016-09-18,38.88
8866,CA-2016-158148,1205,623,102,2016-12-20,Standard Class,2016-12-26,36.27
8867,CA-2015-120411,1602,767,156,2015-09-20,First Class,2015-09-23,493.43
8868,CA-2015-120411,1092,767,156,2015-09-20,First Class,2015-09-23,11.12
8869,CA-2017-158260,1772,694,89,2017-11-04,Standard Class,2017-11-08,686.4
8870,CA-2018-101805,1407,65,60,2018-12-01,Standard Class,2018-12-06,15.92
8871,CA-2018-101805,326,65,60,2018-12-01,Standard Class,2018-12-06,70.68
8872,CA-2018-101805,274,65,60,2018-12-01,Standard Class,2018-12-06,541.24
8873,US-2015-105137,1845,580,48,2015-10-10,Same Day,2015-10-10,101.994
8874,US-2015-105137,472,580,48,2015-10-10,Same Day,2015-10-10,18.264
8875,CA-2018-142489,716,647,15,2018-11-14,Second Class,2018-11-16,21.99
8876,US-2017-141264,414,565,274,2017-08-13,Standard Class,2017-08-19,185.376
8877,US-2017-141264,1219,565,274,2017-08-13,Standard Class,2017-08-19,58.924
8878,CA-2018-126928,1846,48,93,2018-09-17,Standard Class,2018-09-23,480.0
8879,CA-2018-126928,76,48,93,2018-09-17,Standard Class,2018-09-23,34.05
8880,US-2016-107944,162,88,142,2016-03-23,First Class,2016-03-25,192.72
8881,US-2016-107944,1106,88,142,2016-03-23,First Class,2016-03-25,239.97
8882,CA-2017-135594,1045,572,174,2017-06-30,Second Class,2017-07-03,50.12
8883,US-2018-115252,1558,502,36,2018-10-20,Standard Class,2018-10-25,15.984
8884,US-2018-115252,458,502,36,2018-10-20,Standard Class,2018-10-25,14.352
8885,CA-2015-107398,305,30,48,2015-08-25,Standard Class,2015-08-30,6.528
8886,CA-2015-107398,1311,30,48,2015-08-25,Standard Class,2015-08-30,2.862
8887,CA-2015-107398,531,30,48,2015-08-25,Standard Class,2015-08-30,20.856
8888,CA-2015-169642,943,122,2,2015-07-27,Second Class,2015-07-30,276.28
8889,CA-2018-103968,584,530,352,2018-12-01,Standard Class,2018-12-07,629.64
8890,CA-2017-147256,1335,764,339,2017-10-17,Second Class,2017-10-21,449.97
8891,CA-2017-147256,1342,764,339,2017-10-17,Second Class,2017-10-21,1927.59
8892,CA-2017-162159,65,129,113,2017-09-16,First Class,2017-09-18,121.78
8893,CA-2016-111038,874,785,89,2016-12-01,Standard Class,2016-12-06,2676.672
8894,CA-2015-124723,1111,48,574,2015-08-05,Standard Class,2015-08-12,489.23
8895,CA-2017-167241,576,218,26,2017-08-15,Standard Class,2017-08-22,312.03
8896,CA-2017-167241,1199,218,26,2017-08-15,Standard Class,2017-08-22,17.94
8897,CA-2017-167241,303,218,26,2017-08-15,Standard Class,2017-08-22,165.6
8898,CA-2017-167241,946,218,26,2017-08-15,Standard Class,2017-08-22,37.52
8899,CA-2016-163237,1406,314,29,2016-08-07,Second Class,2016-08-09,494.97
8900,CA-2016-163237,1352,314,29,2016-08-07,Second Class,2016-08-09,25.06
8901,CA-2017-150483,1832,444,68,2017-05-31,Standard Class,2017-06-04,32.064
8902,CA-2017-150483,1829,444,68,2017-05-31,Standard Class,2017-06-04,18.496
8903,CA-2017-150483,1456,444,68,2017-05-31,Standard Class,2017-06-04,191.079
8904,CA-2017-150483,748,444,68,2017-05-31,Standard Class,2017-06-04,10.368
8905,US-2017-126431,934,712,30,2017-07-01,Same Day,2017-07-01,30.53
8906,US-2017-126431,1387,712,30,2017-07-01,Same Day,2017-07-01,30.84
8907,US-2017-126431,145,712,30,2017-07-01,Same Day,2017-07-01,75.06
8908,CA-2017-139934,180,673,95,2017-12-18,First Class,2017-12-20,66.976
8909,CA-2016-109603,1275,606,520,2016-01-26,Standard Class,2016-02-01,182.72
8910,CA-2018-160661,149,194,289,2018-10-28,Standard Class,2018-11-01,21.93
8911,CA-2018-102610,435,245,428,2018-11-04,Standard Class,2018-11-08,95.976
8912,CA-2018-102610,1778,245,428,2018-11-04,Standard Class,2018-11-08,143.928
8913,CA-2018-102610,991,245,428,2018-11-04,Standard Class,2018-11-08,3.564
8914,CA-2018-102610,1039,245,428,2018-11-04,Standard Class,2018-11-08,4.928
8915,US-2017-144057,519,52,111,2017-05-09,Standard Class,2017-05-13,856.656
8916,US-2017-144057,92,52,111,2017-05-09,Standard Class,2017-05-13,13.184
8917,US-2017-144057,1713,52,111,2017-05-09,Standard Class,2017-05-13,48.784
8918,US-2017-144057,137,52,111,2017-05-09,Standard Class,2017-05-13,76.64
8919,US-2017-144057,1088,52,111,2017-05-09,Standard Class,2017-05-13,18.528
8920,CA-2015-160276,1741,707,221,2015-04-02,Standard Class,2015-04-08,177.68
8921,CA-2015-132983,1106,104,390,2015-04-28,Standard Class,2015-05-03,159.98
8922,CA-2017-145709,1514,707,612,2017-10-04,Standard Class,2017-10-08,52.68
8923,CA-2017-145709,764,707,612,2017-10-04,Standard Class,2017-10-08,11.568
8924,CA-2018-133928,32,234,448,2018-06-11,Standard Class,2018-06-17,4.572
8925,CA-2017-168032,1847,651,229,2017-01-30,Standard Class,2017-02-03,1439.968
8926,CA-2017-168032,615,651,229,2017-01-30,Standard Class,2017-02-03,1.728
8927,CA-2017-168032,490,651,229,2017-01-30,Standard Class,2017-02-03,626.1
8928,CA-2016-143616,1168,165,6,2016-09-27,Second Class,2016-09-29,99.2
8929,US-2016-168704,563,225,144,2016-04-13,Standard Class,2016-04-17,609.98
8930,US-2016-168704,1001,225,144,2016-04-13,Standard Class,2016-04-17,211.372
8931,US-2016-168704,836,225,144,2016-04-13,Standard Class,2016-04-17,239.976
8932,CA-2018-143252,1802,786,202,2018-12-18,Standard Class,2018-12-24,99.95
8933,CA-2018-143252,1600,786,202,2018-12-18,Standard Class,2018-12-24,29.34
8934,CA-2017-102134,905,260,157,2017-03-14,Standard Class,2017-03-19,16.74
8935,CA-2018-130036,1158,131,75,2018-08-27,Same Day,2018-08-27,12.672
8936,CA-2018-130036,296,131,75,2018-08-27,Same Day,2018-08-27,1119.888
8937,CA-2016-134117,895,39,142,2016-12-17,Second Class,2016-12-19,204.85
8938,CA-2016-134117,1496,39,142,2016-12-17,Second Class,2016-12-19,135.984
8939,CA-2016-134117,170,39,142,2016-12-17,Second Class,2016-12-19,16.4
8940,CA-2016-134117,921,39,142,2016-12-17,Second Class,2016-12-19,92.96
8941,CA-2015-130918,1848,188,451,2015-08-22,Second Class,2015-08-24,7.632
8942,CA-2017-159023,923,509,41,2017-11-03,First Class,2017-11-05,4.158
8943,CA-2017-159023,1849,509,41,2017-11-03,First Class,2017-11-05,179.991
8944,CA-2018-111717,1757,574,174,2018-10-10,Standard Class,2018-10-16,239.358
8945,CA-2015-154592,1398,383,10,2015-12-07,First Class,2015-12-08,164.88
8946,CA-2015-128622,504,610,95,2015-11-15,Second Class,2015-11-17,10.95
8947,CA-2018-148355,1194,715,273,2018-12-24,Standard Class,2018-12-28,19.44
8948,CA-2018-148355,1700,715,273,2018-12-24,Standard Class,2018-12-28,12.3
8949,CA-2015-132913,1804,549,89,2015-12-24,First Class,2015-12-26,13.97
8950,CA-2018-150910,258,692,280,2018-12-22,Standard Class,2018-12-28,934.956
8951,CA-2018-150910,826,692,280,2018-12-22,Standard Class,2018-12-28,46.864
8952,CA-2018-150910,377,692,280,2018-12-22,Standard Class,2018-12-28,26.16
8953,CA-2018-150910,1025,692,280,2018-12-22,Standard Class,2018-12-28,23.128
8954,CA-2018-150910,668,692,280,2018-12-22,Standard Class,2018-12-28,59.24
8955,CA-2015-156790,1196,365,134,2015-08-08,Second Class,2015-08-10,155.456
8956,CA-2015-126480,1533,429,143,2015-09-20,Standard Class,2015-09-24,8.56
8957,CA-2018-105620,1458,372,187,2018-12-25,First Class,2018-12-28,21.0
8958,CA-2018-105620,1846,372,187,2018-12-25,First Class,2018-12-28,120.0
8959,CA-2018-150266,930,198,33,2018-11-25,Standard Class,2018-11-30,299.96
8960,CA-2018-150266,1528,198,33,2018-11-25,Standard Class,2018-11-30,67.84
8961,CA-2018-150266,857,198,33,2018-11-25,Standard Class,2018-11-30,853.93
8962,CA-2018-150266,1664,198,33,2018-11-25,Standard Class,2018-11-30,18.688
8963,CA-2017-157280,1370,753,221,2017-11-05,First Class,2017-11-07,273.96
8964,CA-2017-157280,633,753,221,2017-11-05,First Class,2017-11-07,89.97
8965,CA-2017-157280,1815,753,221,2017-11-05,First Class,2017-11-07,756.8
8966,CA-2018-106691,745,667,33,2018-11-06,Standard Class,2018-11-12,1.248
8967,CA-2017-134180,294,656,75,2017-11-03,Standard Class,2017-11-07,72.0
8968,CA-2017-134180,371,656,75,2017-11-03,Standard Class,2017-11-07,470.155
8969,CA-2015-166730,1167,733,32,2015-12-30,First Class,2016-01-01,39.128
8970,CA-2018-157469,449,21,346,2018-12-02,Standard Class,2018-12-07,19.728
8971,CA-2018-157469,723,21,346,2018-12-02,Standard Class,2018-12-07,151.188
8972,CA-2018-122308,663,598,165,2018-03-24,Standard Class,2018-03-28,271.764
8973,US-2015-149034,1090,77,75,2015-11-19,First Class,2015-11-21,47.496
8974,CA-2018-159226,267,211,142,2018-04-25,Second Class,2018-04-27,344.981
8975,CA-2018-156622,1232,688,78,2018-11-23,First Class,2018-11-26,36.288
8976,CA-2018-156622,1439,688,78,2018-11-23,First Class,2018-11-26,78.304
8977,CA-2018-156622,963,688,78,2018-11-23,First Class,2018-11-26,127.785
8978,CA-2018-156622,786,688,78,2018-11-23,First Class,2018-11-26,6.104
8979,CA-2015-119529,615,665,416,2015-11-03,Second Class,2015-11-05,5.76
8980,CA-2016-150413,481,751,78,2016-10-19,Second Class,2016-10-24,1.72
8981,CA-2015-108182,1404,112,613,2015-02-06,Second Class,2015-02-10,8.952
8982,CA-2017-110898,1035,49,37,2017-03-06,Standard Class,2017-03-12,2.334
8983,CA-2017-110898,871,49,37,2017-03-06,Standard Class,2017-03-12,1.728
8984,CA-2017-110898,125,49,37,2017-03-06,Standard Class,2017-03-12,159.04
8985,CA-2017-110898,1343,49,37,2017-03-06,Standard Class,2017-03-12,145.98
8986,CA-2016-123092,597,162,223,2016-12-03,Standard Class,2016-12-07,77.952
8987,CA-2016-123092,1243,162,223,2016-12-03,Standard Class,2016-12-07,95.97
8988,CA-2016-123092,195,162,223,2016-12-03,Standard Class,2016-12-07,105.584
8989,CA-2016-123092,513,162,223,2016-12-03,Standard Class,2016-12-07,9.344
8990,US-2016-128587,1574,448,334,2016-12-24,Standard Class,2016-12-30,9.68
8991,US-2016-128587,1294,448,334,2016-12-24,Standard Class,2016-12-30,4899.93
8992,US-2018-139577,342,185,95,2018-10-01,Standard Class,2018-10-06,104.75
8993,CA-2018-159100,104,779,85,2018-10-16,Standard Class,2018-10-21,18.528
8994,CA-2018-159100,1300,779,85,2018-10-16,Standard Class,2018-10-21,1875.258
8995,CA-2015-109043,1842,395,475,2015-08-15,First Class,2015-08-17,91.36
8996,CA-2015-109043,514,395,475,2015-08-15,First Class,2015-08-17,152.24
8997,US-2018-116491,723,311,177,2018-11-11,First Class,2018-11-13,35.184
8998,CA-2018-122763,259,669,17,2018-03-20,Same Day,2018-03-20,56.704
8999,CA-2018-122763,127,669,17,2018-03-20,Same Day,2018-03-20,274.064
9000,CA-2018-137785,542,415,12,2018-05-13,Standard Class,2018-05-17,458.43
9001,CA-2015-133389,1317,510,52,2015-06-22,Same Day,2015-06-22,8.226
9002,CA-2015-103807,1629,606,494,2015-12-02,Standard Class,2015-12-09,5.95
9003,CA-2015-103807,728,606,494,2015-12-02,Standard Class,2015-12-09,15.24
9004,CA-2016-102855,98,227,321,2016-04-05,Same Day,2016-04-06,239.94
9005,CA-2016-102855,1702,227,321,2016-04-05,Same Day,2016-04-06,23.84
9006,CA-2018-107825,422,241,202,2018-11-18,Same Day,2018-11-18,92.52
9007,CA-2018-107825,118,241,202,2018-11-18,Same Day,2018-11-18,37.76
9008,CA-2018-107825,1648,241,202,2018-11-18,Same Day,2018-11-18,7.38
9009,CA-2018-107825,397,241,202,2018-11-18,Same Day,2018-11-18,5.82
9010,CA-2018-106047,1447,751,323,2018-07-12,Standard Class,2018-07-18,3.816
9011,CA-2018-127803,1505,541,364,2018-05-19,Standard Class,2018-05-23,26.16
9012,CA-2016-137071,726,526,67,2016-12-20,First Class,2016-12-21,100.8
9013,CA-2017-121447,276,106,165,2017-02-21,First Class,2017-02-22,135.8
9014,CA-2018-143084,1623,772,142,2018-03-18,Standard Class,2018-03-22,13.9
9015,CA-2018-143084,777,772,142,2018-03-18,Standard Class,2018-03-22,19.4
9016,CA-2017-131639,675,375,65,2017-12-17,Standard Class,2017-12-23,13.488
9017,CA-2017-131639,1396,375,65,2017-12-17,Standard Class,2017-12-23,11.416
9018,CA-2017-161361,1018,598,543,2017-03-26,Second Class,2017-03-28,17.64
9019,CA-2017-161361,21,598,543,2017-03-26,Second Class,2017-03-28,17.04
9020,CA-2015-100706,960,98,29,2015-12-16,Second Class,2015-12-18,99.98
9021,CA-2015-100706,876,98,29,2015-12-16,Second Class,2015-12-18,29.46
9022,CA-2016-129525,1161,779,214,2016-11-15,Standard Class,2016-11-20,166.92
9023,US-2017-141880,515,680,376,2017-08-22,First Class,2017-08-23,98.328
9024,CA-2016-165799,542,496,24,2016-06-29,First Class,2016-07-02,117.882
9025,CA-2017-102127,1696,779,46,2017-06-26,Standard Class,2017-07-02,20.97
9026,CA-2017-102127,1482,779,46,2017-06-26,Standard Class,2017-07-02,139.96
9027,CA-2017-102127,981,779,46,2017-06-26,Standard Class,2017-07-02,37.74
9028,US-2017-152415,628,23,614,2017-09-17,Standard Class,2017-09-22,14.82
9029,US-2017-152415,442,23,614,2017-09-17,Standard Class,2017-09-22,191.82
9030,CA-2015-138198,531,692,132,2015-07-18,Standard Class,2015-07-23,13.904
9031,CA-2018-128041,1153,460,6,2018-09-01,Same Day,2018-09-01,314.6
9032,CA-2018-128041,224,460,6,2018-09-01,Same Day,2018-09-01,283.56
9033,CA-2018-105823,2,47,84,2018-06-22,Standard Class,2018-06-26,487.96
9034,CA-2015-152268,1177,184,146,2015-09-02,Standard Class,2015-09-07,1793.98
9035,CA-2016-148873,1391,76,117,2016-10-01,Standard Class,2016-10-05,2.992
9036,CA-2016-148873,152,76,117,2016-10-01,Standard Class,2016-10-05,108.768
9037,CA-2016-166492,1010,262,46,2016-04-07,First Class,2016-04-10,25.92
9038,CA-2016-166492,1012,262,46,2016-04-07,First Class,2016-04-10,22.58
9039,CA-2018-157420,462,522,15,2018-11-21,Same Day,2018-11-21,55.176
9040,CA-2017-117121,693,456,186,2017-12-17,Standard Class,2017-12-21,9892.74
9041,CA-2015-138177,1117,541,523,2015-09-19,Standard Class,2015-09-24,73.915
9042,CA-2015-114335,1806,191,475,2015-09-28,Standard Class,2015-10-03,337.088
9043,CA-2016-168760,565,153,14,2016-09-22,Second Class,2016-09-26,61.44
9044,CA-2017-168830,332,505,35,2017-11-07,Standard Class,2017-11-13,479.97
9045,CA-2018-137463,1391,367,354,2018-12-16,Second Class,2018-12-20,5.984
9046,CA-2018-137463,1303,367,354,2018-12-16,Second Class,2018-12-20,189.95
9047,CA-2018-137463,633,367,354,2018-12-16,Second Class,2018-12-20,149.95
9048,CA-2018-137463,759,367,354,2018-12-16,Second Class,2018-12-20,29.95
9049,CA-2018-137463,1761,367,354,2018-12-16,Second Class,2018-12-20,44.4
9050,CA-2015-124513,667,360,165,2015-09-21,Standard Class,2015-09-25,66.03
9051,CA-2016-165554,363,322,26,2016-05-18,Standard Class,2016-05-22,10.86
9052,CA-2015-141838,1246,461,35,2015-03-26,Second Class,2015-03-31,3.36
9053,CA-2015-141838,45,461,35,2015-03-26,Second Class,2015-03-31,27.936
9054,CA-2015-141838,1764,461,35,2015-03-26,Second Class,2015-03-31,28.784
9055,CA-2018-117009,134,319,201,2018-09-22,Standard Class,2018-09-28,21.96
9056,CA-2016-128993,917,114,6,2016-09-12,Second Class,2016-09-17,21.98
9057,CA-2016-160227,1803,526,165,2016-11-02,First Class,2016-11-04,2621.322
9058,CA-2016-149097,1681,648,63,2016-10-20,Standard Class,2016-10-24,74.76
9059,CA-2016-149097,1747,648,63,2016-10-20,Standard Class,2016-10-24,364.776
9060,CA-2017-132304,899,256,6,2017-06-14,Standard Class,2017-06-18,1115.17
9061,CA-2016-136420,913,295,143,2016-11-20,First Class,2016-11-21,89.696
9062,CA-2016-136420,50,295,143,2016-11-20,First Class,2016-11-21,50.12
9063,CA-2017-101623,830,646,46,2017-02-28,Standard Class,2017-03-06,36.48
9064,US-2015-151015,1324,215,156,2015-10-14,Standard Class,2015-10-20,322.192
9065,US-2015-151015,186,215,156,2015-10-14,Standard Class,2015-10-20,2.946
9066,US-2015-151015,1332,215,156,2015-10-14,Standard Class,2015-10-20,19.136
9067,CA-2018-152968,1576,299,245,2018-05-26,Standard Class,2018-05-30,23.08
9068,CA-2017-150077,1410,334,248,2017-02-04,Standard Class,2017-02-10,90.48
9069,CA-2017-106278,52,79,120,2017-09-02,Second Class,2017-09-05,215.976
9070,CA-2017-106278,1665,79,120,2017-09-02,Second Class,2017-09-05,65.94
9071,CA-2018-147550,284,723,64,2018-12-04,First Class,2018-12-05,11.352
9072,CA-2016-136105,577,450,135,2016-06-12,Standard Class,2016-06-16,24.56
9073,CA-2017-142524,1452,470,334,2017-09-04,Standard Class,2017-09-08,16.56
9074,CA-2017-142524,202,470,334,2017-09-04,Standard Class,2017-09-08,279.95
9075,CA-2015-136336,943,588,1,2015-04-21,Standard Class,2015-04-26,828.84
9076,US-2016-136259,386,559,346,2016-11-05,First Class,2016-11-08,7.218
9077,US-2016-136259,1769,559,346,2016-11-05,First Class,2016-11-08,27.2
9078,US-2015-124625,1049,71,199,2015-11-03,Standard Class,2015-11-07,89.97
9079,CA-2017-108105,125,544,1,2017-02-16,Standard Class,2017-02-23,318.08
9080,CA-2017-108105,327,544,1,2017-02-16,Standard Class,2017-02-23,5.8
9081,CA-2018-166898,994,176,201,2018-09-11,Second Class,2018-09-13,143.952
9082,CA-2018-166898,1010,176,201,2018-09-11,Second Class,2018-09-13,19.44
9083,CA-2018-169005,22,768,29,2018-11-02,Standard Class,2018-11-06,5.56
9084,CA-2016-104038,1167,629,303,2016-02-06,First Class,2016-02-08,146.73
9085,CA-2016-104038,151,629,303,2016-02-06,First Class,2016-02-08,29.9
9086,CA-2017-126102,1592,232,14,2017-09-10,Second Class,2017-09-12,276.784
9087,CA-2017-143406,1779,757,17,2017-09-26,Standard Class,2017-09-30,93.032
9088,CA-2017-143406,71,757,17,2017-09-26,Standard Class,2017-09-30,454.965
9089,CA-2016-150308,240,646,183,2016-12-15,Standard Class,2016-12-20,246.168
9090,CA-2017-131093,236,60,158,2017-09-17,Second Class,2017-09-20,295.4
9091,US-2018-148831,124,118,176,2018-10-13,First Class,2018-10-15,348.56
9092,CA-2016-162950,90,62,412,2016-06-28,Second Class,2016-07-03,15.552
9093,CA-2016-162950,1163,62,412,2016-06-28,Second Class,2016-07-03,482.94
9094,US-2016-132836,1502,220,84,2016-06-01,Standard Class,2016-06-05,299.98
9095,US-2016-132836,1081,220,84,2016-06-01,Standard Class,2016-06-05,403.68
9096,US-2016-132836,1021,220,84,2016-06-01,Standard Class,2016-06-05,41.9
9097,US-2016-132836,1723,220,84,2016-06-01,Standard Class,2016-06-05,28.91
9098,US-2015-158365,731,648,463,2015-04-12,Standard Class,2015-04-17,32.4
9099,CA-2018-152933,666,378,177,2018-10-12,Standard Class,2018-10-16,369.544
9100,CA-2018-152933,549,378,177,2018-10-12,Standard Class,2018-10-16,10.368
9101,CA-2018-152933,765,378,177,2018-10-12,Standard Class,2018-10-16,791.88
9102,CA-2016-163181,33,456,17,2016-11-07,Standard Class,2016-11-12,23.64
9103,CA-2016-163181,46,456,17,2016-11-07,Standard Class,2016-11-12,84.784
9104,CA-2016-163181,1526,456,17,2016-11-07,Standard Class,2016-11-12,64.96
9105,CA-2016-163181,28,456,17,2016-11-07,Standard Class,2016-11-12,32.06
9106,CA-2016-163181,1668,456,17,2016-11-07,Standard Class,2016-11-12,177.648
9107,CA-2016-163181,1617,456,17,2016-11-07,Standard Class,2016-11-12,287.91
9108,CA-2016-132941,1353,153,398,2016-05-25,First Class,2016-05-28,22.368
9109,CA-2016-132941,1216,153,398,2016-05-25,First Class,2016-05-28,32.368
9110,CA-2016-132941,1302,153,398,2016-05-25,First Class,2016-05-28,207.984
9111,CA-2015-132010,1048,672,196,2015-10-13,First Class,2015-10-15,36.4
9112,CA-2015-132010,1691,672,196,2015-10-13,First Class,2015-10-15,22.96
9113,CA-2015-132010,1820,672,196,2015-10-13,First Class,2015-10-15,315.2
9114,CA-2015-132010,882,672,196,2015-10-13,First Class,2015-10-15,15.18
9115,CA-2017-135461,1808,425,14,2017-02-07,Second Class,2017-02-10,623.96
9116,CA-2018-153045,1119,516,12,2018-01-19,Second Class,2018-01-24,429.6
9117,CA-2018-153045,562,516,12,2018-01-19,Second Class,2018-01-24,31.968
9118,CA-2018-153045,775,516,12,2018-01-19,Second Class,2018-01-24,887.271
9119,CA-2018-153045,988,516,12,2018-01-19,Second Class,2018-01-24,21.696
9120,US-2017-155971,817,177,2,2017-06-06,Standard Class,2017-06-12,22.05
9121,US-2017-155971,1850,177,2,2017-06-06,Standard Class,2017-06-12,99.9
9122,CA-2018-122007,96,760,4,2018-03-18,Second Class,2018-03-20,90.86
9123,CA-2018-162250,566,702,10,2018-11-24,Same Day,2018-11-24,7.78
9124,US-2017-158288,706,14,75,2017-11-26,Second Class,2017-11-28,78.759
9125,CA-2017-128916,741,16,33,2017-08-18,Second Class,2017-08-20,9.552
9126,CA-2017-128916,1534,16,33,2017-08-18,Second Class,2017-08-20,5.344
9127,CA-2016-157028,155,672,404,2016-11-28,Standard Class,2016-12-03,8.28
9128,CA-2018-112473,1752,146,33,2018-05-25,Standard Class,2018-06-01,50.136
9129,US-2018-147655,736,443,313,2018-09-04,First Class,2018-09-05,88.074
9130,CA-2017-130911,1374,420,178,2017-03-24,Second Class,2017-03-26,301.47
9131,CA-2017-130911,1133,420,178,2017-03-24,Second Class,2017-03-26,18.656
9132,CA-2018-100055,1002,551,615,2018-05-28,Standard Class,2018-06-01,27.46
9133,CA-2018-100055,587,551,615,2018-05-28,Standard Class,2018-06-01,125.13
9134,CA-2016-157805,873,564,89,2016-08-31,Standard Class,2016-09-04,555.96
9135,CA-2017-124254,399,534,575,2017-04-12,Standard Class,2017-04-17,129.552
9136,CA-2017-124254,392,534,575,2017-04-12,Standard Class,2017-04-17,51.984
9137,CA-2017-124254,1672,534,575,2017-04-12,Standard Class,2017-04-17,10.272
9138,CA-2015-123400,998,519,105,2015-02-02,Standard Class,2015-02-09,18.336
9139,CA-2015-123400,1410,519,105,2015-02-02,Standard Class,2015-02-09,180.96
9140,CA-2015-106971,107,299,546,2015-09-02,Standard Class,2015-09-08,475.944
9141,CA-2018-123029,658,405,14,2018-09-30,Second Class,2018-10-02,159.98
9142,CA-2017-139409,48,784,165,2017-09-05,First Class,2017-09-07,43.6
9143,US-2018-166688,1500,503,122,2018-05-20,Standard Class,2018-05-26,8.288
9144,US-2018-166688,1808,503,122,2018-05-20,Standard Class,2018-05-26,1123.128
9145,US-2018-166688,96,503,122,2018-05-20,Standard Class,2018-05-26,64.9
9146,CA-2016-126970,606,237,18,2016-09-20,Standard Class,2016-09-24,2.808
9147,US-2017-165505,1136,119,370,2017-01-23,Standard Class,2017-01-27,99.98
9148,US-2017-165505,1851,119,370,2017-01-23,Standard Class,2017-01-27,8.04
9149,US-2017-165505,773,119,370,2017-01-23,Standard Class,2017-01-27,1564.29
9150,US-2015-157070,1003,426,152,2015-06-01,Standard Class,2015-06-06,138.56
9151,US-2015-157070,938,426,152,2015-06-01,Standard Class,2015-06-06,65.52
9152,US-2016-106873,1584,28,509,2016-09-24,Second Class,2016-09-29,14.576
9153,US-2016-106873,175,28,509,2016-09-24,Second Class,2016-09-29,23.2
9154,US-2016-106873,455,28,509,2016-09-24,Second Class,2016-09-29,16.464
9155,CA-2017-132990,442,731,12,2017-08-01,Second Class,2017-08-03,19.312
9156,CA-2015-102645,129,781,122,2015-01-23,Standard Class,2015-01-28,40.08
9157,CA-2015-134215,474,505,371,2015-08-04,Standard Class,2015-08-08,101.96
9158,CA-2015-134215,1674,505,371,2015-08-04,Standard Class,2015-08-08,259.74
9159,CA-2015-134215,722,505,371,2015-08-04,Standard Class,2015-08-08,255.42
9160,CA-2017-118934,309,690,563,2017-08-09,Standard Class,2017-08-14,4.338
9161,CA-2017-118934,742,690,563,2017-08-09,Standard Class,2017-08-14,11.88
9162,CA-2017-160108,1369,152,424,2017-12-08,Standard Class,2017-12-12,405.86
9163,CA-2017-160108,630,152,424,2017-12-08,Standard Class,2017-12-12,680.01
9164,CA-2016-164007,1431,727,27,2016-06-08,Standard Class,2016-06-12,2.376
9165,CA-2016-164007,848,727,27,2016-06-08,Standard Class,2016-06-12,143.128
9166,CA-2017-100300,1833,78,89,2017-06-24,Second Class,2017-06-26,4476.8
9167,CA-2017-100300,977,78,89,2017-06-24,Second Class,2017-06-26,104.85
9168,CA-2017-100300,1430,78,89,2017-06-24,Second Class,2017-06-26,241.44
9169,CA-2017-140571,601,320,130,2017-03-15,Standard Class,2017-03-19,319.76
9170,CA-2017-140571,601,320,130,2017-03-15,Standard Class,2017-03-19,45.68
9171,US-2017-155768,469,698,569,2017-12-01,Same Day,2017-12-01,31.96
9172,US-2017-155768,1053,698,569,2017-12-01,Same Day,2017-12-01,47.9
9173,US-2017-155768,879,698,569,2017-12-01,Same Day,2017-12-01,1112.94
9174,US-2017-155768,589,698,569,2017-12-01,Same Day,2017-12-01,22.92
9175,CA-2018-119424,994,767,298,2018-06-12,Second Class,2018-06-14,71.976
9176,CA-2018-119424,989,767,298,2018-06-12,Second Class,2018-06-14,19.44
9177,CA-2017-118178,304,567,395,2017-03-19,Standard Class,2017-03-24,31.086
9178,CA-2017-166618,1710,25,46,2017-11-14,Standard Class,2017-11-18,13.98
9179,CA-2017-166618,1560,25,46,2017-11-14,Standard Class,2017-11-18,23.65
9180,CA-2018-156776,1539,146,279,2018-08-07,Standard Class,2018-08-11,707.88
9181,CA-2018-156776,592,146,279,2018-08-07,Standard Class,2018-08-11,11.952
9182,CA-2018-156776,1646,146,279,2018-08-07,Standard Class,2018-08-11,31.128
9183,CA-2018-156776,1776,146,279,2018-08-07,Standard Class,2018-08-11,55.76
9184,CA-2018-156776,315,146,279,2018-08-07,Standard Class,2018-08-11,24.56
9185,CA-2018-156776,29,146,279,2018-08-07,Standard Class,2018-08-11,51.75
9186,CA-2018-156776,1852,146,279,2018-08-07,Standard Class,2018-08-11,207.184
9187,CA-2018-156776,1219,146,279,2018-08-07,Standard Class,2018-08-11,1473.1
9188,US-2016-130512,483,599,284,2016-08-21,Standard Class,2016-08-25,3.488
9189,US-2016-130512,235,599,284,2016-08-21,Standard Class,2016-08-25,21.728
9190,US-2016-130512,943,599,284,2016-08-21,Standard Class,2016-08-25,663.072
9191,US-2016-130512,897,599,284,2016-08-21,Standard Class,2016-08-25,99.588
9192,US-2016-130512,760,599,284,2016-08-21,Standard Class,2016-08-25,49.568
9193,CA-2016-141810,302,122,66,2016-11-02,Standard Class,2016-11-07,29.372
9194,CA-2016-141810,884,122,66,2016-11-02,Standard Class,2016-11-07,344.704
9195,CA-2015-146843,1258,172,509,2015-11-30,Standard Class,2015-12-06,47.992
9196,CA-2015-146843,1366,172,509,2015-11-30,Standard Class,2015-12-06,102.24
9197,CA-2015-103310,1674,412,59,2015-05-10,Standard Class,2015-05-15,39.96
9198,CA-2015-103310,1119,412,59,2015-05-10,Standard Class,2015-05-15,1432.0
9199,CA-2015-103310,1727,412,59,2015-05-10,Standard Class,2015-05-15,41.04
9200,CA-2015-103310,1477,412,59,2015-05-10,Standard Class,2015-05-15,256.784
9201,CA-2017-152688,431,750,347,2017-10-17,First Class,2017-10-20,120.98
9202,CA-2017-152688,383,750,347,2017-10-17,First Class,2017-10-20,315.98
9203,CA-2017-153836,1225,554,165,2017-10-30,Standard Class,2017-11-03,28.752
9204,CA-2017-153836,1244,554,165,2017-10-30,Standard Class,2017-11-03,114.95
9205,CA-2017-104689,131,93,26,2017-12-01,Standard Class,2017-12-05,23.04
9206,CA-2017-146423,924,538,545,2017-04-21,Same Day,2017-04-21,15.48
9207,CA-2017-146423,1724,538,545,2017-04-21,Same Day,2017-04-21,51.84
9208,CA-2018-140781,1351,456,51,2018-08-03,Standard Class,2018-08-07,39.816
9209,CA-2018-141747,1230,555,60,2018-08-03,Second Class,2018-08-08,16.06
9210,CA-2018-142776,1048,790,224,2018-12-11,Second Class,2018-12-14,7.28
9211,CA-2018-142776,752,790,224,2018-12-11,Second Class,2018-12-14,5.4
9212,CA-2016-167479,273,483,53,2016-03-14,Standard Class,2016-03-19,19.44
9213,CA-2015-144071,64,250,95,2015-12-08,Standard Class,2015-12-15,39.88
9214,CA-2015-144071,1093,250,95,2015-12-08,Standard Class,2015-12-15,79.44
9215,US-2018-120908,1853,542,75,2018-09-30,First Class,2018-10-02,20.664
9216,CA-2017-152646,499,261,14,2017-11-21,Standard Class,2017-11-26,32.4
9217,CA-2018-103765,15,685,456,2018-11-24,Standard Class,2018-11-30,13.762
9218,US-2018-118157,662,586,40,2018-11-14,First Class,2018-11-17,15.28
9219,US-2016-164238,862,528,75,2016-08-16,Standard Class,2016-08-20,44.688
9220,US-2016-164238,1334,528,75,2016-08-16,Standard Class,2016-08-20,301.47
9221,CA-2018-103212,1239,660,299,2018-10-13,First Class,2018-10-14,11.07
9222,CA-2018-103212,216,660,299,2018-10-13,First Class,2018-10-14,1504.52
9223,CA-2018-103212,1115,660,299,2018-10-13,First Class,2018-10-14,25.92
9224,CA-2018-121160,1376,87,616,2018-11-04,Same Day,2018-11-04,7.536
9225,CA-2018-121160,654,87,616,2018-11-04,Same Day,2018-11-04,1.408
9226,CA-2018-121160,1500,87,616,2018-11-04,Same Day,2018-11-04,4.144
9227,CA-2018-121160,211,87,616,2018-11-04,Same Day,2018-11-04,52.752
9228,CA-2018-140515,1310,434,142,2018-03-19,Standard Class,2018-03-24,381.36
9229,CA-2015-153619,60,427,14,2015-11-03,Same Day,2015-11-03,6.72
9230,CA-2018-133718,859,15,63,2018-07-23,First Class,2018-07-26,15.192
9231,CA-2018-133718,1077,15,63,2018-07-23,First Class,2018-07-26,58.32
9232,CA-2015-148383,116,262,52,2015-12-27,Standard Class,2015-12-31,946.764
9233,CA-2017-126732,1173,236,2,2017-09-02,Standard Class,2017-09-06,94.68
9234,CA-2017-126732,1556,236,2,2017-09-02,Standard Class,2017-09-06,23.67
9235,CA-2017-126732,639,236,2,2017-09-02,Standard Class,2017-09-06,1091.168
9236,CA-2017-126732,1127,236,2,2017-09-02,Standard Class,2017-09-06,18.69
9237,CA-2017-126732,11,236,2,2017-09-02,Standard Class,2017-09-06,568.728
9238,CA-2017-126732,1317,236,2,2017-09-02,Standard Class,2017-09-06,7.312
9239,CA-2018-138156,738,571,48,2018-02-11,First Class,2018-02-14,147.568
9240,CA-2018-110310,886,241,394,2018-10-27,Standard Class,2018-11-02,56.784
9241,CA-2018-110310,800,241,394,2018-10-27,Standard Class,2018-11-02,5.607
9242,CA-2018-110310,449,241,394,2018-10-27,Standard Class,2018-11-02,6.576
9243,CA-2015-113271,99,285,35,2015-07-09,Standard Class,2015-07-14,14.304
9244,CA-2015-113271,1602,285,35,2015-07-09,Standard Class,2015-07-14,119.833
9245,CA-2015-113271,1062,285,35,2015-07-09,Standard Class,2015-07-14,5.56
9246,CA-2015-113271,13,285,35,2015-07-09,Standard Class,2015-07-14,32.4
9247,CA-2018-130106,280,666,10,2018-05-22,Standard Class,2018-05-26,9.84
9248,CA-2018-130106,325,666,10,2018-05-22,Standard Class,2018-05-26,2.78
9249,CA-2017-127761,249,350,30,2017-11-10,Standard Class,2017-11-14,3.64
9250,CA-2017-127761,1420,350,30,2017-11-10,Standard Class,2017-11-14,881.93
9251,CA-2017-105354,498,464,605,2017-12-02,Standard Class,2017-12-06,115.84
9252,CA-2018-155712,1081,630,142,2018-03-02,Standard Class,2018-03-08,107.648
9253,CA-2018-102309,1228,771,617,2018-09-23,Second Class,2018-09-25,199.95
9254,CA-2018-102309,511,771,617,2018-09-23,Second Class,2018-09-25,12.96
9255,CA-2015-168368,65,316,339,2015-02-11,Second Class,2015-02-15,60.89
9256,CA-2015-168368,691,316,339,2015-02-11,Second Class,2015-02-15,14.94
9257,CA-2015-168368,545,316,339,2015-02-11,Second Class,2015-02-15,9.64
9258,CA-2015-168368,1320,316,339,2015-02-11,Second Class,2015-02-15,332.94
9259,CA-2015-168368,69,316,339,2015-02-11,Second Class,2015-02-15,51.9
9260,CA-2015-168368,572,316,339,2015-02-11,Second Class,2015-02-15,64.96
9261,CA-2018-167976,1769,146,618,2018-11-11,Second Class,2018-11-14,25.5
9262,CA-2018-111388,52,712,6,2018-09-02,Same Day,2018-09-02,215.976
9263,CA-2016-124499,71,249,84,2016-10-09,Standard Class,2016-10-13,389.97
9264,CA-2016-124499,811,249,84,2016-10-09,Standard Class,2016-10-13,269.91
9265,US-2018-128118,1646,200,32,2018-11-24,Standard Class,2018-12-01,11.673
9266,US-2018-128118,1725,200,32,2018-11-24,Standard Class,2018-12-01,64.848
9267,CA-2015-125759,1678,135,283,2015-02-08,First Class,2015-02-09,14.56
9268,CA-2016-151869,1757,230,265,2016-09-25,Same Day,2016-09-25,102.582
9269,CA-2016-151869,712,230,265,2016-09-25,Same Day,2016-09-25,20.04
9270,US-2018-102183,1548,8,46,2018-08-21,Standard Class,2018-08-28,32.088
9271,US-2018-102183,1177,8,46,2018-08-21,Standard Class,2018-08-28,4305.552
9272,CA-2017-100510,1534,448,24,2017-05-12,Standard Class,2017-05-17,10.02
9273,CA-2017-100510,1357,448,24,2017-05-12,Standard Class,2017-05-17,631.96
9274,CA-2018-146983,116,118,1,2018-09-02,Standard Class,2018-09-06,1577.94
9275,US-2015-134054,1834,713,383,2015-10-10,Same Day,2015-10-10,255.85
9276,CA-2017-113236,1425,435,572,2017-05-26,Second Class,2017-05-29,184.704
9277,CA-2017-113236,539,435,572,2017-05-26,Second Class,2017-05-29,47.92
9278,CA-2018-122539,691,254,12,2018-12-01,Standard Class,2018-12-05,15.936
9279,CA-2018-122539,734,254,12,2018-12-01,Standard Class,2018-12-05,8.001
9280,CA-2018-122539,464,254,12,2018-12-01,Standard Class,2018-12-05,398.972
9281,CA-2017-166772,1633,708,60,2017-09-20,Standard Class,2017-09-24,163.88
9282,US-2018-152898,1826,91,196,2018-09-11,Standard Class,2018-09-15,67.9
9283,CA-2017-160486,1438,700,582,2017-12-30,Standard Class,2018-01-04,72.224
9284,CA-2018-102218,149,561,376,2018-09-02,Second Class,2018-09-04,11.696
9285,CA-2015-161032,542,150,57,2015-11-18,Standard Class,2015-11-23,392.94
9286,CA-2016-102778,206,582,234,2016-11-21,First Class,2016-11-24,18.176
9287,CA-2018-154011,1427,490,177,2018-06-19,Standard Class,2018-06-26,6.888
9288,CA-2018-154011,563,490,177,2018-06-19,Standard Class,2018-06-26,457.485
9289,US-2018-165456,1190,578,64,2018-11-30,First Class,2018-12-03,1079.316
9290,CA-2015-111857,1185,135,10,2015-04-23,Second Class,2015-04-26,48.91
9291,CA-2015-163650,837,628,22,2015-09-23,First Class,2015-09-25,9.84
9292,CA-2015-163650,1024,628,22,2015-09-23,First Class,2015-09-25,34.5
9293,CA-2018-124114,758,277,526,2018-03-02,Same Day,2018-03-02,0.556
9294,US-2018-116505,348,578,619,2018-11-17,Second Class,2018-11-21,43.8
9295,CA-2018-161340,1011,88,178,2018-05-28,Standard Class,2018-06-01,13.872
9296,CA-2018-161340,267,88,178,2018-05-28,Standard Class,2018-06-01,115.96
9297,US-2016-163433,1114,173,478,2016-04-18,Second Class,2016-04-22,41.424
9298,US-2016-163433,1082,173,478,2016-04-18,Second Class,2016-04-22,244.768
9299,US-2016-163433,291,173,478,2016-04-18,Second Class,2016-04-22,74.352
9300,US-2016-163433,829,173,478,2016-04-18,Second Class,2016-04-22,4.312
9301,US-2016-163433,406,173,478,2016-04-18,Second Class,2016-04-22,56.686
9302,US-2016-163433,1751,173,478,2016-04-18,Second Class,2016-04-22,97.968
9303,US-2016-163433,1610,173,478,2016-04-18,Second Class,2016-04-22,7.872
9304,US-2016-163433,1308,173,478,2016-04-18,Second Class,2016-04-22,15.552
9305,US-2016-163433,778,173,478,2016-04-18,Second Class,2016-04-22,1.476
9306,CA-2016-137603,1643,763,447,2016-09-19,Standard Class,2016-09-24,8.4
9307,CA-2015-128237,951,245,95,2015-03-25,Standard Class,2015-03-30,6.56
9308,CA-2015-128237,1454,245,95,2015-03-25,Standard Class,2015-03-30,14.88
9309,CA-2015-128237,1565,245,95,2015-03-25,Standard Class,2015-03-30,45.48
9310,CA-2015-128237,754,245,95,2015-03-25,Standard Class,2015-03-30,25.44
9311,US-2017-102141,711,630,24,2017-08-26,Standard Class,2017-08-31,146.688
9312,CA-2018-148642,86,387,78,2018-03-06,Standard Class,2018-03-12,4.928
9313,CA-2018-148642,398,387,78,2018-03-06,Standard Class,2018-03-12,63.488
9314,CA-2016-111948,43,123,152,2016-11-11,Same Day,2016-11-11,418.32
9315,CA-2016-111948,15,123,152,2016-11-11,Same Day,2016-11-11,123.858
9316,CA-2017-161907,1327,424,12,2017-04-05,Standard Class,2017-04-09,118.782
9317,CA-2017-161907,263,424,12,2017-04-05,Standard Class,2017-04-09,769.184
9318,CA-2018-124940,334,55,296,2018-02-21,Standard Class,2018-02-26,47.904
9319,US-2018-108343,579,256,30,2018-07-20,Standard Class,2018-07-25,13.36
9320,US-2018-108343,1854,256,30,2018-07-20,Standard Class,2018-07-25,163.764
9321,US-2018-108343,1763,256,30,2018-07-20,Standard Class,2018-07-25,183.92
9322,US-2017-111563,1463,326,17,2017-11-04,Standard Class,2017-11-08,11.376
9323,US-2017-111563,480,326,17,2017-11-04,Standard Class,2017-11-08,66.112
9324,CA-2018-121853,955,552,2,2018-09-23,Standard Class,2018-09-29,211.04
9325,CA-2018-121853,874,552,2,2018-09-23,Standard Class,2018-09-29,594.816
9326,CA-2018-121853,1000,552,2,2018-09-23,Standard Class,2018-09-29,72.96
9327,US-2018-130687,1654,419,200,2018-09-07,First Class,2018-09-10,80.96
9328,US-2018-130687,12,419,200,2018-09-07,First Class,2018-09-10,455.712
9329,US-2018-130687,1503,419,200,2018-09-07,First Class,2018-09-10,25.98
9330,CA-2016-164497,1627,220,95,2016-11-28,First Class,2016-11-30,45.28
9331,US-2016-153283,838,687,46,2016-11-12,Standard Class,2016-11-18,15.56
9332,CA-2017-108056,1119,21,330,2017-09-29,Standard Class,2017-10-03,859.2
9333,CA-2018-127726,415,758,521,2018-09-11,Second Class,2018-09-13,195.68
9334,CA-2018-127726,1054,758,521,2018-09-11,Second Class,2018-09-13,14.2
9335,CA-2018-110198,1,152,249,2018-05-01,First Class,2018-05-02,314.352
9336,CA-2018-110198,1569,152,249,2018-05-01,First Class,2018-05-02,4.608
9337,CA-2018-130715,111,389,95,2018-09-16,Standard Class,2018-09-20,17.9
9338,CA-2015-155264,1391,346,95,2015-10-19,Second Class,2015-10-22,2.992
9339,CA-2015-155264,808,346,95,2015-10-19,Second Class,2015-10-22,20.064
9340,CA-2015-155264,1690,346,95,2015-10-19,Second Class,2015-10-22,146.73
9341,CA-2015-155264,548,346,95,2015-10-19,Second Class,2015-10-22,18.75
9342,CA-2015-155264,1693,346,95,2015-10-19,Second Class,2015-10-22,117.576
9343,CA-2017-119123,625,749,216,2017-03-13,Standard Class,2017-03-18,51.184
9344,CA-2018-109085,1747,279,412,2018-02-17,First Class,2018-02-20,455.97
9345,CA-2018-109085,32,279,412,2018-02-17,First Class,2018-02-20,5.715
9346,CA-2018-109085,1486,279,412,2018-02-17,First Class,2018-02-20,57.594
9347,CA-2018-109085,1156,279,412,2018-02-17,First Class,2018-02-20,30.144
9348,CA-2018-109085,1190,279,412,2018-02-17,First Class,2018-02-20,899.43
9349,CA-2017-114860,1806,36,520,2017-12-22,Standard Class,2017-12-28,842.72
9350,CA-2017-114860,108,36,520,2017-12-22,Standard Class,2017-12-28,41.96
9351,CA-2017-159009,926,318,61,2017-09-23,Standard Class,2017-09-27,13.216
9352,CA-2017-159009,390,318,61,2017-09-23,Standard Class,2017-09-27,184.752
9353,CA-2018-148411,874,198,37,2018-09-24,First Class,2018-09-26,520.464
9354,CA-2018-148411,1791,198,37,2018-09-24,First Class,2018-09-26,11.424
9355,CA-2016-110324,1770,16,31,2016-12-01,Standard Class,2016-12-05,19.44
9356,CA-2016-110324,1064,16,31,2016-12-01,Standard Class,2016-12-05,3.64
9357,CA-2016-110324,1287,16,31,2016-12-01,Standard Class,2016-12-05,18.54
9358,CA-2017-168046,829,64,24,2017-01-25,Second Class,2017-01-28,43.12
9359,CA-2017-168046,617,64,24,2017-01-25,Second Class,2017-01-28,313.722
9360,CA-2017-168046,1763,64,24,2017-01-25,Second Class,2017-01-28,45.98
9361,CA-2017-168046,855,64,24,2017-01-25,Second Class,2017-01-28,428.68
9362,CA-2018-111591,49,29,60,2018-03-21,Standard Class,2018-03-25,30.576
9363,CA-2018-111591,803,29,60,2018-03-21,Standard Class,2018-03-25,13.02
9364,CA-2018-111591,1257,29,60,2018-03-21,Standard Class,2018-03-25,22.14
9365,CA-2018-111591,436,29,60,2018-03-21,Standard Class,2018-03-25,359.32
9366,US-2015-166828,1829,227,585,2015-08-22,First Class,2015-08-25,11.56
9367,CA-2015-108147,1637,503,255,2015-06-08,Standard Class,2015-06-13,68.48
9368,CA-2015-108147,1363,503,255,2015-06-08,Standard Class,2015-06-13,1676.88
9369,CA-2017-154998,275,21,101,2017-04-07,First Class,2017-04-09,37.94
9370,CA-2018-113460,1456,472,235,2018-11-07,Second Class,2018-11-09,272.97
9371,CA-2016-111339,1824,779,48,2016-05-29,First Class,2016-05-31,41.568
9372,CA-2016-111339,84,779,48,2016-05-29,First Class,2016-05-31,317.058
9373,CA-2016-111339,132,779,48,2016-05-29,First Class,2016-05-31,8.04
9374,CA-2018-102820,930,230,55,2018-05-07,Standard Class,2018-05-11,419.944
9375,CA-2017-149671,683,34,60,2017-06-05,Standard Class,2017-06-09,61.38
9376,CA-2016-126347,1073,220,63,2016-12-14,Second Class,2016-12-19,50.0
9377,CA-2018-108756,1652,23,620,2018-12-25,Standard Class,2018-12-29,31.8
9378,CA-2018-155362,1570,318,424,2018-12-17,Standard Class,2018-12-21,32.56
9379,CA-2017-117625,1855,422,27,2017-05-10,Standard Class,2017-05-15,7.072
9380,CA-2015-154158,1238,114,86,2015-12-23,Second Class,2015-12-27,45.528
9381,CA-2015-154158,168,114,86,2015-12-23,Second Class,2015-12-27,64.784
9382,CA-2015-154158,1245,114,86,2015-12-23,Second Class,2015-12-27,424.272
9383,CA-2015-154158,60,114,86,2015-12-23,Second Class,2015-12-27,1.344
9384,CA-2015-154158,1019,114,86,2015-12-23,Second Class,2015-12-27,83.92
9385,CA-2018-100433,491,320,30,2018-08-11,Standard Class,2018-08-16,25.92
9386,CA-2018-163097,1156,228,155,2018-08-27,Standard Class,2018-08-31,120.576
9387,US-2018-127292,369,529,370,2018-01-19,Standard Class,2018-01-23,79.92
9388,US-2018-127292,315,529,370,2018-01-19,Standard Class,2018-01-23,12.28
9389,US-2018-127292,1108,529,370,2018-01-19,Standard Class,2018-01-23,542.94
9390,US-2018-127292,30,529,370,2018-01-19,Standard Class,2018-01-23,2.04
9391,CA-2016-163734,1278,455,33,2016-06-19,Standard Class,2016-06-24,228.92
9392,CA-2018-162474,858,396,174,2018-03-13,First Class,2018-03-16,7.992
9393,CA-2016-130848,1456,376,77,2016-10-25,Same Day,2016-10-25,582.336
9394,CA-2015-125997,1552,597,165,2015-09-20,First Class,2015-09-23,629.95
9395,CA-2015-125997,655,597,165,2015-09-20,First Class,2015-09-23,631.782
9396,CA-2015-125997,1249,597,165,2015-09-20,First Class,2015-09-23,801.568
9397,CA-2015-125997,50,597,165,2015-09-20,First Class,2015-09-23,75.18
9398,CA-2015-125997,1272,597,165,2015-09-20,First Class,2015-09-23,30.98
9399,CA-2015-125997,1335,597,165,2015-09-20,First Class,2015-09-23,1349.91
9400,CA-2017-103128,502,791,621,2017-11-11,Standard Class,2017-11-15,14.112
9401,CA-2016-167696,838,215,389,2016-09-16,Standard Class,2016-09-21,31.12
9402,CA-2015-159814,1566,222,116,2015-06-24,Standard Class,2015-06-28,4.272
9403,CA-2017-105459,617,414,24,2017-08-12,Second Class,2017-08-17,209.148
9404,CA-2017-105459,1245,414,24,2017-08-12,Second Class,2017-08-17,1591.02
9405,CA-2018-141663,1240,318,64,2018-04-13,Standard Class,2018-04-17,7.92
9406,CA-2015-152618,1411,47,156,2015-03-14,First Class,2015-03-17,574.91
9407,CA-2015-152618,1738,47,156,2015-03-14,First Class,2015-03-17,8.448
9408,CA-2018-162789,1201,96,46,2018-09-22,Second Class,2018-09-24,1071.0
9409,CA-2018-162789,442,96,46,2018-09-22,Second Class,2018-09-24,12.07
9410,US-2018-110149,635,577,106,2018-12-10,First Class,2018-12-13,3.273
9411,US-2018-110149,505,577,106,2018-12-10,First Class,2018-12-13,87.92
9412,CA-2017-108959,534,187,276,2017-03-10,Second Class,2017-03-14,104.696
9413,CA-2016-164777,484,254,2,2016-01-27,First Class,2016-01-29,2803.92
9414,CA-2017-132017,823,589,17,2017-09-26,First Class,2017-09-27,6.816
9415,CA-2016-127824,1808,548,61,2016-10-18,Standard Class,2016-10-22,249.584
9416,CA-2016-127824,1332,548,61,2016-10-18,Standard Class,2016-10-22,17.94
9417,CA-2016-127824,225,548,61,2016-10-18,Standard Class,2016-10-22,10.11
9418,CA-2015-148285,779,280,306,2015-10-27,Standard Class,2015-11-01,10.368
9419,CA-2015-148285,812,280,306,2015-10-27,Standard Class,2015-11-01,11.952
9420,CA-2018-152926,514,282,17,2018-10-02,Second Class,2018-10-04,15.224
9421,CA-2018-152926,1550,282,17,2018-10-02,Second Class,2018-10-04,21.984
9422,CA-2015-145254,1067,715,35,2015-07-23,Standard Class,2015-07-27,604.752
9423,CA-2015-145254,598,715,35,2015-07-23,Standard Class,2015-07-27,40.7
9424,CA-2015-145254,723,715,35,2015-07-23,Standard Class,2015-07-27,302.376
9425,CA-2015-145254,47,715,35,2015-07-23,Standard Class,2015-07-27,45.0
9426,CA-2015-116246,484,561,46,2015-09-12,Second Class,2015-09-17,3785.292
9427,CA-2017-160479,1659,739,60,2017-09-15,Standard Class,2017-09-20,35.4
9428,CA-2015-167486,893,706,250,2015-11-27,Standard Class,2015-12-01,199.9
9429,CA-2015-152100,378,101,144,2015-05-11,Standard Class,2015-05-16,1212.96
9430,CA-2016-166219,904,131,177,2016-08-28,Standard Class,2016-09-01,1099.96
9431,CA-2016-166219,1117,131,177,2016-08-28,Standard Class,2016-09-01,103.481
9432,CA-2016-111864,1853,453,64,2016-06-19,Same Day,2016-06-19,5.904
9433,CA-2016-119627,1203,57,345,2016-08-17,Standard Class,2016-08-23,30.08
9434,CA-2016-119627,290,57,345,2016-08-17,Standard Class,2016-08-23,36.288
9435,CA-2016-119627,787,57,345,2016-08-17,Standard Class,2016-08-23,10.272
9436,CA-2016-119627,553,57,345,2016-08-17,Standard Class,2016-08-23,252.8
9437,CA-2016-160787,697,299,106,2016-09-25,Same Day,2016-09-25,2.946
9438,CA-2018-107853,1441,304,219,2018-05-26,Standard Class,2018-05-31,12.96
9439,CA-2018-126144,1271,412,64,2018-07-31,Standard Class,2018-08-05,285.576
9440,US-2015-154655,1206,772,37,2015-10-12,Standard Class,2015-10-17,22.24
9441,CA-2015-100391,1491,769,46,2015-05-25,Standard Class,2015-05-29,14.62
9442,CA-2015-165477,1205,792,361,2015-12-29,Second Class,2015-12-31,48.36
9443,CA-2018-165904,401,368,134,2018-04-07,Standard Class,2018-04-11,16.256
9444,CA-2018-165904,820,368,134,2018-04-07,Standard Class,2018-04-11,219.184
9445,CA-2016-104052,1621,735,281,2016-03-01,First Class,2016-03-02,95.84
9446,CA-2016-168277,618,42,304,2016-05-29,Standard Class,2016-06-03,12.39
9447,CA-2017-158617,1358,664,452,2017-09-22,Standard Class,2017-09-28,35.88
9448,CA-2018-136882,36,36,312,2018-05-27,Standard Class,2018-06-03,477.3
9449,US-2017-148957,1039,255,486,2017-09-17,Standard Class,2017-09-23,12.32
9450,CA-2015-140032,974,359,10,2015-09-08,Standard Class,2015-09-13,8.608
9451,CA-2018-145506,465,247,321,2018-06-03,Standard Class,2018-06-07,136.26
9452,CA-2016-129546,1095,533,4,2016-09-28,Standard Class,2016-10-05,186.15
9453,CA-2016-129546,823,533,4,2016-09-28,Standard Class,2016-10-05,81.792
9454,CA-2016-129546,1800,533,4,2016-09-28,Standard Class,2016-10-05,47.19
9455,CA-2016-129546,462,533,4,2016-09-28,Standard Class,2016-10-05,36.784
9456,CA-2017-140977,1856,312,428,2017-06-16,Second Class,2017-06-19,91.475
9457,CA-2018-151855,1857,309,307,2018-05-27,Standard Class,2018-06-03,27.192
9458,CA-2018-151855,1233,309,307,2018-05-27,Standard Class,2018-06-03,12.06
9459,CA-2015-138240,282,82,35,2015-10-09,Standard Class,2015-10-14,144.6
9460,CA-2015-138240,1731,82,35,2015-10-09,Standard Class,2015-10-14,15.992
9461,CA-2015-101833,694,436,24,2015-11-17,Second Class,2015-11-22,34.44
9462,CA-2015-100867,1087,259,468,2015-10-19,Standard Class,2015-10-24,321.552
9463,US-2018-109610,1132,30,176,2018-11-25,Second Class,2018-11-30,701.96
9464,CA-2015-156545,488,560,48,2015-02-27,First Class,2015-03-03,19.456
9465,CA-2015-109127,1569,548,285,2015-12-21,Standard Class,2015-12-25,17.28
9466,CA-2017-126858,469,26,61,2017-11-19,Standard Class,2017-11-23,31.96
9467,CA-2018-102925,142,513,24,2018-11-05,Second Class,2018-11-10,164.688
9468,CA-2018-102925,1583,513,24,2018-11-05,Second Class,2018-11-10,166.5
9469,CA-2018-102925,681,513,24,2018-11-05,Second Class,2018-11-10,12.96
9470,CA-2018-102925,418,513,24,2018-11-05,Second Class,2018-11-10,110.96
9471,CA-2018-102925,141,513,24,2018-11-05,Second Class,2018-11-10,99.98
9472,CA-2018-102925,277,513,24,2018-11-05,Second Class,2018-11-10,11.424
9473,CA-2018-102925,1460,513,24,2018-11-05,Second Class,2018-11-10,128.124
9474,CA-2018-102925,1758,513,24,2018-11-05,Second Class,2018-11-10,101.4
9475,CA-2016-100818,1140,26,156,2016-05-31,Second Class,2016-06-05,5.904
9476,CA-2016-100818,1031,26,156,2016-05-31,Second Class,2016-06-05,173.488
9477,CA-2016-100818,1538,26,156,2016-05-31,Second Class,2016-06-05,51.56
9478,CA-2016-100818,991,26,156,2016-05-31,Second Class,2016-06-05,3.564
9479,CA-2015-126193,1322,758,622,2015-09-07,Standard Class,2015-09-14,13.16
9480,CA-2015-126193,1207,758,622,2015-09-07,Standard Class,2015-09-14,3.828
9481,CA-2015-126193,570,758,622,2015-09-07,Standard Class,2015-09-14,304.99
9482,CA-2018-150504,76,669,78,2018-11-06,Standard Class,2018-11-12,18.16
9483,CA-2016-158351,652,605,64,2016-06-20,Second Class,2016-06-24,319.984
9484,CA-2015-122679,347,438,142,2015-07-22,Standard Class,2015-07-28,19.68
9485,CA-2017-164770,1687,502,67,2017-12-02,Second Class,2017-12-04,781.864
9486,CA-2017-164770,1118,502,67,2017-12-02,Second Class,2017-12-04,30.816
9487,CA-2018-130505,856,174,595,2018-10-12,Same Day,2018-10-12,673.344
9488,US-2018-125213,846,241,335,2018-12-11,First Class,2018-12-13,6.54
9489,CA-2016-156566,1119,76,41,2016-10-01,First Class,2016-10-04,572.8
9490,US-2017-102232,1270,717,364,2017-08-05,Standard Class,2017-08-11,197.05
9491,CA-2018-111738,383,201,95,2018-01-03,Standard Class,2018-01-07,2022.272
9492,CA-2018-111738,1280,201,95,2018-01-03,Standard Class,2018-01-07,9.12
9493,CA-2018-163188,16,686,336,2018-11-07,Same Day,2018-11-07,38.16
9494,CA-2017-105207,343,636,473,2017-01-03,Standard Class,2017-01-08,1592.85
9495,CA-2017-105207,991,636,473,2017-01-03,Standard Class,2017-01-08,11.88
9496,US-2017-123610,1825,719,169,2017-05-12,Standard Class,2017-05-16,120.0
9497,US-2017-123610,1296,719,169,2017-05-12,Standard Class,2017-05-16,8.67
9498,CA-2018-118213,250,145,467,2018-11-05,First Class,2018-11-07,4.41
9499,CA-2018-118213,1655,145,467,2018-11-05,First Class,2018-11-07,167.94
9500,CA-2018-118213,988,145,467,2018-11-05,First Class,2018-11-07,67.8
9501,CA-2017-149237,1105,633,202,2017-05-26,Standard Class,2017-05-30,26.94
9502,US-2016-158589,1446,609,10,2016-11-20,Standard Class,2016-11-24,32.04
9503,CA-2017-101329,1743,463,498,2017-04-22,Standard Class,2017-04-29,32.13
9504,CA-2017-101329,650,463,498,2017-04-22,Standard Class,2017-04-29,2.88
9505,CA-2017-113607,1808,464,30,2017-10-14,Standard Class,2017-10-18,1091.93
9506,CA-2017-113607,315,464,30,2017-10-14,Standard Class,2017-10-18,111.96
9507,CA-2015-149104,819,77,446,2015-04-05,Second Class,2015-04-07,26.7
9508,CA-2015-149104,1233,77,446,2015-04-05,Second Class,2015-04-07,40.2
9509,CA-2015-149104,183,77,446,2015-04-05,Second Class,2015-04-07,13.89
9510,CA-2015-149104,157,77,446,2015-04-05,Second Class,2015-04-07,689.82
9511,CA-2017-105263,320,216,24,2017-08-06,Standard Class,2017-08-11,38.34
9512,CA-2015-130575,1088,689,37,2015-12-14,First Class,2015-12-16,9.264
9513,CA-2018-142461,790,410,163,2018-05-30,Second Class,2018-06-03,204.6664
9514,CA-2017-125220,765,649,291,2017-10-14,Standard Class,2017-10-19,1649.75
9515,CA-2015-100293,641,740,134,2015-03-14,Standard Class,2015-03-18,91.056
9516,CA-2015-154165,1160,112,156,2015-02-17,Standard Class,2015-02-24,54.208
9517,CA-2016-123939,1251,385,392,2016-08-24,Second Class,2016-08-26,26.982
9518,CA-2016-123939,1187,385,392,2016-08-24,Second Class,2016-08-26,6.912
9519,CA-2016-123939,246,385,392,2016-08-24,Second Class,2016-08-26,435.504
9520,US-2018-104451,1267,515,95,2018-05-08,Second Class,2018-05-12,81.08
9521,CA-2017-101189,244,81,14,2017-02-04,Standard Class,2017-02-09,93.02
9522,CA-2015-169446,1858,612,37,2015-12-19,Standard Class,2015-12-25,323.976
9523,CA-2015-169446,1799,612,37,2015-12-19,Standard Class,2015-12-25,15.552
9524,CA-2015-169446,1034,612,37,2015-12-19,Standard Class,2015-12-25,32.592
9525,CA-2018-156958,302,584,61,2018-12-05,First Class,2018-12-06,83.92
9526,CA-2018-156958,893,584,61,2018-12-05,First Class,2018-12-06,199.9
9527,CA-2018-156958,781,584,61,2018-12-05,First Class,2018-12-06,31.176
9528,CA-2018-156958,380,584,61,2018-12-05,First Class,2018-12-06,172.752
9529,CA-2018-156958,700,584,61,2018-12-05,First Class,2018-12-06,9.296
9530,CA-2018-101637,862,557,581,2018-03-24,Same Day,2018-03-25,12.768
9531,CA-2018-111759,814,281,6,2018-07-08,Standard Class,2018-07-12,52.76
9532,CA-2018-102729,1157,683,163,2018-10-26,Standard Class,2018-10-31,55.616
9533,CA-2017-116596,1273,573,165,2017-10-27,Standard Class,2017-10-31,427.644
9534,CA-2017-116596,196,573,165,2017-10-27,Standard Class,2017-10-31,40.67
9535,CA-2017-116596,1765,573,165,2017-10-27,Standard Class,2017-10-31,33.48
9536,CA-2017-116596,526,573,165,2017-10-27,Standard Class,2017-10-31,9.728
9537,CA-2018-124191,1257,60,27,2018-06-12,Second Class,2018-06-14,8.856
9538,CA-2017-148747,179,443,95,2017-09-25,First Class,2017-09-27,477.666
9539,US-2018-169488,939,212,259,2018-09-07,First Class,2018-09-09,16.9
9540,US-2018-169488,369,212,259,2018-09-07,First Class,2018-09-09,39.96
9541,CA-2016-135727,878,29,52,2016-05-11,Second Class,2016-05-16,191.968
9542,CA-2016-135251,199,346,15,2016-08-06,Standard Class,2016-08-10,35.52
9543,CA-2016-135251,800,346,15,2016-08-06,Standard Class,2016-08-10,6.23
9544,CA-2016-135251,1734,346,15,2016-08-06,Standard Class,2016-08-10,56.704
9545,CA-2016-135251,1104,346,15,2016-08-06,Standard Class,2016-08-10,369.1992
9546,CA-2015-166590,1431,545,135,2015-10-29,Standard Class,2015-11-02,1.98
9547,CA-2015-166590,68,545,135,2015-10-29,Standard Class,2015-11-02,75.88
9548,CA-2017-131744,1533,35,64,2017-06-18,Second Class,2017-06-20,6.848
9549,CA-2017-131744,9,35,64,2017-06-18,Second Class,2017-06-20,4.626
9550,CA-2017-131744,1142,35,64,2017-06-18,Second Class,2017-06-20,453.6
9551,CA-2016-160864,69,377,59,2016-05-03,First Class,2016-05-06,13.848
9552,CA-2016-147690,773,711,12,2016-11-10,Standard Class,2016-11-14,577.584
9553,CA-2016-163923,1303,787,29,2016-05-30,Standard Class,2016-06-03,151.96
9554,CA-2017-125724,391,417,333,2017-09-22,Standard Class,2017-09-27,68.432
9555,CA-2016-111612,91,687,48,2016-11-28,Standard Class,2016-12-02,71.12
9556,CA-2016-111612,1015,687,48,2016-11-28,Standard Class,2016-12-02,3.008
9557,CA-2016-156853,780,7,209,2016-12-03,Second Class,2016-12-05,184.66
9558,CA-2015-103086,1495,433,15,2015-10-17,Second Class,2015-10-19,5.312
9559,CA-2017-129280,218,793,56,2017-05-03,First Class,2017-05-05,132.52
9560,CA-2017-129280,1167,793,56,2017-05-03,First Class,2017-05-05,195.64
9561,CA-2017-129280,1417,793,56,2017-05-03,First Class,2017-05-05,51.968
9562,CA-2017-129280,1333,793,56,2017-05-03,First Class,2017-05-05,431.976
9563,CA-2017-129280,1859,793,56,2017-05-03,First Class,2017-05-05,224.937
9564,CA-2017-129280,1346,793,56,2017-05-03,First Class,2017-05-05,6.0
9565,CA-2016-161242,1018,345,63,2016-06-01,Standard Class,2016-06-08,11.76
9566,CA-2015-130428,229,229,86,2015-03-31,Same Day,2015-03-31,1125.488
9567,CA-2015-130428,675,229,86,2015-03-31,Same Day,2015-03-31,12.645
9568,CA-2015-130428,184,229,86,2015-03-31,Same Day,2015-03-31,4.032
9569,CA-2018-104388,126,461,11,2018-07-05,First Class,2018-07-07,79.96
9570,CA-2016-113131,1391,94,48,2016-09-24,Same Day,2016-09-24,6.732
9571,CA-2016-113131,1223,94,48,2016-09-24,Same Day,2016-09-24,33.568
9572,CA-2016-113131,1653,94,48,2016-09-24,Same Day,2016-09-24,15.84
9573,CA-2016-113131,581,94,48,2016-09-24,Same Day,2016-09-24,24.424
9574,CA-2016-113131,1047,94,48,2016-09-24,Same Day,2016-09-24,17.12
9575,CA-2016-148495,1173,12,282,2016-08-13,Same Day,2016-08-13,31.56
9576,CA-2016-143147,84,520,66,2016-05-26,Second Class,2016-05-28,105.686
9577,CA-2016-143147,1094,520,66,2016-05-26,Second Class,2016-05-28,399.54
9578,CA-2016-143147,1145,520,66,2016-05-26,Second Class,2016-05-28,104.93
9579,CA-2018-152975,908,43,46,2018-09-14,First Class,2018-09-16,1079.85
9580,CA-2018-152975,1044,43,46,2018-09-14,First Class,2018-09-16,70.98
9581,CA-2018-152975,759,43,46,2018-09-14,First Class,2018-09-16,29.95
9582,CA-2018-152975,1586,43,46,2018-09-14,First Class,2018-09-16,589.41
9583,CA-2017-107475,132,790,75,2017-06-07,Standard Class,2017-06-11,9.648
9584,CA-2018-116127,1249,767,24,2018-06-25,Second Class,2018-06-27,400.784
9585,CA-2018-132584,1032,708,152,2018-08-26,First Class,2018-08-27,53.72
9586,CA-2017-160598,1414,459,230,2017-08-26,First Class,2017-08-28,31.008
9587,CA-2017-108630,1330,649,138,2017-11-18,Same Day,2017-11-18,61.12
9588,US-2018-129203,887,607,156,2018-04-17,Standard Class,2018-04-22,195.136
9589,CA-2018-110940,109,617,399,2018-07-23,Standard Class,2018-07-28,121.536
9590,CA-2015-119172,1750,788,27,2015-05-11,Standard Class,2015-05-15,17.472
9591,CA-2015-119172,921,788,27,2015-05-11,Standard Class,2015-05-15,104.58
9592,US-2017-105452,894,594,90,2017-07-28,Standard Class,2017-08-01,24.7
9593,US-2017-105452,1815,594,90,2017-07-28,Standard Class,2017-08-01,302.72
9594,CA-2018-108931,1490,522,24,2018-09-14,Standard Class,2018-09-19,8.56
9595,CA-2018-108931,372,522,24,2018-09-14,Standard Class,2018-09-19,11.56
9596,CA-2018-104619,23,471,59,2018-01-24,Standard Class,2018-01-29,25.86
9597,CA-2018-104619,1592,471,59,2018-01-24,Standard Class,2018-01-29,276.784
9598,CA-2018-104619,1677,471,59,2018-01-24,Standard Class,2018-01-29,110.352
9599,CA-2016-149517,1493,764,379,2016-09-19,Standard Class,2016-09-23,60.84
9600,CA-2016-116841,1325,237,330,2016-04-14,Standard Class,2016-04-18,35.208
9601,CA-2018-107797,1466,183,609,2018-05-08,Second Class,2018-05-11,41.472
9602,CA-2017-117604,1053,188,237,2017-09-04,Standard Class,2017-09-09,239.5
9603,CA-2015-130155,1727,144,221,2015-05-19,First Class,2015-05-22,34.2
9604,CA-2017-129861,1022,665,145,2017-06-17,Standard Class,2017-06-23,376.866
9605,CA-2016-138625,1860,284,337,2016-11-02,First Class,2016-11-05,197.72
9606,US-2018-122672,177,429,403,2018-11-04,Standard Class,2018-11-09,70.72
9607,US-2018-122672,872,429,403,2018-11-04,Standard Class,2018-11-09,194.352
9608,CA-2018-117128,1553,570,24,2018-12-05,Second Class,2018-12-08,21.6
9609,CA-2018-117128,1239,570,24,2018-12-05,Second Class,2018-12-08,11.07
9610,CA-2017-130638,1455,184,63,2017-05-16,Second Class,2017-05-19,282.84
9611,CA-2017-130638,1039,184,63,2017-05-16,Second Class,2017-05-19,27.72
9612,CA-2018-144365,849,230,130,2018-10-24,Standard Class,2018-10-30,11.68
9613,CA-2017-110086,1502,218,433,2017-09-18,Standard Class,2017-09-22,239.984
9614,CA-2015-128524,10,90,61,2015-11-11,First Class,2015-11-13,22.98
9615,CA-2015-128524,1208,90,61,2015-11-11,First Class,2015-11-13,102.13
9616,CA-2015-128524,451,90,61,2015-11-11,First Class,2015-11-13,2033.584
9617,CA-2017-140256,827,464,14,2017-08-22,Standard Class,2017-08-29,5.76
9618,CA-2018-160633,616,511,392,2018-11-16,Standard Class,2018-11-21,899.982
9619,CA-2018-160633,916,511,392,2018-11-16,Standard Class,2018-11-21,86.352
9620,CA-2018-160633,344,511,392,2018-11-16,Standard Class,2018-11-21,139.96
9621,CA-2015-115133,1810,527,403,2015-09-26,Standard Class,2015-09-30,16.704
9622,CA-2015-115133,1838,527,403,2015-09-26,Standard Class,2015-09-30,3.152
9623,CA-2015-115133,1537,527,403,2015-09-26,Standard Class,2015-09-30,32.896
9624,CA-2018-137449,651,251,78,2018-06-29,First Class,2018-06-30,21.392
9625,CA-2018-137449,1214,251,78,2018-06-29,First Class,2018-06-30,307.314
9626,CA-2018-137449,1334,251,78,2018-06-29,First Class,2018-06-30,409.9992
9627,CA-2018-103520,1829,187,338,2018-09-23,First Class,2018-09-25,9.248
9628,CA-2015-139283,767,591,84,2015-11-23,Standard Class,2015-11-27,14.67
9629,CA-2015-118192,712,463,56,2015-01-13,Standard Class,2015-01-18,37.408
9630,CA-2015-118192,1548,463,56,2015-01-13,Standard Class,2015-01-18,3.438
9631,CA-2017-168844,99,393,165,2017-05-31,Standard Class,2017-06-06,7.152
9632,CA-2017-168844,1621,393,165,2017-05-31,Standard Class,2017-06-06,179.7
9633,CA-2018-154809,1202,709,40,2018-02-13,Standard Class,2018-02-17,90.64
9634,CA-2015-151330,1014,647,289,2015-10-14,First Class,2015-10-17,177.0
9635,CA-2015-151330,76,647,289,2015-10-14,First Class,2015-10-17,79.45
9636,CA-2015-151330,1689,647,289,2015-10-14,First Class,2015-10-17,1628.82
9637,CA-2015-124702,569,187,60,2015-11-18,Standard Class,2015-11-25,137.54
9638,CA-2015-124702,963,187,60,2015-11-18,Standard Class,2015-11-25,730.2
9639,US-2018-125808,1829,213,4,2018-11-12,Second Class,2018-11-15,11.56
9640,CA-2016-116638,595,99,5,2016-01-28,Second Class,2016-01-31,4297.644
9641,CA-2015-104563,106,783,6,2015-03-07,Standard Class,2015-03-12,20.65
9642,CA-2015-104563,357,783,6,2015-03-07,Standard Class,2015-03-12,204.9
9643,CA-2015-104563,1854,783,6,2015-03-07,Standard Class,2015-03-12,436.704
9644,CA-2015-104563,1497,783,6,2015-03-07,Standard Class,2015-03-12,481.568
9645,US-2018-107979,1098,384,276,2018-06-08,Standard Class,2018-06-13,89.544
9646,US-2018-107979,211,384,276,2018-06-08,Standard Class,2018-06-13,35.168
9647,US-2018-107979,262,384,276,2018-06-08,Standard Class,2018-06-13,72.588
9648,CA-2015-150518,1126,597,623,2015-11-19,Standard Class,2015-11-24,221.16
9649,CA-2015-150518,540,597,623,2015-11-19,Standard Class,2015-11-24,281.97
9650,CA-2017-107104,1249,334,63,2017-11-26,Standard Class,2017-11-30,3406.664
9651,CA-2017-107104,1561,334,63,2017-11-26,Standard Class,2017-11-30,37.17
9652,CA-2017-107104,792,334,63,2017-11-26,Standard Class,2017-11-30,64.96
9653,CA-2017-107104,1072,334,63,2017-11-26,Standard Class,2017-11-30,595.38
9654,CA-2018-161893,1581,7,116,2018-01-23,Standard Class,2018-01-27,95.984
9655,CA-2018-161893,1264,7,116,2018-01-23,Standard Class,2018-01-27,4.938
9656,CA-2015-156160,1417,549,46,2015-09-22,Standard Class,2015-09-29,97.44
9657,CA-2015-156160,592,549,46,2015-09-22,Standard Class,2015-09-29,3.984
9658,CA-2015-156160,1732,549,46,2015-09-22,Standard Class,2015-09-29,13.04
9659,CA-2015-156160,1579,549,46,2015-09-22,Standard Class,2015-09-29,579.528
9660,CA-2015-100860,1551,474,282,2015-03-26,Second Class,2015-03-30,18.75
9661,CA-2017-160717,1462,468,537,2017-06-06,Standard Class,2017-06-11,3023.928
9662,CA-2017-160717,1557,468,537,2017-06-06,Standard Class,2017-06-11,26.96
9663,CA-2017-160717,257,468,537,2017-06-06,Standard Class,2017-06-11,477.6
9664,CA-2018-132619,558,475,10,2018-08-31,Standard Class,2018-09-05,193.95
9665,US-2016-120957,645,121,216,2016-12-07,Same Day,2016-12-07,12.96
9666,CA-2018-157448,893,63,14,2018-11-16,Standard Class,2018-11-20,119.94
9667,CA-2018-157448,1380,63,14,2018-11-16,Standard Class,2018-11-20,12.42
9668,CA-2017-126270,508,579,624,2017-04-23,Standard Class,2017-04-27,18.088
9669,CA-2017-126270,245,579,624,2017-04-23,Standard Class,2017-04-27,71.97
9670,CA-2018-145275,640,734,34,2018-04-02,Standard Class,2018-04-06,14.94
9671,CA-2016-133396,1176,137,307,2016-08-13,First Class,2016-08-15,64.68
9672,US-2018-140312,896,108,625,2018-11-13,Standard Class,2018-11-19,22.0
9673,CA-2017-114867,1232,87,106,2017-12-23,Standard Class,2017-12-28,7.968
9674,CA-2017-114867,1861,87,106,2017-12-23,Standard Class,2017-12-28,1499.97
9675,US-2015-164644,1292,140,15,2015-07-22,Second Class,2015-07-24,26.632
9676,CA-2017-137393,1164,422,410,2017-05-06,Standard Class,2017-05-10,41.6
9677,US-2015-120175,762,638,238,2015-11-28,Standard Class,2015-12-03,64.02
9678,CA-2017-144785,373,704,30,2017-04-18,Standard Class,2017-04-23,6.99
9679,CA-2017-144785,1840,704,30,2017-04-18,Standard Class,2017-04-23,6.84
9680,CA-2016-130113,766,693,35,2016-12-27,Standard Class,2016-12-31,323.1
9681,CA-2016-130113,919,693,35,2016-12-27,Standard Class,2016-12-31,668.16
9682,CA-2018-122770,1364,213,35,2018-12-13,Standard Class,2018-12-18,8.64
9683,CA-2018-122770,861,213,35,2018-12-13,Standard Class,2018-12-18,38.88
9684,CA-2018-122770,1002,213,35,2018-12-13,Standard Class,2018-12-18,201.04
9685,CA-2018-122770,1642,213,35,2018-12-13,Standard Class,2018-12-18,12.96
9686,CA-2018-118668,1351,784,4,2018-01-02,Second Class,2018-01-04,16.59
9687,CA-2018-116498,629,568,89,2018-05-30,Standard Class,2018-06-03,35.1
9688,US-2018-130603,626,338,175,2018-09-30,Standard Class,2018-10-06,11.646
9689,US-2018-135986,1484,39,196,2018-06-20,Standard Class,2018-06-27,32.4
9690,US-2018-135986,1420,39,196,2018-06-20,Standard Class,2018-06-27,503.96
9691,CA-2018-140536,825,639,46,2018-04-04,First Class,2018-04-05,7.04
9692,CA-2016-130183,790,139,17,2016-11-13,Standard Class,2016-11-17,613.9992
9693,CA-2016-107902,1355,417,70,2016-08-28,Standard Class,2016-09-02,470.36
9694,CA-2018-130148,1263,72,95,2018-09-24,Second Class,2018-09-28,31.08
9695,CA-2018-130148,504,72,95,2018-09-24,Second Class,2018-09-28,7.3
9696,US-2017-151260,10,282,158,2017-12-11,First Class,2017-12-14,73.536
9697,CA-2015-144281,509,97,152,2015-06-10,Second Class,2015-06-15,491.55
9698,CA-2017-122511,1184,390,12,2017-03-11,Same Day,2017-03-11,30.336
9699,CA-2018-154116,230,731,96,2018-12-15,Standard Class,2018-12-19,22.83
9700,CA-2018-154116,1826,731,96,2018-12-15,Standard Class,2018-12-19,54.32
9701,CA-2018-154116,1362,731,96,2018-12-15,Standard Class,2018-12-19,196.776
9702,CA-2017-105291,805,728,626,2017-10-30,Standard Class,2017-11-04,3.62
9703,CA-2018-147032,97,698,50,2018-07-31,Standard Class,2018-08-04,11.54
9704,CA-2018-147032,14,698,50,2018-07-31,Standard Class,2018-08-04,849.95
9705,CA-2018-147032,1813,698,50,2018-07-31,Standard Class,2018-08-04,11.01
9706,CA-2018-125990,730,560,35,2018-10-19,Standard Class,2018-10-23,39.624
9707,CA-2017-161746,1720,230,63,2017-10-21,Standard Class,2017-10-27,242.136
9708,CA-2017-161746,106,230,63,2017-10-21,Standard Class,2017-10-27,12.39
9709,CA-2017-161746,1612,230,63,2017-10-21,Standard Class,2017-10-27,19.96
9710,CA-2017-161746,419,230,63,2017-10-21,Standard Class,2017-10-27,340.92
9711,CA-2015-114251,1305,199,106,2015-11-05,Standard Class,2015-11-10,273.568
9712,CA-2015-114251,716,199,106,2015-11-05,Standard Class,2015-11-10,13.194
9713,CA-2015-114251,907,199,106,2015-11-05,Standard Class,2015-11-10,1080.096
9714,CA-2015-114251,554,199,106,2015-11-05,Standard Class,2015-11-10,51.56
9715,CA-2015-114251,1313,199,106,2015-11-05,Standard Class,2015-11-10,58.416
9716,CA-2017-116379,380,437,35,2017-11-07,Standard Class,2017-11-12,57.584
9717,US-2017-144477,1760,490,64,2017-08-12,Second Class,2017-08-14,37.312
9718,CA-2017-108210,126,248,17,2017-05-30,Same Day,2017-05-31,79.96
9719,CA-2017-108210,202,248,17,2017-05-30,Same Day,2017-05-31,223.96
9720,CA-2018-166835,943,590,208,2018-11-12,Second Class,2018-11-14,221.024
9721,CA-2017-119641,1463,295,157,2017-09-22,Standard Class,2017-09-26,18.96
9722,CA-2017-105781,1709,536,24,2017-02-16,Standard Class,2017-02-20,326.646
9723,CA-2017-105781,247,536,24,2017-02-16,Standard Class,2017-02-20,89.97
9724,CA-2015-101364,698,70,165,2015-12-22,Standard Class,2015-12-26,296.712
9725,CA-2016-117898,662,622,51,2016-12-05,Standard Class,2016-12-11,12.224
9726,CA-2018-142293,1017,619,480,2018-09-17,First Class,2018-09-20,89.97
9727,CA-2018-167395,1361,28,112,2018-12-02,First Class,2018-12-04,286.86
9728,CA-2018-167395,35,28,112,2018-12-02,First Class,2018-12-04,979.95
9729,CA-2018-167395,483,28,112,2018-12-02,First Class,2018-12-04,4.36
9730,CA-2015-111962,1376,433,61,2015-09-29,Standard Class,2015-10-04,10.048
9731,CA-2015-111962,766,433,61,2015-09-29,Standard Class,2015-10-04,807.75
9732,CA-2018-124261,1047,556,14,2018-11-14,Standard Class,2018-11-19,34.24
9733,CA-2015-114321,1465,715,497,2015-08-20,Standard Class,2015-08-25,500.24
9734,CA-2015-114321,1604,715,497,2015-08-20,Standard Class,2015-08-25,20.12
9735,CA-2015-114321,1177,715,497,2015-08-20,Standard Class,2015-08-25,896.99
9736,CA-2015-128062,1844,58,64,2015-11-19,Second Class,2015-11-22,5.88
9737,US-2016-100069,525,740,199,2016-06-29,Standard Class,2016-07-03,269.98
9738,CA-2018-129294,1450,630,4,2018-03-16,Standard Class,2018-03-21,310.12
9739,CA-2018-129294,909,630,4,2018-03-16,Standard Class,2018-03-21,70.464
9740,CA-2018-129294,1182,630,4,2018-03-16,Standard Class,2018-03-21,19.68
9741,CA-2018-129294,590,630,4,2018-03-16,Standard Class,2018-03-21,140.67
9742,CA-2016-117086,27,426,370,2016-11-08,Standard Class,2016-11-12,4404.9
9743,CA-2018-131303,301,213,89,2018-11-28,Standard Class,2018-12-02,62.65
9744,CA-2017-137127,1043,371,285,2017-06-16,Standard Class,2017-06-22,9.45
9745,CA-2018-141782,557,649,174,2018-01-21,Standard Class,2018-01-25,268.576
9746,CA-2018-137505,343,444,142,2018-11-24,Same Day,2018-11-24,364.08
9747,CA-2018-137505,973,444,142,2018-11-24,Same Day,2018-11-24,71.088
9748,US-2015-140914,1650,4,156,2015-11-11,Standard Class,2015-11-15,10.984
9749,US-2015-140914,464,4,156,2015-11-11,Standard Class,2015-11-15,797.944
9750,CA-2017-158358,429,614,355,2017-03-04,Standard Class,2017-03-08,159.98
9751,CA-2017-113390,1413,213,27,2017-10-11,Standard Class,2017-10-15,5.344
9752,CA-2017-113390,1176,213,27,2017-10-11,Standard Class,2017-10-15,27.72
9753,US-2017-158680,745,126,61,2017-07-01,First Class,2017-07-02,2.496
9754,CA-2018-113705,1571,49,196,2018-03-27,Second Class,2018-03-29,8.26
9755,CA-2018-113705,214,49,196,2018-03-27,Second Class,2018-03-29,17.76
9756,CA-2018-113705,1440,49,196,2018-03-27,Second Class,2018-03-29,332.94
9757,CA-2018-113705,278,49,196,2018-03-27,Second Class,2018-03-29,292.1
9758,CA-2018-113705,1784,49,196,2018-03-27,Second Class,2018-03-29,206.1
9759,CA-2018-113705,250,49,196,2018-03-27,Second Class,2018-03-29,17.64
9760,CA-2017-146913,1132,246,10,2017-10-31,Standard Class,2017-11-05,1403.92
9761,CA-2018-159135,1540,455,627,2018-11-04,Standard Class,2018-11-08,4.3
9762,CA-2015-121762,1106,505,6,2015-02-14,Standard Class,2015-02-18,239.97
9763,CA-2015-121762,1361,505,6,2015-02-14,Standard Class,2015-02-18,81.96
9764,CA-2015-121762,1421,505,6,2015-02-14,Standard Class,2015-02-18,238.62
9765,CA-2015-123855,140,499,2,2015-06-18,Standard Class,2015-06-23,139.8
9766,CA-2018-101959,1182,552,264,2018-02-28,Standard Class,2018-03-06,9.84
9767,CA-2018-101959,566,552,264,2018-02-28,Standard Class,2018-03-06,7.78
9768,CA-2018-102659,1046,561,437,2018-12-09,Standard Class,2018-12-15,54.9
9769,CA-2018-142328,1306,427,35,2018-12-07,Standard Class,2018-12-14,50.04
9770,CA-2017-123533,605,338,187,2017-11-24,Standard Class,2017-11-30,339.92
9771,CA-2017-123533,1129,338,187,2017-11-24,Standard Class,2017-11-30,10.528
9772,CA-2017-123533,1277,338,187,2017-11-24,Standard Class,2017-11-30,42.384
9773,CA-2017-104983,1091,525,106,2017-07-03,Same Day,2017-07-03,123.92
9774,CA-2017-160234,1624,419,149,2017-06-26,Standard Class,2017-07-03,135.95
9775,CA-2015-169019,317,167,66,2015-07-26,Standard Class,2015-07-30,2177.584
9776,CA-2015-169019,1475,167,66,2015-07-26,Standard Class,2015-07-30,17.496
9777,CA-2015-169019,302,167,66,2015-07-26,Standard Class,2015-07-30,16.784
9778,CA-2015-169019,334,167,66,2015-07-26,Standard Class,2015-07-30,431.136
9779,CA-2015-169019,214,167,66,2015-07-26,Standard Class,2015-07-30,8.88
9780,CA-2015-169019,1205,167,66,2015-07-26,Standard Class,2015-07-30,4.836
9781,CA-2017-153178,1286,53,255,2017-09-14,Standard Class,2017-09-18,437.85
9782,CA-2017-153178,1179,53,255,2017-09-14,Standard Class,2017-09-18,673.568
9783,CA-2016-149748,520,606,335,2016-05-31,Second Class,2016-06-02,274.8
9784,CA-2016-149748,822,606,335,2016-05-31,Second Class,2016-06-02,62.18
9785,CA-2016-149748,1380,606,335,2016-05-31,Second Class,2016-06-02,8.28
9786,CA-2016-155635,1527,251,176,2016-05-09,Standard Class,2016-05-13,48.81
9787,US-2015-114377,1145,768,497,2015-11-05,Same Day,2015-11-05,149.9
9788,CA-2018-144491,790,171,33,2018-03-27,Standard Class,2018-04-01,1023.332
9789,CA-2018-144491,121,171,33,2018-03-27,Standard Class,2018-04-01,600.558
9790,CA-2018-144491,649,171,33,2018-03-27,Standard Class,2018-04-01,39.992
9791,CA-2018-144491,1319,171,33,2018-03-27,Standard Class,2018-04-01,211.246
9792,CA-2015-127166,1041,348,33,2015-05-21,Second Class,2015-05-23,56.064
9793,CA-2015-127166,390,348,33,2015-05-21,Second Class,2015-05-23,107.772
9794,CA-2015-127166,671,348,33,2015-05-21,Second Class,2015-05-23,4.832
9795,CA-2015-127166,1000,348,33,2015-05-21,Second Class,2015-05-23,18.24
9796,CA-2017-125920,859,65,27,2017-05-21,Standard Class,2017-05-28,3.798
9797,CA-2016-128608,314,704,214,2016-01-12,Standard Class,2016-01-17,10.368
9798,CA-2016-128608,35,704,214,2016-01-12,Standard Class,2016-01-17,235.188
9799,CA-2016-128608,1354,704,214,2016-01-12,Standard Class,2016-01-17,26.376
9800,CA-2016-128608,1695,704,214,2016-01-12,Standard Class,2016-01-17,10.384
